text,category
"[속보] 李대통령, 7~11일 튀르키예·몽골 순방…나토 정상회의 참석 이재명 대통령은 7일부터 8일까지 튀르키예 앙카라에서 열리는 나토 정상회의에 참석하여 방산협력을 본격 추진할 계획이다. 이 대통령은 루터 사무총장과 첫 대면 면담을 갖고 한-나토 관계 현황을 점검할 예정이며, 일본, 호주, 뉴질랜드 등 인도·태평양 파트너국 대표들과 소인수회담을 갖는다. 이 대통령은 몽골 울란바타르로 이동해 국빈방문 일정을 시작하며, 후렐수흐 대통령과 정상회담, 협정·양해각서 교환식 및 공동언론발표를 예정하고 있다.",정치
"李대통령, 7∼11일 정상외교…나토회의 참석 후 몽골 국빈방문 이재명 대통령이 7일부터 11일에 걸쳐 튀르키예에서 열리는 나토 정상회의 참석 및 몽골 국빈방문 일정을 소화한다. 이 대통령은 우선 마르크 뤼터 나토 사무총장의 초청으로 앙카라에서 열리는 NATO 정상회의에 참석, 방산협력을 본격 추진할 것 이 대통령은 9일 몽골 울란바타르에 도착, 후렐수흐 대통령과 정상회담을 갖고 협정·MOU 교환식 및 공동언론발표를 통해 이번 정상회담 성과를 알리는 시간을 갖는다.",정치
"[단독]종합특검, ‘30일 3차 연장’ 국회에 요청···공소유지 변호사 ... 권창영 특별검사는 6일 서울 중구 법무법인 지평 사무실에서 취재진의 질문에 답하고 있다. 특검은 수사 기간을 추가로 30일 연장해달라고 요청하며, 인력난 해소를 위해 특검법 개정을 요구했다. 특검은 수사대상도 확대하여 '수사·감사·재판과 관련해 공무원 등이 수사 및 감사를 고의적으로 방해·지연·은폐·비호하거나 각 사건과 관련해 증거를 인멸하거나 인멸을 교사하는 행위를 했다는 의혹 사건'도 신설해달라고 요청했다.",정치
"與, 국회의원 워크숍 개최…한병도 ""李·文 만남, 후반기 국회 성과로 완... 한병도 더불어민주당 대표 직무대행 겸 원내대표가 22대 국회 후반기 국회의원 워크숍에서 민생 입법 완수를 강조했다. 두 대통령의 만남은 대한민국을 위한 공동 책임에 대한 비전으로, 후반기 국회가 성과로 완성해야 한다. 필리버스터·패스트트랙 제도 개선해 입법활동 할 것, 야당 상임위원장을 맡던 우리 부처에서 걱정이 많이들 있으시다고 한다.",정치
"김민석 ""총선 승리, 연속 집권이 가장 확실한 검찰개혁 담보"" 김민석 전 국무총리는 검찰개혁 완수의 필요성을 재확인 했다. 김 여사는 검찰을 소환한 꼴로 보도된 것에 대해 불가역적 검찰개혁이 필요하다고 말했다. 민주당은 총선 승리와 연속 집권으로 불가역적 검찰개혁의 담보를 만들겠다고 약속했다.",정치
"김민석 ""집권야당이어서 되겠나…난 총선·대선·지선 승리 이끈 유일한... 김민석 전 국무총리는 '집권 야당'을 사용해 여당의 지지층 단합과 확장을 강조했다. 김 전 총리는 이재명 정부 출범 후 민주당에 대해 '단합은 기본이고 확장은 필수다'고 말했다. 김 전 총리는 당 복귀 후 과제를 해결하기 위해 청년·문화·품격을 중점으로 하겠다고 밝혔다.",정치
"법사위, 국힘 불참 속 與주도 '반쪽' 출발…여당 간사 김승원 선출 국민의힘 의원들이 불참한 가운데 국회 법제사법위원회가 전체회의를 열어 여당 간사 선임 안과 법안심사소위원회 구성 건을 상정·의결했다. 서영교 법사위원장은 '하루라도 빨리 법사위를 정상 가동해 민생 법안들을 심사하고 처리하고자'며 '국민의힘 의원들이 참석하지 않은 것은 본인들의 책임을 방기하고 있는 것'이라며 비판했다. 법사위는 판사 출신 김승원 의원을 여당 간사로 선출해 100여개의 법안을 상정·의결하며, 개혁 입법과 민생 입법 등에 대해서는 매주 소위원회 회의와 전체회의를 운영하면서 통과시켜 내도록 하겠다.",정치
"송영길, '전북 소외론' 정청래·이원택에 ""집권여당 자세 아냐"" 송영길 의원은 이원택 전북지사를 향해 '올바른 자세가 아니'라고 비판, 정부 3대 메가 프로젝트에 대한 비판을 강조했다. 송 의원은 전북 소외론을 부정하고 대안을 제시하겠다고 밝혔다. 송 의원은 곧 당대표 출마 선언을 할 것임을 암시하며 잘 준비하겠다고 말했다.",정치
"김민석 ""민주당이 집권야당인가? 대대적 혁신해야"" 박성태: 민주당 내부 갈등을 해결하기 위해 총리와 원로들을 만나고, 메가 프로젝트의 성공을 위한 과제를 제기했다. 김민석: 모든 정치는 노선에 대한 치열한 토론과 논쟁을 통해 해결해야 되며, 후보 간의 문제 뿐만 아니라 민주진영 내에서 문제 제기하고 토론해야 될 주제를 제기하는 것이 중요하다. 박성태: 검찰의 보완수사권 폐지에 대한 우려를 표하며, 정부가 결론을 내고 나온 방향이 보완수사권 폐지가 아니라는 점을 강조했다.",정치
"홍준표, '호남 반도체 반대'에 ""경부고속도로 반대하던 야당의 모습"" 홍준표 전 대구시장은 호남 반도체 클러스터 조성에 대한 물과 전기 부족을 이유로 반대하는 것을 두고 과거 경부고속도로 건설을 반대하던 야당의 모습이라고 지적했다. 홍 전 시장은 인프라 부족 지역은 영원히 그대로 살라고 방치하는 건 국가가 할 일이 아니며, 대구는 이번 투자에서 소외된 건 유감이라고 했다. 홍 전 시장은 수도권과 영남을 중심으로 발전해온 한국사회를 호남지역까지 확장시키는 건 새로운 도약의 기회가 될 수도 있다고 말했다.",IT/과학|정치
"민주당 오늘 의원 워크숍…정청래·김민석·송영길 당권주자 총출동 더불어민주당이 22대 후반기 국회 대비 워크숍을 개최, 김민석·송영길·정청래 등 당권 주자들도 참석 워크숍에서는 후반기 국회 운영 기조 및 운영방안, 이재명 정부 집권 2년차 주요 입법과제를 설명할 계획 김민석 전 총리, 송영길 의원, 정청래 전 대표 등 당대표 후보들은 각자의 메시지를 강조하며 경쟁 할 것으로 예상된다",정치
"[단독] 인천 계양구의원, 워크숍서 구의회 사무국장 '무차별 폭행' 계양구의회 의원이 공무원을 무차별 폭행해 실신시킨 사건이 발생했다. 여 의원은 A씨를 발로 밀치고 주먹으로 얼굴 부위를 수차례 때렸다. A씨는 전치 2주 진단을 받았으며, 조만간 여 의원을 경찰에 고소할 예정이라고 말했다.",사회/세계
"천하람 ""선관위-정당 '외유성 해외연수 카르텔'…내역 공개하라"" 천하람 개혁신당 의원은 '외유성 해외연수 카르텔'을 주장하며, 2024년 전액 삭감됐던 정당 관계자 외국 연수 예산이 정권 교체 뒤 국회 예산 심의 과정에서 8000만원 규모로 되살아났다고 말했다. 천 의원은 '외국 정당·정치제도 연수'라는 사업을 주장하며, 이 사업은 10년 넘게 관행처럼 실시하던 것임을 강조했다. 천 의원은 선관위와 정당 관계자들을 향해 '정당 당직자들에게 세금으로 선심 쓰고, 내부 직원들에게 꿀연수 혜택 주려고 국회와 야합해 되살려낸 올해 예산 8000만 원을 집행 중단하고 전액 반납하라'며 요구했다.",정치
"인권위, 정동영 장관에 ""'북향민' 명칭 변경 절차적 정당성 갖춰야"" 인권위원회는 북한이탈주민 명칭 변경에 있어 절차적 정당성을 갖춰 추진할 것을 권고했다. 북한이탈주민들은 '북향민' 명칭 변경에 대한 의견을 수렴하지 못하고 강행된 것에 항의하며 인권위는 정부가 북한이탈주민의 의사를 향후 반영할 필요가 있다고 지적했다. 인권위원회는 통일부의 명칭 변경 정책 추진 방식에 대해 북한이탈주민의 의견을 충분히 수렴하지 못하고 있는 점을 지적하며 정부가 북한이탈주민의 의사를 향후 반영할 필요가 있다고 권고했다.",정치
"[속보] 방산외교 나선 李…나토 정상회의 첫 참석 이재명 대통령은 다음주 튀르키예 앙카라에서 열리는 나토 정상회의에 참석하여 방산 외교를 펼칠 계획이다. 이 대통령은 몽골을 방문하여 한반도 평화 구축과 광물 협력을 논의할 예정이며, 북한과의 대화를 재개하기 위한 실현가능한 길을 모색해 나가고자 한다. 나토와 방산 협력 추진으로 세계 최대 규모 나토 방산시장 진출과 견고한 방산 공급망 구축을 위한 발판을 마련하겠다.",정치
"""북한 짓이라고?"" 깜짝…무려 1조 원 털어갔다 북한 연계 해킹 조직이 올해 상반기 전 세계 가상자산 해킹 피해액의 66%를 차지했다. 보고서는 지난 4월 탈중앙화 금융 플랫폼 '드리프트'와 '켈프DAO'에서 발생한 해킹 사건을 북한 연계 조직의 소행으로 판단했다. 북한의 실제 암호화폐 관련 수익은 이보다 훨씬 클 가능성이 있다.",경제
"북한, 상반기에만 코인 1조원 털었다 북한이 올해 상반기 전 세계 가상자산 해킹 피해액의 66%를 차지, 약 1조원을 탈취했다. TRM랩스는 북한 해커 조직의 위협이 갈수록 커지고 있으며, 공격 방식이 자산 관리 시스템과 인증 정보, 서명 체계 등 운영 인프라를 겨냥하는 방식으로 진화하고 있다고 분석했다. 북한의 가상자산 탈취 규모는 해마다 늘고 있다. 지난해에는 20억2000만 달러로 증가했으며, 최근 3년간 누적 피해액은 67억5000만 달러(약 10조원)에 달한다.",경제
"법무부, 與 '보완수사권 폐지' 법안에 檢의견 취합…6일까지 법무부가 여권 형사소송법 개정안에 대한 검찰의 의견을 요청했다. 개정안은 보완수사권을 전면 폐지하고 수사 주체를 사법경찰관으로 일원화하는 내용이다. 검사가 '보완수사요구권'을 행사할 때 경찰에 요청할 사항을 구체적으로 밝히도록 하는 법안도 발의됐다.",정치
[법안 톺아보기] ‘상원 노릇’ 하는 법사위…“맨날 싸울 거면 차라리... 대한민국 국회에서 법사위가 막강한 권한을 행사하여 여야 대립이 심화되고 있다. 민주당 의원 김남근과 국민의힘 의원 신동욱은 각각 법안을 발의하여 법사위를 기능에 따라 분리하는 것을 골자로 한다. 법사위가 체계·자구 심사권을 내려놓지 않는 이상 여야 대치로 국회 원 구성이 늦어지는 일은 앞으로도 반복될 것으로 예상된다.,정치
"청와대, 미 하원 쿠팡보고서에 ""쿠팡 일방적 주장 반영‥국적 따라 차별... 청와대는 쿠팡 등 미국 기업을 차별적으로 대우하지 않는다고 반박했다. 국적에 따라 기업활동을 차별적으로 대우하거나, 누구를 표적화해 조사하지 않는다 쿠팡의 개인정보 유출 증거 장비를 중국에서 회수한 것은 사실이 아니라고 밝혔다.",사회/세계
"""한국, 쿠팡 표적삼아"" 백악관 우려에 청와대 ""미국인 66% 개인정보 중국... 청와대는 쿠팡 개인정보 유출에 대한 조사는 국내법상 적법절차에 따라 비차별적으로 이뤄지고 있다고 밝혔다. 위성락 국가안보실장은 쿠팡이 해킹 피의자의 IT 장비를 중국에서 회수한 과정을 '국가정보원 주도 작전'으로 규정하는 보고서 내용은 사실과 크게 다르다고 지적했다. 청와대는 쿠팡 쪽 관계자가 회수한 것을 사전에 알고 있었다거나, 지시하거나 관여한 바 없다며 '(법사위) 보고서에 기반해 그런 입장을 낸 것 같다'고 밝혔다.",정치
"백악관 ""한국 정부가 쿠팡 표적삼아…깊이 우려"" 트럼프 행정부는 한국 정부가 미국 기술기업들을 차별적으로 표적으로 삼는 상황을 깊이 우려하고 있다. 미 백악관은 불공정 무역 관행을 용납하지 않을 것이라고 밝혔다. 한국 외교부는 해당 보고서에 대해 쿠팡 측의 주장만을 일방적으로 반영하고 있어서 사실과 다르다고 주장했다.",사회/세계
"정부, 홈플러스 중소 협력업체에 4400억+α 유동성 지원 정부는 홈플러스 회생절차 폐지에 따른 민생경제 파급 영향을 최소화하기 위해 근로자와 중소 협력업체 보호에 중점을 두고 대응해 나가기로 했다. 임금체불 피해 근로자를 대상으로 1인당 최대 2100만원까지 체불 임금 대지급금을 지급하고, 저금리로 생계비를 지원한다. 중소 협력업체에는 소상공인시장진흥공단·중소벤처기업진흥공단 긴급경영안정자금 900억원, 신용보증기금·기술보증기금 특례보증 3500억원 등 총 4400억원 규모의 긴급 유동성을 지원한다.",경제
"신천지 소속 교도관이 수감 중 이만희 관리?…법무장관, 감찰 지시 이만희 신천지 총회장이 구속 전 피의자 심문에 출석하고 있다. 정 장관은 '철저한 감찰과 수감시설 긴급 점검에 착수해 법적, 행정적 책임을 묻겠다'고 강조했다. 유사한 일의 반복을 막기 위해 향후 사회적 영향력이 큰 수용자가 교정시설 내부에 부당한 영향력을 행사하거나 외부와 결탁하는 일을 제도적으로 차단할 개선책도 마련하겠다.",사회/세계|정치
"기후장관 ""추가 원전 검토해야…영광·울주 2기씩 부지"" 김성환 기후에너지환경부 장관이 반도체 클러스터와 AI 데이터센터 전력 수요에 대응하기 위해 추가 원전 건설 여부를 조속히 검토해야 한다고 밝혔다. 용인과 호남에 현재까지 들어서는 반도체 공장만 해도 1.4기가와트짜리 원전 15개 정도가 들어가야 양쪽 반도체를 감당할 수 있는 수요 AI 데이터센터 전기요금에 대해서는 '현재는 산업용 전기요금이 아니라 일반용 전기요금 체계에 묶여 있다'며 '해외에서 한국으로 AI 데이터센터를 짓고자 하는 분들에게 세일즈를 하려면 전용요금제를 신설하려고 한다'",IT/과학|정치
"[단독] 지방선거 개표 입력 오류 2곳 추가 파악‥'총 10곳'으로 늘어 중앙선거관리위원회가 6·3 지방선거에서 개표 결과를 잘못 입력한 사례가 10곳에 이르게 됐습니다. 경기 동두천시와 양평군에서도 개표 입력 오류 사례가 있었던 것으로 파악됐습니다. 선관위는 시스템을 수정할 계획으로, 선거 소청이 제기된 지역에서는 관련 소청이 끝난 뒤 수정할 예정입니다.",정치
"김민석 ""李대통령, 지방선거 결과에 표정관리 안될 정도"" 김민석 전 총리는 더불어민주당의 1년에 대한 평가를 '아쉬움'으로 내렸다. 그는 정청래 전 대표가 이끈 민주당의 지난 1년에 대해 혁신이 필요하다고 강조했다. 김 전 총리는 자신의 당권 경쟁자인 정 전 대표와 송영길 의원에 대해 견제하며 '현재 당내에서 총선, 대선, 지선을 다 직접 총괄·지휘해보고 승리까지 이끌어 본 유일한 사람'이라고 말했다.",정치
"'공천헌금 의혹' 건진법사 1심 무죄…""정치자금 해당 안 돼"" 건진법사 전성배씨가 2018년 자유한국당 영천시장 후보 공천 대가로 1억원을 수수한 혐의에 대해 무죄를 선고받았다. 서울남부지법 형사9단독 고소영 판사는 '정치자금에 해당한다고 볼 수 없다'며 무죄를 선고했다. 전씨는 제7회 전국동시지방선거를 앞둔 2018년 1월 국민의힘 전신인 자유한국당에서 경북 영천시장 공천을 받게 해주겠다며 한 후보자로부터 '기도비' 명목으로 불법 자금 1억여원을 받은 혐의 등을 받는다.",정치
"""미 공군 소령, 의회 계단서 '트럼프 탄핵' 주장 뒤 체포"" 미국 연방의회 의사당 현역 미국 공군 소령 제이슨 왓슨이 트럼프 대통령 탄핵 주장, 체포됨. 왓슨 소령은 트럼프 대통령과 JD 밴스 부통령의 탄핵소추를 요구하며, 대규모 불법 이민자 추방 작전 등도 위법 사례로 꼽음. 의회 경찰은 왓슨 소령을 '군중 형성, 통행 방해, 불편 초래' 등의 혐의로 체포했으며, 민주당 소속 앨 그린 의원과 동행한 후 체포됨.",사회/세계
"국힘 ""선관위 확실히 개혁해내야…위철환 탄핵 포함 끝까지 책임 묻겠다... 위원 전원 유임을 요구하는 선관위의 대응방안 국민의힘은 야당 추천 특검을 비롯한 모든 수단을 적극 추진하고, 위 직무대행에 대한 탄핵을 포함해 이번 사태 책임자들에게 정치적·법적 책임을 끝까지 묻겠다 -",정치
"""스벅도 영업정지 안 당했는데""…배재고 중징계에 정치권 시끌 배재고 야구부가 '스타벅스 가야지' 구호를 외치며 5·18 민주화운동을 조롱한 것에 대한 전국대회 출전정지 6개월의 중징계가 내려졌다. 국민의힘 의원들은 이 징계가 과도하고 절차적, 실질적 정당성을 갖기 어렵다고 비판하며, 교육부 장관과 정치인들이 일제히 나서서 배재고 선수들을 마녀사냥 한다고 주장했다. 대한야구소프트볼협회는 긴급 스포츠공정위원회를 열어 징계 여부를 심의하고 있으며, 팀 징계와 별도로 지도자와 선수 징계는 심사숙고가 필요하다고 판단해 대상자를 특정하고 있다.",정치
"野 “배재고 출전정지 철회해야”… 정치권으로 번진 ‘응원 논란’ 배재고 야구부가 '스타벅스 응원' 논란으로 6개월 대회 출전정지 징계를 받았다. 야권은 '과도한 조치'라며 재검토를 요구하고, '어린 청소년들의 꿈을 꺾는 과도한 징계나 비난은 자제해 달라'고 말했다. 대한야구소프트볼협회가 배재고 야구부에 6개월 대회 출전정지 징계를 내렸으며, 야권은 이를 '과도한 조치'라며 재검토를 요구하고 있다.",문화/트렌드
"카카오뱅크, 월급 넣으면 5%p 우대금리…'1+1' 혜택도 카카오뱅크는 연말까지 '월급 넣고 혜택 받기' 이벤트를 진행, 월 1회 50만원 이상 입금하면 우대금리 쿠폰을 제공합니다. 이벤트 기간 동안 카카오뱅크 앱 '혜택' 탭 내에서 '쿠폰 받기' 버튼을 눌러 참여할 수 있습니다. 또한 매월 25일 '월급 1+1' 이벤트도 함께 진행, 직전 한 달 동안 50만원 이상 입금한 고객 중 추첨을 통해 총 10명에게 200만원을 지급합니다.",라이프|경제
"李대통령, 튀르키예로 출발…유럽 방산외교 스타트 이재명 대통령 부부가 나토 정상회의 참석과 몽골 국빈 방문을 위해 튀르키예를 출국했다. 이번 일정은 마르크 뤼터 나토 사무총장의 초청으로 성사된 것으로, 취임 후 첫 나토 정상회의 참석이기도 하다. 이 대통령은 튀르키예에서 나토 방위산업포럼에 참석하고, '공동의 가치, 더욱 강한 산업기반'을 주제로 한 세션에서 기조발언을 한다.",정치
"이 대통령, 튀르키예로 출국…닷새 간 나토·몽골 순방 이재명 대통령과 김혜경 여사는 7일 튀르키예 앙카라로 나토 정상회의 참석을 위해 출국했다. 이 대통령은 나토에서 주관하는 방산포럼에 참석해 '공동의 가치, 더욱 강한 산업 기반'을 주제로 기조발언을 하고, 8일에는 주요 방산 수요국들과 연달아 양자회담을 할 예정이다. 이 대통령은 이번 순방에서 세계 평화와 안보를 위한 대한민국의 역할을 더욱 넓혀가려 한다.",정치
"[오늘의 국회일정] (7일, 화) 국회-국회의장에서 14:00에 법무부 장관 접견하고, 한성숙 국무총리 접견을 계획합니다. 의원실 세미나에서는 AI 시대 올바른 기후 ·에너지 정책, K-GX시대 탄소중립을 위한 경제구조개혁 등을 토론했습니다. 국회관광산업포럼 제6차 관광정책세미나에서는 미국 독립선언 250주년과 한국의 자유민주주의를 기념했습니다.",정치
"김민석·정청래, '메가 프로젝트' 선점전…국회서 잇단 토론회 김민석 전 국무총리는 7일 정부의 3대 메가프로젝트와 관련된 국회 토론회를 열어 국정을 뒷받침할 여당 주자 이미지를 부각하는 가운데 정청래 전 대표도 다음날 서남권 반도체 클러스터를 주제로 한 토론회를 개최한다. 정 전 대표는 이날 페이스북에서 민형배 전남광주특별시장이 '광주 군공항 부지에 호남권 반도체 클러스터 조성이 확정된 것을 환영한다'는 취지로 입장을 낸 것을 거론하며 '당정청과 지방정부가 원팀으로 협력지원하고 메가특구에 필요한 입법도 당이 속전속결로 처리하겠다.'라고 말했다. 정부의 3대 메가프로젝트는 여당에선 누가 됐든 잘 뒷받침해야 한다. 특정인의 이슈가 될 수 있는 게 아니다",정치
"알제리 총선 투표율 21.2% 역대 최저…여당 제1당 유지 알제리 총선에서 21.2%의 유권자가 투표에 참여해 역대 최저 투표율을 기록했다. 민족해방전선(FLN)이 제1당의 지위를 유지했지만, 의석이 8석 줄었다. 압델마지드 테분 대통령을 지지하는 미래 전선은 여권 3개 정당의 합산 의석수가 과반에 달했다.",정치
"김민석 ""총선 패배의 늪 빠질 수 있어…당대표 교체 결단 내려달라"" 김민석 전 국무총리는 민주당의 혁신을 이뤄내는 것이 이재명 정부 성공의 최우선과제라며 당대표 출마를 공식 선언했다. 민주당은 지난 1년, 대통령과 정부에 대한 국정지지를 정당지지와 선거결과로 연결시키지 못해 자기정치의 폐해가 당과 당정협력을 혼선에 빠뜨렸다. 김 전 총리는 대대적인 대통합 플랜을 추가하겠다는 구상도 밝혔다. 그는 이재명 대표 시절의 유능한 민주당, 강한 민주당, 이기는 민주당을 복원해야 한다고 말했다.",정치
"김민석, 與당권 레이스 스타트‥""자기 정치로 당정 혼선"" 정조준 김민석 전 국무총리가 더불어민주당 당대표 출마를 공식화했습니다. 김 전 총리는 이재명 정부의 성공을 위해선 민주당의 혁신이 먼저 이뤄져야 한다고 강조했습니다. 정청래 전 대표는 SNS에 글을 올려 '네거티브를 하지 않겠다', '동지의 언어만 쓰겠다'고 역공에 나섰습니다.",정치
"'당대표 출마' 김민석 ""그간 집권야당 같았단 지적, 깊이 성찰해야"" 김민석 전 국무총리가 더불어민주당 대표 선거 출마 선언을 했다. 김 전 총리는 '여당다운 여당'을 강조하며, 당정 협력을 우선에 두고 국민 눈높이에 맞추는 자세를 강조했다. 김 전 총리는 4번의 연속 토론회를 제안하고, 민주당 내의 갈라치기와 멸칭 현상을 비판하며, 혁신을 예고했다.",정치
"이 <b>대통령</b>, 나토 정상회의 참석차 튀르키예로 출국 한국은 2023년 6월 15일부터 30일까지 15일간의 연휴를 맞이하게 된다. 연휴 기간 동안 주요 행정 업무는 중단되나, 긴급한 경우에는 예외적으로 업무를 수행할 수 있다. 정부는 연휴 기간 동안 안전을 최우선으로 하며, 국민들에게 안전을 지키라는 경고를 내린다.",정치
"금융위, 중저신용자 대상 <b>금리</b> 인하·자금공급 확대 모색 한국은 2025년까지 10%의 GDP 성장을 목표로 하며, 2030년까지는 15%의 성장을 계획하고 있다. 이러한 성장 계획을 달성하기 위해 정부는 인프라 개발과 산업 육성을 강조하고 있다. 또한, 정부는 일자리 창출과 소득 격차 해소를 위한 정책을 추진할 계획이다.",경제
"태풍에 中 남부 물난리…""20년 만 가장 심각한 홍수"" 기사 읽어주기 서비스는 크롬기반의 브라우저에서만 사용할 수 있습니다. 공유하기 글자크기 브라우저가 video 태그를 지원하지 않습니다. 다른 브라우저를 사용하여 주십시오.",사회/세계
"이 <b>대통령</b>, 튀르키예 출국해 '방산외교' 시작…트럼프도 만날까 이재명 대통령은 오늘(7일) 튀르키예 앙카라로 출국, 나토 정상회의 참석과 몽골 국빈 방문을 위해 떠나는 것임. 이 대통령은 '전쟁의 폐허를 딛고 나라를 지키기 위해 흘린 수많은 땀방울이 오늘날 세계가 인정하는 경쟁력이 됐다는 것이 참으로 자랑스럽다'며 자부심을 안겨드릴 계획임. 이번 일정은 북대서양조약기구(NATO·나토) 정상회의 참석과 몽골 국빈 방문을 위해 출국하는 것임.",정치
"이 <b>대통령</b> &quot;캐나다 잠수함, 기대한 결과 아니지만 우리 저력 보여줘&quot; 이 대통령은 캐나다 잠수함 사업 경쟁에서 기대했던 결과를 얻지 못했지만, 우리 저력을 세계에 다시 한번 분명히 보여주었다고 평가했습니다. 대한민국 방위산업은 새로운 성장동력으로 자리매김하고 있으며, 중요的是 멈춰 서지 않고 꾸준히 앞으로 나아가는 것 이 대통령은 정부가 할 수 있는 모든 것을 다하겠다며, 우리 잠수함이 세계 바다의 평화와 안전을 수호하게 될 그날을 위해 도전할 것",정치
"加잠수함 아쉬움 털고…李<b>대통령</b>, 나토서 방산외교 재시동(종합) 이 대통령은 나토 정상회의 참석을 위해 튀르키예로 출국해 방산 협력을 본격 추진할 것으로 예상된다. 이 대통령은 이날부터 2일간 튀르키예 앙카라에서 열리는 나토 정상회의 참석 일정을 소화하고, 방산·안보 협력 확대를 모색하는 데 초점이 맞춰졌다. 이 대통령은 방산 협력 수요가 있는 국가들을 중심으로 양자 회담을 조율하고, 방산 협력 확대 방안을 논의할 것으로 관측된다.",정치
"“주식 보며 스트레스, 이제 그만”…기본<b>금리</b> 연 4%대 ‘따박따박’ 예... 저축은행들이 '자금 이탈 방어'를 위해 고육책을 꺼내 든 것 같다. 저축은행 예금 금리는 지난해 11월 연 2.69%까지 하락한 후 12월에 상승 전환한 뒤 오름세를 지속하고 있다. 퇴직연금 정기예금 상품은 통상 일반 정기예금보다 0.1∼0.2%포인트 높은 금리를 제공한다.",경제
"李대통령, 加 잠수함 수주 무산에 ""우리 저력 보여줬다"" 이재명 대통령은 캐나다 잠수함 사업 수주 무산에 대해 '우리 저력을 국제사회에 다시 한 번 분명히 보여주었다'고 말했다. 이 대통령은 방위산업을 세계가 주목하는 새로운 성장동력이자 국가 경쟁력의 핵심 산업으로 자리매김하고 있다고 평가했다. 이 대통령은 대한민국 방위산업을 세계적인 수준으로 성장시키며 'K-방산'의 위상을 높여 오신 모든 종사자 여러분께 깊은 감사와 존경을 전한다고 말했다.",정치
"李, 나토·몽골 순방 출국…유럽서 'K방산 세일즈' 이재명 대통령은 튀르키예 앙카라로 출국, 나토 정상회의 데뷔전방산 포럼에서 K방산 세일즈 미래전 기술 습득 등 기반 마련도 나토는 세계 국방비의 55%를 차지하는 전통적인 최대 방산 시장으로 방산 외교 의지를 드러냈다. 이 대통령은 방산 협력을 위한 양자, 다자 외교 일정도 소화하며 나토와 인태 파트너 회담을 개최할 계획이다.",정치
저축은행 예금금리 연 4% 육박 저축은행 정기 예금 평균 금리가 연 4%선에 접근하고 있다. 1년 만기 정기예금 평균 금리는 연 3.90%로 집계됐다. 저축은행 예금 금리는 작년 11월보다 오름세를 이어가고 있다.,경제
"금리 상승 기조에… 시중은행 예금 年 3%대, 저축은행은 4%대 7월 금통위서 기준금리 인상 가능성시 중 금리가 오르면서 은행 예금 금리가 3% 후반대로 상승했다. 은행권이 고객 이탈을 막기 위해 금리를 높이고 있다는 분석이 나온다. 금융통화위원회가 기준금리를 올리면 시차를 두고 금융권의 여·수신 금리가 오를 가능성이 크다.",경제
"외환시장 24시간 거래 첫날 오전 6시 환율 1,530원 코스피가 7,800선 아래로 하락 출발해 1.64% 내린 7,919.20으로 시작했다. 원/달러 환율은 큰 변동 없이 1,530원대에서 거래됐다. 국내 외환시장은 24시간 가동 체제에 돌입해 주말과 1월 1일을 제외하고 모든 날짜에 24시간 원/달러 거래가 가능하다.",경제
"새벽 6시 개장… 저가 매수세 유입에 환율 1530원대 등락 국내 외환시장이 24시간 체제 가동으로 전환됐으며, 실시간 환율 대응이 가능해져 외환 거래 공백이 해소되고, 해외 투자자의 접근성이 확대됨에 따라 원화의 위상이 높아질 수 있다. 24시간 개장 첫날인 이날 환율은 오전 6시 1527.60원으로 출발해 오후 7시까지 1530원대에서 등락을 이어갔다. 정부와 금융권은 국내외 투자자들의 편의성이 한층 높아지고 환차손 위험이 사라지면서 수출입 기업 경쟁력이 강화돼 환율도 안정되는 효과를 기대하고 있다.",경제
"LG 엑사원, 코스콤 손잡고 '한국 주식시장 예측 AI 서비스' 선보여 LG전자와 코스콤이 AI 기반 한국 주식시장 예측·분석 서비스 구축에 나선다. LG AI연구원과 코스콤은 7일 서울 여의도 코스콤 본사에서 'AI 기반 한국 금융 데이터 분석 서비스 제공을 위한 전략적 업무협약'을 체결했다. 양사는 LG AI연구원의 금융 특화 AI 에이전트 '엑사원 BI(EXAONE Business Intelligence)'에 코스콤이 보유한 국내 금융 데이터를 결합해 한국 주식시장에 특화된 AI 예측·분석 서비스를 구축한다.",IT/과학
"AI주 반등에 뉴욕증시 일제히 상승…다우 53,000 첫 돌파(종합) 뉴욕증시가 인공지능(AI) 관련 반도체 업종의 반등에 일제히 상승 마감했다. 브로드컴·AMD 등 AI 관련 반도체株가 급등했고, 삼성전자 실적·하이닉스 ADR 상장 기대감도 투자 심리를 자극했다. FOMC 의사록 주목으로 시장은 오는 8일 공개되는 연방공개시장위원회(FOMC) 6월 회의 의사록을 주목하고 있다.",경제|IT/과학
"코스피, 8%대 급락에 사이드카 이어 서킷브레이커(종합) 코스피가 7,919.20으로 출발해 하락세를 키우고 있으며, 삼전 9%·하이닉스 10% 급락 중이다. 서킷브레이커가 발동되어 유가증권시장의 매매거래를 20분간 중단했다. 삼성전자(-9.75%)와 SK하이닉스(-10.58%)는 큰 폭 하락 중이며, 개인은 지수 하방을 지탱하고 있다.",경제
반도체 호조에 1분기 기업 여윳돈 20.8조 '사상 최대' 가계 여윳돈이 79.2조원으로 역대 최대 규모를 기록했다. 기업의 여윳돈은 반도체 수출 덕에 20조8000억원으로 역대 최고 수준이다. 명목 GDP 대비 가계부채 비율은 85.3%로 전분기보다 2.9%포인트 하락했다.,경제|IT/과학
"할리우드 반발 부른 AI배우, 장편영화 주연 꿰찼다 T일리 노우드가 주연으로 출연하는 코미디 영화 '미스얼라인드'가 제작된다. 이 영화는 AI 기반 콘텐츠 스튜디오인 파티클6의 첫 장편 AI 영화로, 하이브리드 방식으로 제작되고 있다. 틸리는 초현실적인 디지털 세계에서 실제 몸도 없지만, 타인의 모든 경험에 접근할 수 있는 AI 존재를 연기하게 된다.",IT/과학
"李대통령 튀르키예 향발…나토 정상회의 참석해 K-방산 세일즈 이재명 대통령이 튀르키예에서 열리는 나토 정상회의에 참석하여 방산 포럼에서 기조 발언을 할 예정이다. 나토는 이번 정상회의에서 신규 방위산업 계약을 발표할 예정으로, 이 대통령은 'K-방산' 세일즈를 강조할 계획이다. 이 대통령은 나토 정상회의를 계기로 유럽 정상들과 기업들을 상대로 우리 방산의 우수성을 홍보하고 몽골을 국빈 방문할 예정이다.",정치
"5.8~14.5% 벌어진 중저신용자 금리…금융위 ""단층 해소"" 시동 금융위원회는 포용금융 확대를 위한 제도 개편에 착수해 중저신용자 대출을 늘리고 금리를 낮추는 방안을 추진한다. 중저신용자의 평균 신용대출 금리는 7.9%로, 업권별로는 5.8~14.5%까지 큰 차이를 보이고 있다. 금융당국은 중저신용자 금리 인하를 위한 추가 방안도 마련하기로 했다.",경제
"중저신용자 금리 단층 없앤다…은행·2금융 협업 검토 금융위원회는 포용금융 전략 추진단 금융산업분과 킥오프회의를 개최해 중저신용자의 금융접근성 개선을 위해 금리 인하와 자금공급 확대 방안을 모색합니다. 금융산업분과는 구축 등 주제로 산하 소분과를 운영하여 중저신용자 공급확대 및 금리단층 해소, 금융회사 건전성 규제 합리화 등을 논의할 계획입니다. 포용금융 유인 제고를 위해 과도하게 경직적인 규정을 합리화하고 전 업권의 건전성 규제 합리화 방안을 검토하여 지속 가능한 포용금융 추진을 목표로 합니다.",경제
"24시간 돌아가기 시작한 외환시장…""환율 영향은 더 지켜봐야"" 외환시장이 24시간 운영되자 원·달러 환율에 영향을 미칠지 확인하려면 시간이 걸릴 전망이다. 정부가 외환위기 이후 약 30년 만에 원화 거래 제한을 푼 것은 환율 변동성을 낮추기 위해서다. 플레이어들이 늘어나고 거래량도 많아져야 시장이 좀 안정되지 않을까 생각하고 있다.",경제
"원·달러 환율, 24시간 거래 첫날 1530.0원(오전 6시) 외환시장 거래 시간이 24시간으로 연장된 첫날 원·달러 환율은 1530원대에서 거래되고 있다. 코스피는 전장보다 98.48포인트 오른 8,186.82에, 코스닥지수는 2.01포인트 내린 866.40에 장을 시작했다. 국내 외환시장은 전날 6시부터 24시간 거래 체제로 돌입해 11일 오전 6시까지 중단 없이 운영된다.",경제
"LG AI연구원, 韓 주가 예측 AI 서비스 선보인다 LG AI연구원과 코스콤이 국내 주식 시장에 특화된 인공지능(AI) 예측·분석 서비스를 선보인다. 엑사원 BI는 다수의 AI 에이전트가 협업해 데이터 분석·추론·예측·설명 생성을 수행, 복잡한 의사 결정을 지원하는 금융 특화 AI다. LG AI연구원과 코스콤은 국내외 고객에게 국내 주식 시장에 특화된 AI 예측·분석 서비스를 제공할 계획이다.",IT/과학|경제
"네이버-KAI, 국산 AI로 전투기·무인기 '두뇌' 만든다 N이버와 KAI가 국내 독자 기술을 기반으로 방산 특화 인공지능(AI) 모델 개발 및 피지컬 AI 기반 미래전투체계 플랫폼 개발을 공동 추진하기로 했다. 3사는 이번 협력을 통해 외산 기술에 의존하지 않고 국내 국방·안보 환경에 최적화된 독자적 소버린 AI를 구현해 국방 기술 자립을 이루는 계기로 삼겠다는 목표다. N이버와 KAI가 ‘항공우주·방산 AI분야 협력’을 위한 전략적 업무협약을 체결했다.",IT/과학
"[단독]국토부, 반도체 산단 예정지 '광주 군공항' 인근 토허제 검토 정부는 6일 광주 군공항 부지에 호남권 반도체 산업단지를 조성하기로 결정했다. 국토부는 해당 지역의 토지거래허가구역 지정 검토를 시작해 인근 부동산 가격이 과도하게 상승할 수 있다는 판단이 작용한 것으로 풀이된다. 호남권 반도체 클러스터 계획 발표 이후 가격변동은 오는 9일 발표될 한국부동산원 통계부터 본격 반영될 전망이다.",경제|IT/과학
"광주 군공항 터에 반도체 산단 짓는다 이재명 대통령은 '3대 메가' 발표 1주만에 호남 반도체 산업단지를 전남 광주통합특별시 광산구 군 공항 부지에 조성하기로 결정했다. 기업들은 호남권 입지 후보지 중에 광주 군 공항이 가장 적합한 부지라는 의견을 제시했으며, 이 대통령은 속도전을 강조해 정부가 할 수 있는 최대치를 하겠다고 약속했다. 이 대통령은 환경영향평가 간소화, 토지취득 과정에서 협의 취득과 강제수용 병행 추진을 통한 시간 단축 등을 제시해 신속한 투자 지원을 약속했다.",경제|IT/과학
"AI배우가 장편영화 주연으로…틸리 노우드, '미스얼라인드' 출연 TILLY NOUD의 새로운 영화 '미스얼라인드'에서 주연을 맡게 되었다. 이 영화는 AI 인물 TILLY가 악성 봇 때문에 욕망과 충동을 키우게 되면서 겪는 일들을 그린다. 이 영화는 컴퓨터그래픽(CG) 캐릭터들도 연출할 수 있는 새로운 방식으로 배우를 대체할 것이라며 논란을 불러일으켰다.",문화/트렌드
"""배우 아니다"" 비판받던 AI…장편영화 주연 꿰찼다 T일리 노우드가 주연을 맡은 코미디 영화 '미스얼라인드'가 제작 중입니다. 이 영화는 AI 인물 틸리가 악성 봇 때문에 욕망과 충동을 키우게 되면서 겪는 일들을 그린 것입니다. 펠덴은 '분명히 재밌고 혼란스러우며 자기 인식적일 것이다'라고 기대하고 있습니다.",문화/트렌드
"네이버파이낸셜·두나무 주식교환 연말로 재연기 네이버파이낸셜의 두나무 완전자회사 편입을 위한 포괄적 주식교환 일정이 연말로 연기됐다. 네이버는 공시를 통해 ‘양사 간 주식교환을 마친 뒤 네이버파이낸셜 주식을 증권시장에 상장하기 위해 노력하기로 했다’ 이번 거래는 공정위 기업결합 승인, 네이버파이낸셜 대주주 변경 승인·겸영신고, 두나무 대주주 변경신고 수리 등 정부 인허가를 거쳐야 한다.",경제
"""주식과 의리, 강남집 두 채 값 날렸다""는 김보성 ""안 팔았으면 500억"" 배우 김보성이 주식 투자 실패로 막대한 재산을 잃었다고 털어놨다. 김보성은 '의리 지키다가 전 재산을 날릴 위기에 처했다'며 '소아암 환아 등에게 기부하는 톱스타들이 부러워 더 큰 나눔을 실천하고자 주식을 시작했다'고 했다. 김보성은 수익률이 -95.79%를 기록한 주식 계좌를 공개하며 '주식과 의리를 지키다가 망한 사람'이라고 털어놨다.",문화/트렌드
"한달째 행방묘연 ‘통영 살인범’…“죽을 때까지 태움” 20대 간호사 사... 7월 첫째 주 전국에서 많은 사건사고가 이어졌으며, 경남 통영의 60대 여성이 흉기로 살해당한 사건이 아직 용의자가 검거되지 않았다. 광주 여고생을 살해한 장윤기의 친부가 현직 경찰관 신분임에도 핵심 증거물을 폐기한 정황이 포착됐으며, 경찰은 부실 수사 논란에 휩싸여 있다. 20대 간호사가 이른바 ‘태움’으로 숨진 사건이 발생해 경찰이 전담수사팀을 구성해 수사를 진행하고 있으며, 유족의 요구를 받는 등 조사 중이다.",사회/세계
"[간추린 사건사고] 태안고 전기실 침수…학교 휴교 외 (7월 7일) 충남 태안고등학교가 오늘까지 휴교를 결정, 전기실 침수로 인한 사고 때문입니다. 천안 동남경찰서가 50대 남성을 에어컨 설치 기사 살해 혐의로 구속했습니다. 보은군 삼거리에서 버스정류장 차량 충돌 사고가 발생, 70대 여성이 다쳐 병원으로 이송됐습니다.",사회/세계
"이 대통령, 오늘부터 닷새간 나토·몽골 순방…방산·공급망 협력 강화 이재명 대통령이 7일부터 11일까지 나토 정상회의 참석 및 몽골 국빈방문을 위한 4박 5일 간의 해외 순방에 나선다. 나토 방산포럼에서 연설하고 주요 방산 수요국들과 양자회담을 갖는 등 K-방산 세일즈에 나설 계획이다. 한몽관계의 황금시대' 공동선언을 발표할 예정으로 핵심광물 등 자원 부국이자 북한의 2번째 수교국인 몽골과 구체적인 경제 협력 및 한반도 평화 협력을 위한 방안도 논의될 전망이다.",정치
"조국혁신당 ""일하는 국회 시작은 檢개혁 입법…제헌절까지 처리하자"" 국힘은 7월 국회에서 검찰개혁과 미래산업 논의를 촉구하고, 정부 인사 원칙 쇄신을 강력히 촉구했다. 김준형 조국혁신당 대표는 '제대로 된 검찰개혁을 위해 이번 7월 국회에서는 반드시 법적 기반 마련을 끝내야 한다'고 말했다. 정부의 3대 메가 프로젝트와 관련해선 '호남권 반도체 클러스터를 광주 군 공항 부지에 조성하기로 결정했다'며 '지역 청년이 떠나지 않는 양질의 일자리와 국토 균형 발전을 위한 이정표가 돼야 할 것'이라고 했다.",정치
"與 일방 가동에 野 전면 보이콧…7월 국회 시작부터 파행 민주당은 7월 임시국회 첫날인 6일 일부 상임위를 가동해 간사 선임 등을 진행했지만, 국민의힘은 모두 불참했다. 민주당 한병도 대표 직무대행 겸 원내대표는 '국회를 파행시키면 고생하는 것은 국민의힘 국회의원들이 아니라 국민'이라고 목소리를 높였다. 국민의힘 김태규 원내수석대변인은 '할 수 있는 데까지는 (투쟁)할 것'이라고 말했다.",정치
美의존 낮추고 유럽과 결속…캐나다 60조 잠수함의 지정학 [김다빈의 외... 캐나다는 미국에 대한 과도한 의존을 줄이는 동시에 유럽과 북대서양조약기구(NATO) 내 안보·방산 결속을 강화할 수 있는 독일의 손을 들어줬다. 한국은 기술력보다 전략적 환경을 지목해 패배의 배경으로 정찰하고 있다. 캐나다는 미국 의존도를 낮추면서 유럽과의 안보·방산 협력을 강화하는 효과를 동시에 노릴 수 있게 됐다.,사회/세계
"캐나다 잠수함 고배 아쉬움 딛고…李대통령, ‘방산외교’ 위해 튀르키... 이재명 대통령은 7일 튀르키예 앙카라로 출국해 나토 정상회의 참석과 몽골 국빈 방문을 위해 일정을 소화할 예정이다. 트럼프 미국 대통령과의 회담 성사 여부도 주목된다. 이 대통령은 나토 사무총장과 면담을 가진 뒤 인도태평양 파트너국 소인수회담에 참석할 계획이다. 이 대통령은 대한민국이 나토와 공동의 가치를 바탕으로 방위산업 역량을 함께 축적해 온 파트너라는 점을 강조할 것으로 보인다.",정치
"[단독] ""민주당 세대교체 필요"" 40대 고민정, 내일 당 대표 선거 출마선... 민주당 고민정 최고위원이 차기 당 대표 선거 출마를 선언할 예정입니다. 고 의원은 '세대 교체'가 필요하다는 생각으로 4~5개월 전부터 각계 의견을 청취하며 출마 여부를 고민해왔습니다. 고 의원은 유일한 여성이자 40대 후보가 되며, 차기 당 대표와 최고위원을 뽑는 민주당 전당대회에서 경쟁할 예정입니다.",정치
"[단독] 조경태, 윤리위에 장동혁 제소한다…“윤석열 절연 거부로 선거... 국민의힘 의원 조경태가 장동혁 당대표를 윤리위에 제소하겠다고 밝혔다. 조 의원은 장 대표가 지방선거 패배 책임에서 벗어날 수 없다고 주장하며, 당을 더 어려운 수렁에 넣고 있다고 비판했다. 조 의원은 8일 국회 소통관에서 기자회견을 열어 징계요구안을 제출할 계획이라고 밝혔다.",정치
"전국 선거 공백·후반기 국회 출범…개헌론, 이번엔 다를까 [개헌의 문... 이재명 대통령 정부가 출범한 지 1년을 넘기면서 은행권의 대출 지형도 달라지고 있다. 정부는 주택가격을 중심으로 한 부동산 세제 개편을 검토하고 있다. 한국보건사회연구원과 국민건강보험공단이 공동으로 조사를 수행하는 배우 최현욱(24)이 전환점을 맞았다.",정치
"[특파원리포트] 개헌 블랙홀 향해 다가가는 일본 아베 전 총리는 '단계적 개헌' 속도전개정 가능성을 강조하며, 긴급사태 조항 신설을 추진하고 있다. 다카이치 총리는 아베의 정치적 유산을 계승하여 개헌 의지를 강하게 밝힌 후 급물살을 타고 있는 개헌 논의에서 중요하게 다뤄지고 있다. 긴급사태 조항의 핵심은 정부 권한 확대인데, 권력의 오·남용 가능성을 사전 차단·사후 통제하는 안전장치 논의보다 의회 권력구조 문제를 우선시하고 있는 셈이다.",정치
"고신용자 5%·저신용자 13.4%…당국, 금리단층 해소 본격 착수 금융위원회는 중저신용자 대상 대출 공급 확대와 금리단층 해소 방안 마련에 본격 착수했다. 은행, 제2금융권과 협업을 통한 신규 프로그램 도입을 검토하고 중저신용자 금리 인하 방안을 모색한다. 금융사 건전성 규제의 경우 단기적·기계적 건전성 확보만을 위해 과도하게 경직적인 규정을 합리화하는 데 방점을 찍었다.",경제
미 금리 인상 무게...달러화 '고공행진' 미국 경제의 견조한 흐름과 기준금리 인상 기대감이 맞물리면서 달러화 가치가 2015년 이후 최고 수준으로 치솟았습니다. 트레이더들의 베팅 규모는 약 400억 달러로 늘어나 10여 년 만에 최대치를 기록했습니다. 미 연준의 긴축 정책과 글로벌 주요 중앙은행들의 전망이 달러 매수세를 뒷받침하고 있습니다.,경제
"24시간 외환시장 첫날…원·달러 환율 1530원대 한국외환시장이 24시간 거래 체제로 전환, 원·달러 환율은 1530원대에서 출발. 엔화는 약세 흐름을 이어가며 엔·달러 환율이 162엔대로 올라섰고, 원·엔 재정환율은 943.26원으로 하락. 국내 외환시장은 주 24시간 거래 체제를 시작, 주말과 1월 1일 제외한 국내 공휴일에도 원·달러 거래가 가능해졌다.",경제
"환율, 큰 변동 없이 1530원대서 등락 원/달러 환율은 큰 변동 없이 1530원대에서 거래됐다. 엔/달러 환율은 전날 대비 0.02엔 내린 162.07엔을 기록했다. 국내 외환시장은 24시간 가동 체제에 돌입해 중단 없이 운영된다.",경제
"한국 압박하더니‥트럼프, 쿠팡 주식 18차례 사고팔았다 트럼프 대통령이 취임 이후 18차례 쿠팡 주식을 사고판해 논란이 일었다. 트럼프 대통령 측은 자산운용사가 대신 거래했다는 입장이나, 이해 충돌 비판이 나오고 있다. 트럼프 대통령은 주식 투자는 전적으로 운용사가 맡아왔다고 주장하며, 개인적으로 투자에 관여하지 않는다고 말했다.",사회/세계
"주식에도 '의리' 김보성 ""집 2채 잃어""…코스피는 8천선 붕괴 배우 김보성은 주식 투자 실패로 심각한 자금난을 겪고 있는 근황을 털어놨다. 코스피 지수는 전일 대비 5% 이상 무더기 하락하며 심리적 마지노선이던 8000선마저 힘없이 무너져 내린 7597.93선까지 밀려났다. 증시 전문가들은 최근 지수 단기 급등에 따른 밸류에이션 피로감이 누적된 상황에서 글로벌 거시경제 불확실성 확대로 인한 외국인과 기관의 무차별적인 동반 매도세가 지수를 강하게 짓누르고 있다.",경제
"불안한 휴전 속 '물가와 전쟁'...AI 발 인플레까지 미국은 이란 전쟁으로 인플레이션 위험이 확대된 점을 배경으로 제시, 올해 금리를 내리는 대신 동결할 것이다. AI 데이터센터 전력 수요 급증과 이에 따른 전기 요금 상승으로 인플레이션을 불러와 소비 위축을 초래할 가능성이 있다. 한국은행 뉴욕 사무소는 미국 경제 성장세를 예상하고 있지만, AI 데이터센터를 중심으로 전력 수요가 크게 늘어 앞으로 전력 요금 상승이 물가와의 전쟁에 악재가 될 것으로 보고 있다.",경제|IT/과학
"폭염·폭우에 채솟값 또 뛸라…농협, 장바구니 물가 방어전 농협중앙회장 강호동이 7일 서울 강서구 농협강서공판장을 방문하여 주요 농산물 출하 동향과 경락시세를 살폈다. 여름철 기상재해가 가격 변동으로 이어질 수 있는 통로를 사전에 점검하는 것이며, 도매시장 경락가격과 반입량은 소비자 가격으로 옮겨가기 전 확인할 수 있는 선행 지표다. 농협은 정부 정책에 발맞춰 농산물의 선제적 수급관리로 물가 안정에 기여하겠다고 강 회장이 말했다.",경제
"반도체 호황에 기업 곳간 불었다…순자금운용 20.8조 ‘역대 최대’ 한은 '2026년 1분기 자금순환 잠정' 발표, 기업 순운용 규모가 사상 최대 20조 8000억원으로 늘어났다. 기업의 순자금운용이 크게 늘어난 것은 반도체 호황에 따른 실적 개선 때문이다. 가계 여윳돈도 확대, 주식 투자로 자금이 몰리는 ‘머니무브’가 이어졌다.",경제|IT/과학
"박상혁, 국회 정무위 민주당 간사 선임 박상혁 더불어민주당 의원(김포을)이 제22대 국회 후반기 정무위원회 민주당 간사에 선임됐다. 박 의원은 민생경제 관련 입법 논의를 이끄는 핵심 역할을 맡아 자본시장 개혁과 금융정책, 온라인 플랫폼 규제 등 현안 조율을 맡게 되었다. 박 의원은 정부가 쿠팡 관련 美 정치권 압박에 흔들리지 말라는 주장을 내세웠다.",정치
"李대통령, 오늘 첫 나토 정상회의 참석…K-방산 세일즈 외교 나서 이재명 대통령은 오늘(7일) 튀르키예 앙카라로 출국하여 나토 정상회의 참석을 위해 1박 2일간의 일정 소화한다. 이 대통령은 마르크 뤼터 나토 사무총장과 첫 대면 면담을 갖고, 인도·태평양 파트너국 정상들이 참석하는 소인수 회담에 참석해 안보 협력 방안을 논의할 예정이다. 이 대통령은 나토 방산포럼 기조연설을 하며 패널 토론에도 참여해 K-방산의 경쟁력과 협력 비전을 소개할 계획이다.",정치
"이 대통령, 나토 정상회의 참석차 튀르키예 출국…유럽 방산외교 스타트 이재명 대통령이 튀르키예 앙카라로 나토 정상회의 참석, 마르크 뤼터 나토 사무총장과 회동할 예정이다. 이 대통령은 방위산업포럼에서 기조연설을 하며 '공동의 가치, 더욱 강한 산업기반'을 주제로 할 계획이다. 이 대통령은 8일까지 튀르키예에서 일정을 소화한 뒤 9일부터는 몽골을 국빈 방문해 정상외교를 이어갈 예정이다.",정치
'혐중·부정선거 현수막' 원외정당 관계자들 오늘 구속기로 더불어민주당 부산시당이 서울남부지법에 내일로미래로당의 대선 불복 허위사실 불법 현수막 조치 요청 서울남부지법은 7일 오후 2시 '내일로미래로' 관계자 김모씨와 최모씨에 대한 구속 전 피의자 심문(영장실질심사)을 진행 이들은 정치자금법 위반 혐의를 받고 신고되지 않은 계좌로 정치자금을 수수하고 이를 부정선거 주장하는 이른바 '애국현수막' 제작 등에 사용한 혐의를 받고 있다,정치
"선거운동 중 '피습' 주장했던 정이한, 자작극 의혹에 구속 기로 정이한 전 개혁신당 부산시장 후보에 대한 구속영장이 신청됐다. 정 전 후보는 '음료컵 피습' 사건과 관련해 자작극 의혹을 받고 있다. 구속 여부는 오는 8일 오후 2시 열리는 영장실질심사를 통해 결정될 예정이다.",정치
"젊은 보수 권현서 ""한동훈, 당연히 장동혁 가족상 조문 갔어야 된다"" The majority of the representatives who left are causing internal strife and factionalism within the party. This could lead to negative consequences for the party's image and reputation. The speaker believes that the current situation is a result of the party's failure to address the issue of factionalism, which has been a long-standing problem. The speaker also notes that the party's leadership has not taken concrete actions to resolve this issue. The speaker suggests that the party should focus on resolving its internal conflicts and strengthening its unity before addressing external issues.",사회/세계
"李대통령, '캐나다 잠수함' 고배에 ""K-방산의 담대한 도전은 계속"" 이재명 대통령은 '대한민국은 앞으로도 담대하게 도전할 것'이라고 밝혔다. 캐나다 정부는 캐나다 잠수함사업의 우선협상 대상자로 독일 티센크루프마린시스템스를 최종 선정했다. 이 대통령은 '무엇보다 우리 잠수함은 세계적인 잠수함 강국들과 당당히 경쟁하며 우수한 성능과 기술력을 입증해 왔다'며 '도전에는 성공도 있지만 아쉬움도 따르기 마련'이라고 강조했다.",정치
"李대통령, 잠수함 수주 불발에 ""담대한 도전은 계속될 것"" 이재명 대통령은 캐나다 정부의 차세대 잠수함 도입 사업 우선협상 대상자 선정에 불발된 가운데 'K-방산의 담대한 도전은 계속될 것'이라고 밝혔다. 강훈식 대통령 비서실장은 이번 잠수함 수주전을 '또 다른 기회의 문을 여는 이정표가 될 것'이라며, 정부와 기업이 원팀으로 뛰었던 이번 과정을 객관적으로 되짚고자 했다. 이 대통령은 '대한민국 방위산업은 세계가 주목하는 새로운 성장동력이자 국가 경쟁력의 핵심 산업으로 자리매김하고 있다'라면서, 정부가 할 수 있는 모든 것을 다하겠다.",정치
"""메가 특별법부터""·""입틀막법 위헌""...'반쪽 국회' 개회 국민의힘은 첫 회의를 불참해 '반쪽 국회'가 되었으며, 민주당은 이를 강하게 비판하고 있습니다. 민주당은 민생·경제 법안 처리를 강조하며, 국민의힘은 대여 투쟁의 고삐만 더 바짝 죄고 있습니다. 국민의힘은 조만간 의원총회를 열어 복귀 여부를 논의할 계획입니다.",정치
윤석열 체포방해 등 징역 7년 확정…비상계엄 583일만(종합) 대법원은 윤 전 대통령에게 징역 7년을 선고한 원심판결을 확정했다. 윤 전 대통령의 공수처 체포영장 집행 방해 혐의 등으로 기소된 혐의를 전부 유죄로 인정했다. 대통령 직무 수행이나 국가원수로서 권위 확보에 지장을 초래하지 않는 범위 내의 수사는 가능하다.,정치
"[속보] 대법, '체포 방해' 윤석열 전 대통령 징역 7년 확정 윤석열 전 대통령이 고위공직자범죄수사처의 체포 영장 집행을 방해한 혐의로 징역 7년을 확정받았다. 대법원은 윤 전 대통령에게 특수공무집행방해와 직권남용 권리행사방해 등 혐의 사건 선고공판에서 징역 7년을 선고했다. 윤 전 대통령은 지난해 1월 대통령 경호처 직원들을 동원해 공수처의 체포 영장 집행을 막은 혐의로 구속기소 됐다.",정치
"침묵 깬 홍명보 ""국민께 사과""…22일 국회 청문회 출석 예고 홍명보 전 축구대표팀 감독이 2026 국제축구연맹(FIFA) 북중미 월드컵 부진에 대해 국민에게 사과했다. 홍 전 감독은 탈락이 확정된 뒤 대표팀 사령탑에서 물러나고 가족이 있는 미국 로스앤젤레스로 출국했으며, 오는 22일 대한축구협회 관련 국회 청문회에도 출석하겠다고 밝혔다. 홍 전 감독은 '신변 안전 우려' 해명사진을 내놓아 국민에게 설명하고, 청문회에 출석해 자신이 알고 있는 사실을 그대로 밝히겠다고 했다.",문화/트렌드|정치
"[속보] 홍명보 ""국회 청문회에 출석하겠다···미국 출국은 저와 가족에... 홍명보 전 축구대표팀 감독이 북중미 월드컵 조별리그 탈락에 사과하고 7월 22일 국회 청문회에 출석하겠다고 약속했다. 홍 감독은 대표팀 감독으로서의 책임을 혼자 끝까지 감당할 것이라며 알고 있는 사실을 그대로 말씀드리겠다고 강조했다. 7월 22일 국회 문화체육관광위는 대한축구협회 현안 관련 청문회를 열기로 하여 홍명보 전 감독과 정몽규 전 축구협회장 등을 증인으로 채택하고, 참고인으로 부르기로 했다.",문화/트렌드|정치
나토 정상외교 마친 李대통령…국빈 방문 위해 몽골 도착 이재명 대통령은 몽골을 국빈 방문하여 '한몽관계의 황금시대' 공동선언 발표 예정이다. 이 대통령은 몽골 정부청사에서 후렐수흐 대통령과 정상회담을 가진 뒤 협정·양해각서(MOU) 교환식과 공동언론발표를 진행할 계획이다. 이번 방문의 핵심 의제로는 핵심광물 협력을 통한 공급망 안정화와 몽골을 통한 북한과의 대화 모색이 꼽힌다.,정치
"[속보] 李대통령 울란바타르 도착…오늘 한-몽골 정상회담 이재명 대통령이 15년 만에 몽골을 국빈방문하여 오흐나 후렐수흐 몽골 대통령과 정상회담을 열었다. 양국 관계 발전과 협력 확대 방안을 논의하며 '한몽관계의 황금시대' 공동선언도 발표할 예정이다. 이 대통령은 몽골 최대 명절인 '나담축제' 개막식에 주빈으로 초청받아 몽골 문화를 경험하고, 현지 교민들과 오찬 간담회를 갖는다.",정치
"'피습 자작극 혐의' 정이한…""선거 위해 범행 꾸며"" 시인 정 전 후보는 5월 조사서 진술에서 10년간 알고 지낸 헬스 트레이너와 공모통화, CCTV 토대로 공모관계 추정했다. 정 전 후보는 선거에 유리할 목적으로 범행을 저질렀다고 시인한 것으로 드러났다. 정 전 후보는 사건이 벌어진 뒤 A씨를 모르는 사람인 척 행세했고, 자신의 자작극 혐의를 인지하면서도 선거를 그대로 완주했다.",정치
"정이한, 선거 전 '자작극' 시인하고도 ""뽑아달라"" 유세 5월 경찰에 구속된 정이한 전 개혁신당 부산시장 후보가 '자작극' 혐의를 시인해 선거운동을 계속했다. 정이한 후보와 A씨는 4월 27일 음료 투척 자작극을 공모해 선거에 유리하게 하려고 했다. 경찰은 정이한 후보와 A씨의 통화 내역과 CCTV 영상 등을 조사 중으로, 다음 주 중에 검찰로 송치할 계획이다.",정치
"정부, 17억 유로 외평채 발행 성공…유로화 역대 최대·최저 가산금리 ... 정부는 17억 유로 규모의 외국환평형기금채권을 듀얼트랜치 방식으로 발행, 역대 최대 규모다. 3년물과 7년물 가산금리는 기존 최저 기록인 2025년 발행분보다 각각 15bp, 24bp 낮아졌다. 정부는 올해 외평채 발행 한도인 50억 달러 상당을 모두 성공적으로 발행, 대외 지급 능력을 안정적으로 유지할 계획이다.",경제
"6월 FOMC 의사록 ""몇몇 위원, 금리인상 검토 언급""…인플레 경계 미국 연방준비제도(Fed·연준)의 일부 위원들은 인플레이션 위험을 심각하게 인식하고 기준금리 인상을 검토할 필요성을 느끼고 있다. 참석자들은 물가 안정에 대한 상방 위험은 여전히 높은 반면, 최대 고용 달성과 관련된 하방 위험은 다소 완화됐다고 평가했다. 케빈 워시 신임 연준 의장이 제안한 소통방식의 변화에 대해 참석자들은 대체로 지지 의사를 표명하고 성명서를 간소화하는 방안에 찬성했다.",사회/세계|경제
"SK하닉 美 ADR 상장 임박…증시·환율 촉각 SK하이닉스가 10일 나스닥 상장을 통해 역사적인 사건을 맞이하게 된다. 이번 상장은 인공지능(AI) 메모리 슈퍼사이클의 지속가능성을 가늠할 분수령이 될 것으로 보고 있으며, '코리아 디스카운트'를 희석하는 계기가 될 거라는 기대도 있다. SK하이닉스의 ADR 상장 첫날 종가와 프리미엄 수준은 주말을 지나 13일 코스피 시장에 영향을 줄 것으로 보이며, 국내 SK하이닉스 주가 변동성도 커질 수 있다.",경제
"환율 소방수된 SK하이닉스·일본…한달 만에 1490원대로 [분석+] 코스피 지수는 5.35% 하락한 7246.79, 코스닥 지수는 5.56% 하락한 785.00으로 마감했다. SK하이닉스의 ADR 발행에 따른 대규모 달러 유입 기대와 대한민국·일본 간 외환 공조 분위기가 전해진 영향으로 환율이 하락했다. 향후 유입될 대규모 달러 자금을 앞두고 선물환 매도 물량이 미리 유입되면서 환율에 하락 압력을 가하고 있다는 것이다.",경제
고유가·고환율에 '밥상 물가' 급등…가격폭락 농가도 '이중고' 올해 상반기 주요 농축수산물과 먹거리 가격이 두 자릿수 이상 상승한 것으로 나타났다. 고환율·기후 변수에 하반기 물가 불안 지속 우려. 정부는 지난달 26일 먹거리 등 민생물가 안정을 위해 총 1조원의 재정을 사용해 생산·유통·판매 과정에 걸친 가격 안정을 유도하겠다고 발표했다.,경제
"장동혁 ""코스피, 또 폭락…주식시장 도박판 되고 말았다"" 장동혁 국민의힘 대표가 코스피 폭락과 관련해 이재명 대통령에게 책임을 지적하며, 레버리지 ETF를 허용한 것에 대해 비판했다. 장 대표는 주식 하락의 가장 큰 피해는 개미 투자자들이라며, 삼성전자와 SK하이닉스 등 단일종목 레버리지 ETF가 가장 큰 원인이라고 지목했다. 장 대표는 이 대통령이 김 실장에게 레버리지 상품을 지시한 것이라고 주장하며, 감사원의 고위험 금융상품 감사를 두고 '진짜 감사를 하겠다면 지시를 내린 청와대부터 감사해야 한다'고 밝혔다.",정치|경제
"신현송 ""적절한 시기 금리 인상 필요""…환율·물가·집값 불안 경계 신현송 한국은행 총재는 기준금리를 인상할 필요가 있다고 밝혔다. 그는 물가 오름세와 금융안정 리스크 등을 고려할 때 적절한 시기에 기준금리를 인상할 필요가 있다고 판단된다. 한국은행 총재는 최근 우리 경제를 '글로벌 AI 확산에 따른 반도체 수출 호조 등'으로 평가하고, 앞으로도 반도체 경기 호조가 이어질 전망이라고 밝혔다. 신현송 한국은행 총재는 물가에 대해 '상반기 중 소비자물가 오름세가 국제유가 상승의 영향으로 크게 확대됐다'며, 앞으로 물가는 높은 상승률을 이어갈 것으로 전망된다.",경제
"OECD 최고 수준 식료품 물가…하반기도 먹거리 물가 불안 지속 한국의 식료품 가격이 구매력 기준으로 경제협력개발기구(OECD) 회원국 가운데 3년 연속 최상위권을 기록한 것으로 나타났다. 식료품 가격 상승은 소비자들이 체감하는 밥상물가 상승으로 이어지고 있으며, 하반기에도 먹거리 물가 불안이 이어질 것이라는 전망이 나온다. OECD 평균을 웃돌아 있는 의복·신발(115)과 교육비(108) 역시 식료품 가격 상승의 원인으로 분석된다.",경제|사회/세계
"정원 외 모집·신속트랙으로 반도체 인재 '신속 배출' 정부는 대학 정원제도 유연화를 통해 반도체·피지컬 인공지능(AI)·AI데이터센터 '3대 메가프로젝트' 인재양성을 뒷받침할 계획입니다. 대학은 기업의 인력 수요를 정원 외로 모집하고, 관련 분야 인재는 편·입학 등을 활용해 2년 내 빠르게 배출할 예정입니다. 교육부는 연말까지 대학의 의견 수렴을 거쳐 관련 법령 개정 등을 추진해 제도를 도입할 계획입니다.",IT/과학
"반도체 메가프로젝트 속도전…전남광주 반도체산업지원단 출범 전남광주통합특별시가 광주 군공항 부지에 반도체 메가프로젝트를 추진하는 실행조직인 '전남광주반도체산업지원단'을 출범시켰다. 지원단은 행정절차 총괄, 기업별 전담 대응, 인허가 지원, 기반시설 구축 등 사업 추진 전 과정을 지원할 계획이다. 민형배 시장은 '이 기회를 확실히 잡아 전남광주의 압도적 성장을 이루고 대한민국 산업 지도를 새롭게 그려나가자'고 말했다.",경제|IT/과학
"지방 부동산 경기 침체…대기업 건설사, '탈부산' 가속화 우려 롯데건설이 영남지사를 폐쇄하고 직원들은 다른 지역 건설 현장이나 본사로 전환 배치된다. 부산 건설업계는 대기업 1군 건설업체들의 부산 공사 참여가 줄어들고 악성 미분양으로 분류되는 준공 후 미분양이 최대 규모여서 1군 업체들이 부산을 외면하는 현상이 심화할 수 있다. 롯데건설의 영남지사 폐쇄는 지역 건설업체의 수익성 악화에 따른 폐업률 증가세를 가속화할 것 같다.",경제
"대전시의회 개원…조성칠 의장 ""고물가·경기침체 시민 삶 살필 것"" 대전시의회가 8일 제10대 의회 개원식을 열고 4년간의 공식 의정활동을 시작했다. 조성칠 의장은 '고물가와 경기 침체로 어려움을 겪는 시민들의 삶을 살피는 것이 제10대 대전시의회의 가장 중요한 책무'라고 밝혔다. 시의원들은 개원식에 앞서 순국선열과 호국영령을 참배하며 시민을 위한 의정활동에 최선을 다할 것을 다짐했다.",사회/세계
"AI 공격, AI로 막는다…정부 '보안 전환' 선포 정보보호의 날 기념식에서 KT, 정부 기조 발맞춰 투자 지속하여 사이버 위협을 선제적으로 예방하고 신속 정확하게 대응해 나갈 것이라고 밝혔다. KT는 4년 연속 1000억원 투자하여 AI 시대 최고의 보안 신뢰 기업으로 거듭나겠다고 했다. 정부는 범부처 협력 체계를 확대해 새로운 위협에 신속히 대응하고 AI 기반 보안 기술과 산업 생태계를 적극적으로 육성하겠다.",IT/과학
"울산시, 제조업 인공지능 전환에 산·학·연·관 머리 맞댄다 울산시는 9일 시청 대회의실에서 '울산 제조산업 인공지능 전환(AX) 확산을 위한 업무협약'을 체결했다. 시는 산업 인공지능 전환(AX) 사업 발굴과 정책 자문, 기관 간 협력과제 등을 주도할 '울산산업 인공지능 전환(AX : AI Transformation) 협의체'를 출범시켰다. 시는 협의체를 중심으로 실증연구단지 조성과 연구개발 및 실증, 사업화 협력 네트워크 확대를 통해 인공지능 전환 생태계를 조성할 계획이다.",IT/과학
"SKT, 日 소프트뱅크와 AI 사회적 가치 측정법 만든다 SK텔레콤, 소프트뱅크, 사회적가치연구원과 함께 AI·ICT 서비스가 창출하는 사회적 가치를 객관적으로 측정하는 공동 방법론 개발에 나선다. 이번 업무협약을 통해 AI 시대에 걸맞은 사회적 가치 측정 표준 방법론 개발을 추진하겠다. 3사는 그동안 축적한 사회적 가치 측정 역량을 바탕으로 각 기업이 AI와 ICT 제품·서비스로 창출하는 사회적 가치를 측정하고, 글로벌에서 활용할 수 있는 측정 표준 방법론을 공동 개발한다.",IT/과학
"LG전자 '상업용 AI 세탁기'로 B2B 박차…유럽부터 맞춤 공략 LG전자가 대용량 상업용 세탁·건조기 'LG 프로페셔널(LG Professional)'을 유럽 시장에 출시했다. 이번 신제품은 AI를 활용해 세탁물 무게를 분석하고 물 사용량과 건조 조건을 자동으로 최적화하는 'AI 코어테크'를 적용했다. 세탁기에는 최대 1100rpm의 고속 탈수 기능이 탑재됐으며, 듀얼 인버터 히트펌프로 전력 소비도 절감해 건물 구조 변경이 어려운 유럽 시장에 적합할 것이다.",IT/과학
"현대차, 신형 그랜저 하이브리드 공개…생성형 AI 최초 탑재 현대차가 주행 성능과 안정성을 대폭 강화한 '더 뉴 그랜저 하이브리드'를 공개했다. 차세대 1.6 터보 하이브리드 시스템과 생성형 AI '글레오' 등이 핵심 기술로 탑재됐다. 시동 진동을 51%나 줄여 정숙성을 확보하고, 편의 사항도 개선해 주행 안정성을 향상했다.",IT/과학
"교보증권, 생성형 AI 활용 정보보호 교육 실시 교보증권은 정보보호 인식 제고와 보안 문화 정착을 위해 임직원 교육을 실시했다. 교육 영상에서는 일상 속 보안 수칙, 랜섬웨어 감염 예방 등 최신 디지털 금융보안 이슈를 다뤘다. 양병수 정보보호본부장은 앞으로도 체계적인 교육과 지속적인 보안 투자를 통해 안전한 디지털 금융 환경을 구축할 계획이다.",IT/과학
"경남도 행정부지사, 우주항공복합도시특별법 입법 지원 요청 박일웅 경남도 행정부지사는 국회 국토교통위원회 소속 의원실을 방문해 '우주항공복합도시 건설 특별법'의 조속한 통과를 위한 협조를 요청했다. 정부는 '대한민국 우주항공 산업육성 전략'에 기반하여 미래 성장동력 확보를 위한 국가적 핵심 과제로 '우주항공복합도시 건설 사업'을 추진하고 있다. 박 행정부지사는 '우주항공복합도시 건설 특별법은 대한민국이 세계 5대 우주항공 강국으로 도약하기 위한 첫 단추이자 글로벌 시장에서 생존하기 위한 필수 법안'이라고 강조했다.",IT/과학
"경남도, 국회에 ‘우주항공복합도시 특별법’ 조속처리 요청 경남도는 국회에 우주항공복합도시 건설을 위한 특별법의 조속한 제정을 요청했다. 박일웅 행정부지사는 '우주항공복합도시 건설 특별법' 제정 필요성을 설명하고 법안의 신속한 처리를 건의했다. 경남도는 우주항공복합도시 건설이 정부의 우주항공 산업 육성 전략을 실현하기 위한 핵심 과제인 만큼 세계적 수준의 산업 생태계와 정주 환경 조성을 요구하고 있다.",경제|정치
"AI·로봇 외치더니…138억은 '이곳'에서 조용히 벌었다 아이엘이 한국도로공사로부터 138억원 규모의 고속도로 하이패스 노후 시스템 교체 사업을 수주했다. 아이엘이 ITS 사업 경쟁력 입증하고, 축적한 현금흐름과 데이터를 자율주행과 로봇 분야에서도 활용하겠다는 계획이다. 아이엘이 안정적인 성장 기반을 마련하고, 향후 자율주행과 로봇 운영 플랫폼으로의 확장에도 도움이 될 것으로 기대하고 있다.",IT/과학
"SK AX, 제조 RX 본격화…로봇 중심 자율공장 구축 나선다 SK AX는 제조 RX 풀스택 서비스를 출시하여 로봇 도입 전 리스크를 검증하고 자율형 공장을 구축하는 계획이다. 제조 현장에서는 로봇을 들여놓는 것을 넘어 생산관리시스템(MES), 설비 데이터, 로봇 제어 시스템을 연결해 공장 전체가 유기적으로 움직이도록 돕는 서비스다. SK AX는 디지털 트윈, 피지컬 AI, 이기종 로봇 통합 관제 역량을 바탕으로 고객의 공장을 멈추지 않는 자율형 공장으로 진화시키겠다.",IT/과학
"中서 넷플릭스 못보는데…'참교육' 별점 평가에 14만명 중국에서는 넷플릭스가 공식 서비스되지 않아 '참교육'을 불법 시청한 뒤 리뷰를 남긴 것으로 보인다. 한국 콘텐츠를 불법으로 시청하는 것이 일상처럼 자리 잡은 상황. 중국 당국이 보다 적극적인 대응에 나서야 할 때, 불법 스트리밍 행위에 대한 집중 단속과 철저한 재발 방지 대책을 시급히 마련해야 한다.",사회/세계
"넷플릭스 못 보는 中…'참교육' 리뷰는 수만건? 한국 영상 콘텐츠를 불법으로 시청하는 중국 누리꾼의 의혹이 제기됐다. 서경덕 성신여대 교수는 중국에서 넷플릭스가 공식 서비스되지 않아도 콘텐츠 리뷰 사이트에 '참교육' 별점 평가에 14만여명이 참여했다고 지적했다. 중국 당국의 보다 적극적인 대응이 필요한 때로, 불법 시청이 일상화된 상황을 방치하지 말고 자국 내 불법 행위에 대해 집중 단속, 재발 방지 조치가 시급해 보인다.",사회/세계
"최휘영 ""생태계 건강해야 K-팝도 지속…중소기획사·인디음악 지원"" 문화체육관광부 장관 최휘영은 음악산업 생태계 강화를 위한 현장간담회에서 중소·중견 기획사 지원 확대와 인디음악 육성, 음악 제작업 세액공제 등을 통해 음악산업의 지속 가능한 성장 기반을 만들겠다고 밝혔다. K-팝은 K-컬처를 맨 앞에서 이끌고 있는 리더라며 정량적인 수치에서도 성장세가 계속 숫자로 증명되고 있다. 정부는 중소기획사의 해외시장 진출을 지원하는 '중소기획사 글로벌 도약 지원'에 대해 내년에는 규모를 2배 정도로 확대해보려고 한다.",경제
"[2026 K포럼] K팝 팬덤의 새로운 공식…크래비티 ""자컨은 팬들과의 약속... 2026 K포럼이 9일 서울 여의도 콘래드서울 그랜드볼룸에서 열렸으며, 크래비티 형준·원진·정모와 스타쉽엔터테인먼트 김효정 본부장, 방송인 박소현이 패널로 참여해 자체 콘텐츠가 팬덤을 만드는 방식과 제작 노하우를 공유했다. 자체 콘텐츠는 K팝 산업에서 팬덤을 유지·확장하는 핵심 플랫폼으로 자리매김하고 있으며, 팬들과의 접점을 넓히는 것은 물론, 장기적인 유대감을 형성하는 역할까지 맡고 있다. 2026 K포럼은 'K를 플레이하라'를 주제로 K콘텐츠와 K브랜드의 글로벌 성공 사례를 공유하고, 새로운 시너지와 미래 성장 방향을 모색하는 자리로 마련됐다.",문화/트렌드
"""단백질이 대세 트렌드""...CJ제일제당 '단백하니', 출시 1년만 130만개 돌... CJ제일제당의 단백질 브랜드 '단백하니'가 1년 만에 누적 판매량 130만개를 돌파했다. '단백하니'는 웰니스 트렌드 확산에 맞춰 CJ제일제당과 올리브영이 공동 기획한 브랜드로, 2030세대 소비자들로부터 긍정적인 반응을 얻고 있다. CJ제일제당은 '알파드라이브원'을 브랜드 모델로 발탁하고, 다양한 마케팅 활동을 이어가며, '서울 스낵 클럽' 팝업 스토어를 운영하여 소비자들에게 좋은 반응을 얻고 있다.",문화/트렌드
"한국도미노피자, 배달피자 강자…신메뉴로 시장 트렌드 선도 한국도미노피자가 11년 연속 프리미엄브랜드지수(KS-PBI) 피자전문점 부문 1위를 차지했다. 브랜드는 변화하는 소비자 취향을 반영한 신메뉴 개발과 차별화된 브랜드 마케팅을 통해 프리미엄 피자 시장을 선도해 왔다. 한국도미노피자는 ‘근본이즘’ 트렌드에 맞춰 새로운 메뉴를 출시하고, 다양한 캠페인과 사회공헌 활동을 진행하고 있다.",라이프
"[간추린 사건사고] 충남·세종 지역 장맛비 피해 외 (7월 9일) 충남과 세종 지역에서 장맛비 피해가 발생해 도로 침수가 일어나고, 싱크홀도 생겼습니다. 충주에서 오토바이 사고로 운전자 사망, 경찰이 조사 중입니다. 세종시 병원 홈페이지가 해킹당해 회원들의 개인정보 유출 가능성이 있습니다.",사회/세계
[사건 사고]함평 수도센터 정수장 액화염소 누출 사고 ‘인명피해’ 없... 함평 수도센터 정수장 액화염소 누출 사고가 발생했지만 인명피해는 없었다. 노후 배관 파손 추정으로 밸브 차단과 배풍 작업이 진행 중이다. 소방·경찰·영산강유역청 등 17명이 조사에 투입되어 사실을 규명하고 있다.,사회/세계
"[단독] 대법, 검찰미래위 조사단 '김용 재판기록 열람 협조 요청' 불허 대법원은 검찰 수사권 남용 의혹을 조사하는 검찰인권존중미래위원회 진상조사단의 재판기록 열람 협조 요청을 거절했습니다. 대법원 관계자는 형사법과 관련 규정에 의해 기록 열람·등사를 할 수 있는 대상이 정해져 있는 만큼, 이를 따른 것이라고 설명했습니다. 진상조사단은 열람·등사가 필요한 사유를 구체적으로 소명해 대법원에 재신청할 예정입니다.",정치
"이 대통령 ""주가조작, 금감원·경찰·검찰 3중 그물에 반드시 걸려"" 이재명 대통령은 '자본시장 공정성은 포기할 수 없는 가치'라며 '주가조작은 금감원·경찰·검찰의 3중 그물에 반드시 걸린다'고 밝혔다. 금감원 특사경이 검찰 고발이나 통보 절차를 거치지 않고도 인지한 사건을 수사로 전환한 것은 이번이 처음이다. 금감원 특사경은 지난 4월 특사경 규칙 개정으로 이 같은 인지수사권을 확보했다.",정치|경제
"'임금협상 난항' 현대차 노조, 13~15일 부분파업 예고 현대자동차 노동조합이 13일부터 15일까지 3일간 부분파업을 예고하고, 올해 임금협상에서 월 기본급 14만9600원 인상과 성과급 지급 등을 요구하고 있다. 노사간 15차 교섭이 진행됐으나 결국 합의점을 찾지 못했으며, 실제 파업 전까지 노사간 비공개 실무협의가 진행될 것으로 보여 극적으로 접점을 찾게 될 가능성도 있다. 현대자동차 노조는 올해 임금협상에서 월 기본급 14만9600원 인상, 성과급 지급, 인공지능(AI) 관련 고용 및 노동조건 보장 등을 요구하고 있으며, 협상이 지지부진하게 흘러가자 조합원 찬반투표와 중앙노동위원회 쟁의조정 절차를 거쳐 합법적인 파업권을 확보했다.",경제
"현대차 노사협상 결렬… 13~15일 부분 파업 한국GM·기아 노조가 성과금 350%+1000만원 'NO'를 요구하고, 정년연장 등이 요구 조건으로 강공 예고전국금속노동조합은 15일 총파업 투쟁을 예고했다. 현대차 노조는 13일부터 부분 파업에 돌입하며, 8일 진행한 노사 협상에서 접점을 찾지 못하자 강수를 동원하기로 했다. 실적 호조가 노조 협상력을 키우기는 했지만, 3사 노조가 전면 파업까지 돌입할 가능성은 작다는 의견도 있다.",경제
"尹 ‘체포 방해’ 징역 7년 확정... 대법 “대통령 재직 중 수사 가능” 윤석열 전 대통령이 대법원에서 징역 7년을 선고받은 원심을 확정했다. 대법원은 공수처의 수사·영장집행 적법하다고 판결했으며, 윤 전 대통령 측의 항소를 받아들이지 않았다. 윤 전 대통령이 받고 있는 8개 재판 가운데 첫 번째 대법원 판결을 받았다.",정치
"'체포방해' 尹, 징역 7년 확정…대법 ""현직 대통령 수사 가능"" 대통령 수사 가능하다고 판결한 대법원, 윤 전 대통령에게 징역 7년 형을 선고했다. 윤 전 대통령은 직무수행 지장 없는 선에서 대통령 수사를 주장했지만, 대법원은 이를 모두 인정하지 않았다. 대법원은 현직 대통령이 형사소추되지 않는다고 해서, 수사도 금지되는 것은 아니라고 밝혔다.",정치
"국회, 오는 22일 '대한축구협회 청문회' 개최 국회 문화체육관광위원회가 북중미 월드컵 32강 진출 실패의 책임 등을 따져 묻기 위한 청문회를 열기로 뜻을 모았다. 청문회에서는 대한축구협회 현안 관련 증인으로는 정몽규 전 대한축구협회장과 홍명보 전 축구대표팀 감독 등 13명을, 참고인으로는 박지성 K-축구 혁신위 공동위원장 등 10명을 채택했다. 국회는 청문회를 통해 그간 축구협회 운영에 문제가 없었는지, 국가대표팀 감독 선임 절차가 투명했는지 등을 규명하고 협회 정상화 방안까지 함께 모색할 거로 보인다.",문화/트렌드|정치
"국회, 22일 축구협회 청문회‥정몽규·홍명보 증인 국회 문화체육관광위원회가 대한축구협회를 상대로 청문회를 개최하기로 결정했다. 이재정 문체위원장은 협회의 운영 실태를 점검해 정상화 방안을 모색하겠다고 밝혔다. 13명의 증인과 10명의 참고인이 출석하여 대한축구협회의 문제점을 조사할 예정이다.",정치
"이 대통령 ""한반도 단계적 비핵화 추진…몽골 외교적 자산 중요"" 이재명 대통령은 몽골 국빈 방문 중으로 남북 교류 확대와 관계정상화, 그리고 단계적 방식의 비핵화를 추진하고 있다. 이 대통령은 한반도 새 시대를 만들고자 하는 구상을 갖고 있으며, 국제사회가 북한과 소통 채널을 유지해나가고 역내 평화를 논의할 수 있는 대화의 장을 마련해 나가는 것이 중요하다. 이 대통령은 몽골의 역할에 대해 '몽골은 한국과 민주주의와 시장경제 가치를 공유하는 가까운 동반자'라며, 핵심광물 공급망 협력 중요성을 강조하고 있다.",정치
"이재명 대통령, 몽골 국빈방문…15년 만의 자원·북방외교 시동 이재명 대통령은 나토 정상회의를 통해 방산 협력 기반을 넓힌 데 이어 핵심 광물 공급망과 경제협력, 한반도 정세 공조를 위한 몽골 국빈방문에 나선다. 후렐수흰 대통령과 '한·몽 관계의 황금시대' 공동선언 추진핵심 광물·경제협력 확대에 한반도 정세 공조 협력 외연 확대 기대. 이 대통령은 울란바토르 도착 직후 공식 환영식을 시작으로 후렐수흰 대통령과 정상회담을 갖고 양국 협력 방안을 논의하며, 미래 협력 비전을 담은 '한·몽 관계의 황금시대' 공동선언도 발표할 예정이다.",정치
"'피습 자작극' 정이한, 10년지기와 범행 공모…선거 전 이미 시인 정 전 후보가 6·3 지방선거에 유리하게 하려고 자작극을 벌였으며, 이미 선거일 전에 경찰에 출석해 혐의도 시인했던 것으로 확인됐다. 정 전 후보와 A씨는 지난 4월 27일 부산 금정구 구서 나들목 인근에서 벌어진 음료 투척 자작극을 공모했다. 정 전 후보는 선거 이후 경찰 수사가 본격화하자 개혁신당을 탈당했고, 이후 돌연 정계 은퇴를 선언했다.",정치
"'피습 자작극' 인정 뒤에도 선거운동 강행…정이한 결국 구속 정이한 전 개혁신당 부산시장 후보가 5월 범행을 시인하고, 경찰 조사에서 범행을 인정했지만 선거운동을 계속했다. 경찰은 통화 내역과 CCTV 영상 등을 종합해 정씨와 A씨의 공모 사실을 확인했고, 구속영장을 신청했다. 정씨는 경찰 조사 이후에도 선거운동을 이어갔으며, 6·3 지방선거에서 1.56%의 득표율을 기록했지만 공직선거법 위반 등의 혐의로 구속영장이 발부됐다.",정치
"한은 ""기준금리 인상 필요…물가상승률, 목표치 웃돌 것"" 한은은 올해 국내 경제 성장세가 크게 확대될 전망이나, 주택시장 불안 및 레버리지 투자 가능성 등 관련 리스크에 유의해야 한다고 말했다. 한은은 수도권 주택 가격 상승세가 견조한 증가세를 지속하고, 기타대출도 큰 폭 늘어나며 가계부채 증가 압력도 확대되고 있는 만큼 주택시장 안정 및 가계부채 관리 노력이 필요하다고 말했다. 한은은 향후 소비자물가 상승률은 국제 유가 하락에 따른 하방 압력을 경기 개선에 따른 수요 압력 확대로 높은 수준을 지속할 전망이나, 물가 경로에 국제 유가와 환율의 움직임 등이 상하방 리스크로 상존할 것이라고 짚었다.",경제
"정부, 역대 최대 규모 유로화 외평채 발행 성공…최저 가산금리 달성 정부가 17억 유로 규모의 외국환평형기금채권을 성공적으로 발행했다. 이번 발행은 글로벌 우량 기관투자자 대상의 선진 발행(SSA) 방식으로 이뤄져, 3년물과 7년물 모두 역대 최저 가산금리를 기록했다. 이번 유로화 벤치마크 재정립으로 국내 기관의 해외 조달 비용도 낮아질 전망이다.",경제
"달러 대비 원화 환율, 장중 1500원 아래로…5월 29일 이후 처음 8일 달러 대비 원화 환율이 5월 말 이후 처음으로 장중 1400원대를 기록했다. SK하이닉스의 미국 나스닥 미국주식예탁증서(ADR) 상장을 앞두고 대규모 달러 유입 기대가 커진 데다 외국인 투자자의 국내 증시 순매도가 둔화하면서 환율을 끌어내렸다는 분석이 나온다. 국내 증시 조정으로 외국인 투자자의 순매도 규모가 줄어든 점도 환율 하락 요인으로 꼽힌다.",경제
"하이닉스 ADR 상장 기대 영향?…환율, 한 달여 만에 1,500원 아래로 원/달러 환율이 1,500원 아래로 내려갔으며, 5월 29일 이후 처음입니다. 외국인 투자자가 순매수로 돌아서면서 환율 상승 압력이 줄었습니다. 엔화는 약세를 이어가고 있으며, 원/엔 재정환율은 20원 가까이 하락했습니다.",경제
"""반토막 나서 링거 맞고 왔다""…삼전닉스 레버리지 '폭락'에 '아우성' 삼성전자와 SK하이닉스가 8일 급락하여 단일종목 레버리지 상장지수펀드(ETF)는 10% 이상 폭락했다. 개인 투자자는 이들 ETF를 매수중이고, 손실률이 50%를 넘어간 투자자들도 많았다. 레버리지 투자가 시장의 변동성을 키우는 '주범'으로 지목되고 있으며, 구윤철 부총리는 이를 안정화할 방안을 협의 중이다.",경제
"野박수영, ‘삼전닉스 ETF 폭락’에 “李정권 무리한 출시 배경 밝혀야... 박수영 의원은 삼성전자와 SK하이닉스 단일 종목 레버리지 ETF 상품 도입으로 인한 코스피 시장의 변동성과 개인 투자자 피해를 지적했다. 박 의원은 이재명 대통령과 김용범 청와대 정책실장의 책임을 물었으며, 이 대통령을 향해 '모든 과정을 보고받고 진행시킨 감독 역할이었을 것'이라며 주식시장을 도박판으로 만든 책임을 반드시 물어야 한다고 했다. 박 의원은 이재명 정권이 결정 과정을 스스로 밝히지 않는다면 국회 국정조사를 추진하겠다고 했다.",정치|경제
"中 6월 생산자물가 4.1%↑·4년만에 최고치…소비자물가도 1.0%↑ 중동 전쟁 여파에 따라 중국의 에너지 가격이 상승하여 지난달 소비자물가지수(CPI)와 생산자물가지수(PPI)가 상승세를 이어갔다. PPI는 4년 만에 최고 수준을 기록한 4.1% 상승률을 보였으며, 업종별로 비철금속 채굴 등이 물가 상승을 이끌었다. 6월 CPI는 지난해 동월 대비 1.0% 올랐으며, 공업 소비재 가격이 물가 상승 견인에 강한 영향력을 보였다.",경제
"신현송 “물가 오름세 목표치 상회…기준금리 인상 필요” 한국은행 총재 신현송은 기준금리를 2.5% 수준에서 유지해 왔으나, 향후 적절한 시기에 인상할 필요가 있다고 판단된다. 신 총재는 우리 경제가 글로벌 AI 확산에 따른 반도체 수출 호조 등에 힘입어 성장세가 확대됐으며, 물가 오름세도 크게 확대됐다. 한국은행은 대내외 불확실성 하에서 정부와의 공조를 통해 금융·외환시장의 안정을 적극 도모하고 있으며, 다양한 제도 개선도 추진하고 있다.",경제
"경상흑자 사상 최대…올 성장률 3% 갈까 한국의 5월 경상수지 흑자는 사상 최대 규모인 386억1000만달러로 집계됐다. 올해 1~5월 누적 경상수지 흑자는 1412억8000만달러로 지난해 연간 흑자 규모를 넘어섰다. 올해 경제성장률 전망치는 2.6%로 상향 조정됐으며, 올해와 내년 성장률 전망치 모두 선진국 중 가장 높은 수준을 나타냈다.",경제
"IMF·ADB, 韓 성장률 2.6%로 상향…반도체 훈풍 반영 ADB는 올해 한국 경제성장률 전망치를 2.6%로 대폭 상향 조정했다. 반도체와 AI 산업의 호조가 성장세를 견인하고 내수 회복세도 예상보다 견조하다는 판단에서다. 하지만 국제유가 상승에 따른 물가 부담과 미국 관세정책, 중동발 지정학적 리스크는 하반기 경기의 변수로 지목됐다.",경제|IT/과학
"건설경기 침체...일용근로자 고용안정 지원 제주지역 일용근로자와 건설기업이 고용안전 지원을 받게 됐습니다. 지원금은 일용근로자에게 1인당 25만 원씩, 건설기업엔 100만 원씩 두 차례 지급됩니다. 잔여 예산을 활용한 2차 모집 신청은 오는 13일부터 진행되며, 일용근로자 500명이 추가로 선정될 예정입니다.",경제
"DL이앤씨, 최고 수준 신용도 재확인… 건설 경기 침체 속 재무 경쟁력 '... DL이앤씨가 국내 주요 신용평가사들로부터 업계 최고 수준의 신용등급을 잇달아 확보하며 탄탄한 재무 경쟁력을 다시 한번 입증했다. 안정적인 수익성과 현금창출 능력을 인정받으면서 자금조달 경쟁력에서도 우위를 이어갈 것으로 전망된다. DL이앤씨는 원가율 개선과 균형 잡힌 사업 포트폴리오를 바탕으로 안정적인 실적 흐름을 유지하고 있다는 평가를 받았다.",경제
"울산산업 인공지능 전환 협의체 출범 ""대한민국 AX 거점으로"" 울산시가 9일 민관 협의체 '울산산업 AX 협의체'를 출범하여 제조산업 인공지능 전환(AX) 사업을 추진한다. 협약에는 13개 기업·대학·연구기관 관계자가 함께하고, 산·학·연·관 협력체계 구축을 통해 지속 가능한 협력 기반을 마련할 계획이다. 울산시장은 '기술, 인재, 현장 수요가 긴밀히 연결되는 협력 기반을 강화'하여 대기업 선도공정에서 검증된 인공지능 모형과 현장 적용 기술이 중소·중견기업과 협력사까지 확산할 수 있도록 추진하겠다고 말했다.",IT/과학
"‘킁킁’ 인공 코로 소변 냄새 맡고 인공지능이 분석하니··· 전립선암... 한국 연구진이 개발한 검사 플랫폼은 소변 냄새를 분석해 전립선암을 진단할 수 있다고 밝혔다. 플랫폼은 89%의 정확도로 전립선암 환자와 정상인을 감별할 수 있으며, 실제로 암이 있는 환자를 '양성'으로 판별하는 민감도는 96.4%였다. 연구진은 기존 검사법의 한계를 보완하고, 통증 없고 간편한 비침습적 방법으로 소변을 분석해 전립선암 진단 가능성을 제시했다.",IT/과학
"AI 고용충격 실시간 감지 상황판 구축…임금 보전 논의 착수 정부는 AI 직업훈련을 5년 내 100만 명 이상 지원하고, 고용위기 지역 특별지구를 지정·보호하여 일자리 충격을 최소화할 계획입니다. 한국형 카나리아 대시보드를 구축하여 AI가 일자리에 미치는 영향을 실시간으로 감지하고, 산업 전환의 정확한 예측값 산정에 한계가 있는 만큼 상시 모니터링 시스템을 구축해 적기 대응할 계획입니다. 고용위기 지역 '특별지구' 보호를 통해 소득 보전 방안 논의하고, 중장기적으로는 전환 과정에서 이직이나 전직, 또는 이주가 불가피한 노동자의 한시적 소득 공백 및 임금 하락분을 보전하는 방안에 대한 논의에 나선다.",경제
"中도 AI칩 부족…""엔비디아 H200 칩 기업들에 허용"" 중국 정부가 엔비디아의 AI 반도체 'H200'을 20만개 미만으로 제한적으로 허용, 주요 기술 기업들에게 구매를 승인할 수 있다고 밝혔다. H200 칩은 거대언어모델(LLM) 등 AI 모델을 학습시키는 용도로만 사용할 수 있으며, 추론 작업에는 사용할 수 없다. 엔비디아 주가는 간밤 정규장에서 3.7% 상승했지만, 실제 중국 기업향 매출이 반영되는 시점은 현재로서는 불투명하다.",IT/과학
"교보생명, 생성형 AI 시대 청소년에 ‘바른 AI 사용법’ 전한다 교보생명이 인공지능(AI) 기술을 안전하고 책임감 있게 사용할 수 있도록 청소년 1400명을 대상으로 교육에 나선다. 바른 AI 윤리탐험대는 일선 학교 현장으로 찾아가는 교육 프로그램으로, 학생들은 AI 윤리와 디지털 범죄 예방 교육을 받게 된다. 교보생명은 올바른 활용 원칙과 윤리 의식이 함께 갖춰져야 한다고 강조하며, 청소년들이 책임감 있는 디지털 시민으로 성장할 수 있도록 지원을 이어가겠다.",IT/과학
"KT, 생성형 AI 영상 공모전으로 청년 창작자 6인 발굴 KT는 AI 콘텐츠 제작을 위한 청년 창작자 6명을 최종 선발했다. 이번 공모전 수상자는 KT의 다양한 마케팅 프로젝트와 콘텐츠 제작에 참여하게 되며, Y박스 공개 투표에 따라 대상과 최우수상, 우수상을 받게 된다. KT는 청년 창작자들의 역량 강화를 지속 지원할 예정으로, 다양한 성장 지원 프로그램을 통해 청년 아티스트를 발굴하고 함께 성장할 수 있는 협업 기회를 확대할 계획이다.",IT/과학|문화/트렌드
"국회 문 계속 두드리는 경남도…""우주항공특별법, 더 이상 미룰 수 없다... 박일웅 행정부지사는 국회를 찾아 우주항공복합도시 건설 특별법의 조속한 제정을 요청했다. 이 법안은 글로벌 우주 경쟁력을 확보하기 위한 입법 골드타임을 놓쳐서는 안 된다는 절박함을 반영하고 있다. 우주항공복합도시 건설은 지역 균형발전을 넘어 우리나라의 미래 성장동력을 확보하기 위한 국가적 과제라는 점이 강조됐다.",IT/과학|정치
"경남·전남 우주항공 동맹… 특별법 총력 15일 국회 상생토론회에서 '우주항공 복합도시 건설 및 지원에 관한 특별법' 제정 논의가 열린다. 이번 토론회에서는 남해안 우주항공 산업벨트 구축 방안을 집중적으로 논의할 예정이다. 특별법 제정은 우주항공 복합도시 조성 근거를 마련하고, 산업벨트 구축, 기업·연구소 유치, 인재 양성 등을 지원하는 내용이 담겨있다.",경제
"""실체 없다"" 경쟁사 저격…삼현, 로봇 21개사 뚫는다 삼현은 로봇 액추에이터를 개발하여 휴머노이드 로봇을 움직이려는 계획을 가지고 있습니다. 삼현의 로봇 액추에이터 브랜드 '액슬론'은 표준 제품 라인업을 설계해 놓은 것과 3-in-1 일체형 기술을 내세워 경쟁력을 강조합니다. 삼현은 지난해 매출 950억원, 영업이익 8억원에 그쳤으며 향후 투자 계획을 가지고 있습니다.",IT/과학
"SK AX, 제조현장 로봇전환 서비스 본격화…자율형공장 구축 지원 SK AX가 제조 현장의 로봇 도입과 자율형 공장 전환을 지원하는 '제조 RX' 서비스를 본격 추진한다. 이 서비스는 제조 현장에 로봇을 도입하기 전 가상 환경에서 위험 요소를 검증하고 현장에서는 로봇이 작업 환경 변화를 인식해 스스로 대응하도록 지원한다. SK AX는 디지털 트윈과 피지컬 AI 기술을 결합해 공장 전체가 스스로 판단하고 움직이는 자율형 공장 구축을 지원한다.",IT/과학
"또 도둑질…中 넷플릭스 못 보는데 '참교육' 리뷰 수만건 달렸다 서경덕 교수는 중국 당국의 적극적 대응이 필요하다고 주장했다. 중국 SNS 플랫폼 '더우반'에 등록된 참교육 리뷰 사이트에서 불법 시청 의혹이 다시 불거졌다. 현재 참교육은 넷플릭스를 통해 전 세계 시청자들에게 큰 인기를 끌고 있는 상황으로, 중국 당국의 적극적 대응이 필요하다고 강조했다.",사회/세계
"또 훔쳐봤다?…넷플릭스 ‘참교육’ 안 하나 [잇슈#태그] 넷플릭스 시리즈 '참교육'을 일부 중국 누리꾼들이 불법으로 시청한 것으로 알려져 논란입니다. 중국 최대 리뷰 사이트 더우반에는 '참교육'에 관한 리뷰 페이지가 만들어졌으며, 약 14만 명 이상이 참여했습니다. 서경덕 성신여대 교수는 중국 당국이 불법 스트리밍에 대한 집중 단속과 재발 방지 대책을 시급히 마련해야 한다고 촉구했습니다.",사회/세계
"춘천 화동 2571, K-팝 커버댄스 무대 변신…8월 참가자 경연 춘천시는 'STEP UP! K-POP STAGE'를 개최, 케이팝 커버댄스 무대를 선보일 예정입니다. 참가자는 19일 오후 6시까지 인스타그램이나 포스터 QR코드를 통해 접수할 수 있습니다. 화동 2571은 청년 문화콘텐츠를 지속적으로 확대, 글로벌 K-팝 커버댄스 축제로 육성해 나갈 계획입니다.",문화/트렌드
"전북도 2026 K-팝 아카데미’ 참가자 모집…국내외 청소년 21명 선발 전북도가 K-팝 아카데미를 운영하여 차세대 인재를 육성하고 국제 문화 교류를 확대할 계획입니다. 아카데미 참가자들은 2주간의 교육을 통해 K-팝 제작 전 과정을 실습 중심으로 배우게 되며, 수료 이후에는 글로벌 문화홍보대사 역할도 수행할 예정입니다. 전북도는 K-컬처 국제 교류의 거점으로 성장할 수 있도록 아카데미를 내실 있게 운영할 계획입니다.",문화/트렌드
"크림 상반기 트렌드는 ‘IP’…포켓몬·원피스 카드 거래 열풍 캐릭터 지식재산권(IP) 기반 컬렉터블 아이템이 새로운 성장 축으로 떠올랐다. 포켓몬 30주년 효과와 원피스 카드 수집 열풍이 맞물리며 거래가 급증한 가운데, 취향 기반 소비도 빠르게 확대되고 있다. 한정판 큐레이션은 메가 IP, 고관여 테크 카테고리와 결합했을 때의 확장성을 보여준다.",경제
"""포켓몬 인기 이정도였어?""...크림, 2026 상반기 트렌드 리포트 발간 한정판 거래 플랫폼 크림이 발간한 '2026 상반기 트렌드 리포트'에 따르면, 캐릭터 지식재산권(IP) 기반 굿즈와 테크 카테고리로 나타난 가파른 성장세를 보인 영역은 '컬렉터블(수집용) 아이템'입니다. 올해 '포켓몬스터 30주년'을 맞아 관련 카테고리 거래액이 직전 반기 대비 약 7배 증가했으며, 포켓몬 트레이딩 카드 게임(TCG) 부문 거래액은 같은 기간 35배 폭증했습니다. 한정판 게이밍 마우스를 선보인 '로지텍'은 직전 반기 대비 거래액이 120배 이상 급증하며 테크 브랜드별 거래액 성장률 1위를 차지했으며, 플레이스테이션과 삼성전자의 테크 제품 거래액도 각각 3.4배, 2.7배 증가했습니다.",문화/트렌드
"강원 호우특보..사건사고 현황 강원특별자치도에 호우특보가 내려진 가운데 나무가 쓰러지는 사고가 발생했다. 춘천시, 인제군, 홍천군 등지에서 나무가 쓰러졌으며, 영월군에서는 낙석이 떨어졌다. 호우특보 관련 사건과 사고가 잇따라 발생하여 지역민의 안전을 우려하는 상황이다.",사회/세계
"[8일 사건사고] 상주 당진영덕고속도로서 트럭 추돌 사고…1명 사망 1명... 트럭 추돌 사고가 발생해 1명이 사망, 1명이 중상으로 병원에 이송됐다. 화재와 교통사고가 잇따라 발생해 4명이 다쳤다. 소방당국은 재산 피해 규모를 조사하고 있다. 다세대주택 화재로 90대 여성 숨지고 1명 부상으로 병원에 이송됐다.",사회/세계
CCTV조차 제대로 분석안한 警…‘윗선’ 겨냥한 검찰 광주 여고생 살해범 장윤기(23) 사건에 대한 경찰의 초동수사 부실 의혹이 속도를 내고 있다. 검찰은 경찰이 범행 장면이 담긴 CCTV 영상을 확보했지만 별도의 정밀 분석 없이 사건을 송치한 것으로 파악됐다. 檢는 이 같은 증거 누락이 박 경감 등 현장 수사팀 차원의 판단에 그쳤는지 여부를 확인하고 있다.,사회/세계
"[단독] 검찰, 장윤기 수사팀원 2명 참고인 조사…경찰 조사는 불발 광주 광산경찰서 수사팀원 2명이 검찰에 출석해 장윤기 살해범 사건 관련 주요 증거 누락 의혹을 받고 있다. 검찰은 이들을 상대로 장윤기가 범행 당시 이용한 차량에 있던 '케이블 타이' 등 주요 증거를 누락한 이유와 수사팀이 증거인멸에 가담했는지 조사 중이다. 경찰도 부랴부랴 조직 내부 비위에 대한 수사에 나서면서 '수사 경쟁'이 붙은 양상으로, 장윤기 사건 수사팀의 제식구 감싸기, 증거인멸 의혹 등을 밝혀나가고 있다.",사회/세계
"현대차 노조, 13일부터 사흘간 부분파업 현대자동차 노동조합이 13~15일 부분파업을 실시하여 사측의 추가 제시안을 압박하고 있다. 사측은 월 기본급 8만9000원 인상, 성과금 350%+1000만원, 자사주 15주 지급 등을 담은 3차 제시안을 내놨다. 올해 임단협 교섭 난항으로 파업이 이어가고 있으며, 노조는 물가 상승을 반영한 실질 임금 인상이 필수적이라고 주장하고 있다.",경제
"민주노총 ""원청 사용자, 교섭 나와라""…15일 총파업 투쟁 선포 민주노총은 15일 총파업을 선포하여 원청 교섭을 요구하고, 하반기 더 큰 규모의 투쟁을 예고했다. 올해를 원청교섭 원년으로 삼아 진짜 사용자인 원청을 교섭의 자리로 끌어낼 것.",경제
"李대통령, 국빈방문 공식환영식…곧 한-몽골 정상회담 이재명 대통령은 몽골을 국빈방문하여 오흐나 후렐수흐 대통령과 의장대를 사열하고 있다. 이 대통령은 몽골 전통의상을 입은 화동들로부터 꽃을 건네받았으며, 양국 국가의 애국가가 연주되는 도중에는 몽골 측에서 국가원수에 대한 예우를 상징하는 예포 21발을 발사했다. 이후 이 대통령은 몽골 군 의장대의 사열을 받았으며, 회담에서는 한반도와 지역 내 평화와 안정을 위한 협력 방안과 핵심광물 공급망 관련 교류 확대 등이 중점적으로 논의될 전망이다.",정치
"이 대통령, 15년 만에 몽골 국빈 방문...공식 환영식 참석 [현장영상+] 이재명 대통령은 15년 만에 몽골을 국빈 방문하여 공식 환영식을 참석했습니다. 이번 회담을 계기로 두 나라의 비전을 담는 한몽관계 황금시대 공동선언도 발표될 전망입니다. 이재명 대통령과 김혜경 여사는 사흘간 몽골을 국빈 방문하여 정상회담을 진행하고 양해각서 교환식과 공동 언론발표 일정들을 소화할 예정입니다.",정치
"국회, 축협 청문회 박지성·손흥민 호출…정몽규·홍명보 소환 홍명보 대한민국 축구국가대표팀 감독이 2026 북중미 월드컵 A조 조별리그 1차전 경기를 앞두고 공식 기자회견을 열었다. 대한축구협회를 대상으로 한 국회 청문회가 오는 22일 개최되며, 정몽규 전 대한축구협회 회장과 홍명보 전 남자 축구 국가대표팀 감독 등이 증인으로 채택됐다. 국회 문화체육관광위원회는 9일 전체회의를 열고 청문회 실시계획서 채택의 건과 증인 및 참고인 출석 요구의 건을 의결했다.",문화/트렌드|사회/세계|정치
"홍명보 전 감독, 22일 국회 청문회 출석 의사... ""미국행, 도피 아닌 살... 홍명보 전 축구 국가대표팀 감독이 9일 입장문을 발표해 사과하고, 국회 청문회에 출석하겠다는 뜻을 공식적으로 밝혔다. 홍 전 감독은 '미국 도피 논란'에 대해 직접 입을 열어 가족 신변 위협에 따른 불가피한 선택이었다고 설명했다. 홍 전 감독은 청문회에서 월드컵 결과에 대한 책임을 지고, 어떠한 질문도 피하지 않을 것이라고 강조하며 사과했다.",문화/트렌드|정치
"한미일 외교장관, NATO 계기 회담…SMR 협력각서 체결 조현 외교부 장관이 북대서양조약기구(NATO) 정상회의를 계기로 미국, 일본 외교 수장과 만나 한반도 비핵화 원칙을 견지하고 경제안보 협력 방안을 논의했다. 한·미·일 3국 장관은 한반도 정세를 평가하고 대북 공조를 지속하기로 했다. 또한, 초국경범죄 대응과 재난구호·인도적 지원, 북극 등 분야에서도 협력을 확대하기로 했다. 경제안보 분야에서는 원자력, 인공지능(AI), 양자기술 등 첨단기술 협力を 심화하고 공급망 회복력 강화와 경제적 강압 대응을 위한 공조를 강화하기로 했다.",정치
"프랑스·시리아 정상, 대사급 외교관계 복원 합의 마크롱 프랑스 대통령은 시리아 대통령 알샤라와의 회담에서 대테러 군사 협력 등에 합의하고, 아사드 정권 붕괴 당시 축적된 불법 자산을 반환하기로 했다. 프랑스는 이스라엘의 긴장 고조 행위를 저지해달라고 요청한 시리아 대통령 알샤라와의 지원을 약속했다. 마크롱 프랑스 대통령은 시리아군의 장비 현대화 및 무기 체계 다변화를 지원하기 위한 파트너십 구축도 모색할 것이라고 밝혔다.",사회/세계
"경찰에 자작극 혐의 인정한 정이한…선거캠프 주변 몰랐나 정이한 전 개혁신당 부산시장 후보가 5월 중순에 범행을 공모하고, 선거운동을 계속 이어간 것으로 확인됐다. 정 후보는 갑작스러운 긴급 기자회견 취소 등 특이한 행보를 보였으며, 선거 운동을 재개했다. 경찰은 정 후보의 진술을 선거 중 확보했지만, 빨리 공개하지 않았는지에 대한 비판도 나왔다.",정치
"정이한, '음료테러 자작극' 시인하고도 지선 완주…""선거 유리하게 하려... 정 전 후보는 '음료컵 테러' 자작극 의혹으로 구속됐으며, 경찰 조사를 받으면서도 선거를 끝까지 완주한 것으로 확인됐다. 정 전 후보가 예비후보 등록 이후 선거가 어렵다는 고민을 주변에 지속해서 털어놓았고, 선거가 임박한 시점부터 공범 A 씨와 자작극을 공모한 것으로 보고 있다. 경찰은 정 전 후보와 A 씨의 금전 거래 여부와 추가 공모 가능성을 계속 확인한 뒤 다음 주 중 사건을 검찰에 송치할 예정이다.",정치
"한은 총재 ""적절한 시기에 기준금리 인상할 필요 있다는 판단"" 신현송 한국은행 총재는 기준금리를 인상할 필요가 있다고 판단된다. 한국 경제는 반도체 경기 호조와 중동 지역 긴장이 완화됨에 따라 견조한 성장세를 지속할 전망이다. 국내 금융 시스템은 대외 여건의 높은 불확실성에도 실물 경제의 성장세 확대와 금융기관의 양호한 복원력 등에 힘입어 대체로 안정적인 모습.",경제
"20일부터 우체국에서 은행 대출 받는다…0.2% 우대금리 제공 한국우정사업본부는 20일부터 전국 20곳의 우체국에서 4대 은행의 개인신용대출 및 정책대출을 신청할 수 있도록 '은행대리업 시범사업'을 시작한다. 이번 시범사업은 지방을 중심으로 빠르게 늘고 있는 디지털 취약계층의 금융 소외현상을 해결하려는 취지다. 우체국 창구에서 대출을 신청하는 고객들은 별도 혜택도 받을 수 있으며, KB국민·우리·하나은행은 0.2%포인트의 우대금리를 제공할 예정이다.",문화/트렌드|경제
"환율, 중동 긴장 고조에 반등…1,506.1원 코스피와 코스닥이 이틀 연속 급락을 딛고 반등해 9일 서울 중구 하나은행 본점 딜링룸 현황판에 표시되고 있다. 원/달러 환율이 저가 매수 유입과 중동 긴장 고조에 반등해 1,500원대로 올라섰다. 환율 상승폭을 제한하는 외국인 투자자의 순매수와 SK하이닉스 ADR 기대 등 요인이 강하게 충돌하고 있다.",경제
"금통위 1주일 앞 … 신현송 ""환율 변동성·집값 상승 경계, 금리 인상 필... 한국거래소가 8.8GW의 전력을 공급하여 반도체 산업에 지원을 제공하고 있습니다. 금융위원회는 레버리지 ETF를 시장 변동성과 무관하게 관리하고 있으며, 과징금·과태료 미수납액 1005억원으로 투자경고 없애고 있습니다. 코스피가 '브레이크' 사라지고 '악셀'만 2개 됐으며, 신한금융이 글로벌 조세리스크 대응 강화하여 韓 증시를 지원하고 있습니다.",경제
"'주식 1억 손절' 미자, '몰빵' 하이닉스 폭락 충격..""실화입니까""[스타이... 한국어 뉴스 요약 전문가가 제공하는 본문 분석 결과입니다. 본문은 언론사의 분류를 따르는 개별 기사 섹션 정보를 제공합니다. 해당 언론사는 선정하여 언론사 페이지로 이동할 수 있습니다.",문화/트렌드
"주가 910 폭락→카드론 668% 폭증…반대매매 막으려 '빚 돌려막기' 한국 주식시장이 폭락할 때 카드론 신청이 급증하는 것으로 나타났다. 지수폭락으로 서킷브레이커가 발동하자 일부 카드사에선 카드론 신청이 7배가량 늘어나기도 했다. 카드업계는 최근 코스피 시장의 변동성에 카드론이 큰 영향을 받으며, 주식시장이 폭락하는 날이면 카드론 신청건수가 급격히 늘어나는 것이다.",경제
"신현송 ""기준금리 인상 필요""…물가·환율·주택가격 불안 지목 신현송 한국은행 총재는 기준금리 인상 필요성을 언급해, 물가 오름세와 성장세 개선, 금융안정 리스크 확대 등을 고려할 때 적절한 시기에 기준금리를 인상할 필요가 있다고 판단된다. 한국은행은 지난해 7월 이후 기준금리를 연 2.5%로 유지해 왔다. 그러나 최근 물가 상승률이 목표 수준을 웃돌고, 경기 회복세가 이어지는 가운데 주택시장과 가계부채 등 금융안정 리스크가 커지면서 통화정책 방향 전환 가능성을 시사한 것으로 풀이된다. 신 총재는 국내 경기와 관련해 반도체 수출 호조를 주요 성장 요인으로 꼽았다. 그는 '우리 경제는 글로벌 AI 확산에 따른 반도체 수출 호조 등에 힘입어 성장세가 확대됐으며...'라고 말했다.",경제
"신현송 한은 총재 ""물가·성장세 감안해 기준금리 인상 필요"" 신현송 한국은행 총재는 기준금리를 인상할 필요가 있다고 판단하며, 물가 오름세와 성장세 개선, 금융안정 리스크 증대 등을 고려할 것이다. 한국은행은 향후 통화정책을 물가, 경기, 금융안정 여건을 종합적으로 고려해 운용하겠다고 밝혔다. 신 총재는 우리 경제의 성장세를 견조할 것으로 내다보며, 대체로 안정적인 모습을 유지하고 있지만 금융·외환시장 변동성도 지속되고 있다고 평가했다.",경제
"[단독] 정부, ‘동복댐’ 국가 소유 전환 추진… “호남 반도체 속도전... 기후에너지환경부는 전남광주통합특별시의 동복댐을 국가 소유로 전환하여 증고 사업을 신속하게 추진할 계획이다. 동복댐의 높이를 15m 높여 하루 취수량을 60만t 이상으로 늘리는 등 용수 공급량을 확보하는 시간을 단축할 수 있을 것으로 본다. 정부는 동복댐을 국가 소유로 전환해 사업을 추진하면 사업 기간을 기존 10년에서 3년11개월로 6년 이상 단축할 수 있을 것으로 본다.",경제|IT/과학
"반도체가 끌어올린 韓성장률…IMF 이어 ADB도 2.6%로 아시아개발은행과 국제통화기금이 한국의 경제성장률 전망치를 2.6%로 높였습니다. 반도체 수출 확대와 소비 호조가 성장세를 뒷받침할 요인으로 제시됐습니다. 물가상승률은 올해 2.7%, 내년 2.2%로 제시됐으며, 에너지 가격 상승분을 반영해 높였습니다.",경제|IT/과학
"니켈價↓, 中 경기 침체 스테인리스 약세 7월 1주차 국제 광물가격은 약세를 나타냈다. 미·이란 협상 불확실성과 미국 달러 강세가 원자재 투자 심리를 위축시키며 동과 니켈 가격 하락을 이끌었다. 철광석 가격은 중국 내 공급 차질 우려와 항만 재고 감소 영향으로 소폭 상승하며 광종별 차별화된 흐름을 보였다. 리튬 가격은 공급 과잉과 수요 회복 지연 영향으로 약세를 지속했다.",경제
"코레일, 경기침체로 ‘운임 동결·할인’...철도화물 상생대책 시행 코레일은 경기침체에 대응하여 운임 동결과 할인 조치를 내렸다. 이러한 조치는 철도화물 상생대책을 시행하는 데 도움이 될 것이다. 코레일은 경기침체의 영향을 최소화하기 위해 다양한 대응책을 강구하고 있다.",사회/세계
"인공지능(AI)·충효예로 ‘통하는 충남’ 만든다 충남도는 AI 기본사회와 산업혁신을 중심으로 조직개편안을 마련, 10일자로 입법예고한다. 도는 AI기본사회복지실과 AI산업혁신국을 신설·개편해 AI를 접목한 사회연대경제 활성화, 행정통합과 균형발전 등을 추진할 계획이다. 도민 의견 수렴을 통해 조직개편 최종안을 확정하고 7월 31일부터 시행할 예정으로 도의회에 제출할 계획이다.",IT/과학
"수은, 인공지능으로 업무 혁신…'가짜 일' 퇴출한다 한국수출입은행이 '가짜 일'을 걷어내고 AI를 활용한 전 행적 업무 효율화에 나선다. AI 기반 지능형 워크스페이스를 구축하여 업무의 본질에 집중하고, 고객 기업이 체감하는 편의성을 높일 계획이다. 수은은 AI 중심의 새로운 업무 환경을 통해 불필요한 형식에 얽매이지 않고 창의적인 아이디어가 자유롭게 공유되는 혁신적 기업 문화를 정착시키겠다고 밝혔다.",IT/과학
"오세훈, 서울XR센터서 AI인재들과 소통…""지원 지속 확대"" 오세훈 서울시장은 AI·XR 교육 현장을 방문해 50여명과 간담회를 가졌으며, 서울XR센터를 중심으로 AI·XR 산업 육성을 위한 전 주기 지원 체계를 운영하고 있다. 서울시는 국내외 전시회 참가, 바이어 매칭, 글로벌 시장 진출 지원 등을 확대해 서울XR센터를 청년 인재와 기업이 함께 성장하는 AI·XR 산업 거점으로 육성할 계획이다. 오 시장은 'G3 서울'의 미래를 만들어가겠으며, 유망 기업들이 '죽음의 계곡'을 넘어 성장하고 청년들이 미래 기술을 배우며 도전할 수 있도록 실증부터 사업화, 판로 개척까지 전 주기 지원을 지속 확대해 상암 DMC를 AI·XR 융합 산업의 글로벌 거점으로 키워나가겠다고 밝혔다.",IT/과학
"티맵, AI·숏폼 무기로 '이동 라이프 플랫폼' 도약 나선다 [현장+] 티맵모빌리티는 길 안내 서비스를 넘어 이동 전 탐색부터 이동 중 주행, 이동 후 기록과 공유까지 연결하는 '이동 라이프 플랫폼'으로 진화하고 있습니다. 티맵은 신규 서비스 '티맵 숏폼'을 공개하여 이용자가 남긴 숏폼과 리뷰, 이동 데이터를 AI 학습에 활용해 개인 맞춤형 장소 추천을 고도화합니다. 티맵은 하반기 '어디갈까' AI 개인화 개편을 계획하여 실제 이동 데이터와 방문 통계를 함께 활용해 장소 추천의 신뢰도를 높이고 대화형 AI 에이전트를 통해 이용자의 상황과 취향에 맞는 탐색 경험도 제공할 계획입니다.",IT/과학
"신한투자증권, 생성형 AI·랜섬웨어 등 보안투자 강화 신한투자증권은 사이버 위협에 대응하기 위해 정보 보호 투자와 보안 역량을 지속적으로 강화하고 있다. 정보보호 투자액은 약 171억원, 정보기술(IT) 투자 대비 정보보호 투자 비중은 11.2%로 높은 수준이다. 신한증권은 클라우드 보안, 개인정보 보호, 이상거래 탐지 등 다양한 영역에 걸쳐 통합 보안 체계를 지속적으로 발전시키고 있다.",IT/과학
"수출입은행, 생성형 AI 도입…여신심사·신용평가 효율화 한국수출입은행이 AI 기반 지능형 워크스페이스를 구축하여 업무 혁신에 나선다. AI를 활용해 여신심사와 신용평가 등 핵심 업무에 역량을 집중하고, 반복적인 데이터 검증 업무를 자동화할 계획이다. 이번 사업을 통해 불필요한 행정 업무를 줄이고 업무 효율성을 높이는 한편, 확보한 역량을 여신심사 고도화와 대외 금융 서비스 개선으로 연결할 계획이다.",IT/과학
"“우주항공복합도시 특별법, 더 이상 미룰 수 없다”… 경남도, 국회 찾... 박일웅 행정부지사는 국회 국토위 방문해 '우주항공복합도시 건설 특별법'의 조속한 통과를 위한 협조를 요청하고 있다. 경남도는 박일웅 행정부지사가 9일 국회 국토교통위원회 소속 의원실을 차례로 방문해 특별법 제정의 필요성을 설명하고, 법안 통과를 위한 국회 차원의 적극적인 협조를 요청했다. 박 부지사는 '우주항공복합도시 건설 특별법'은 대한민국이 세계 5대 우주항공 강국으로 도약하기 위한 첫 단추이자, 글로벌 시장에서 생존하기 위한 필수 법안이라며 국회에 협조를 요청하고 있다.",정치
"진주시, 우주항공 등 140억 규모 국비 반영 건의 경남 진주시가 우주항공 분야 등 주요 현안 사업의 정부예산 반영을 위해 중앙부처를 찾았다. 조규일 시장이 기획예산처, 문화체육관광부, 중소벤처기업부 등을 방문해 140억 원 규모의 9개 사업에 대한 국비 지원을 건의했다. 이번 국비 건의는 우주항공산업, 문화관광, 창업 기반을 진주의 미래 전략과 어떻게 연결할 것인지가 핵심으로 지역경제 활력 불어넣고 미래 성장 기반을 확보하는 데 필요한 사업들이 내년도 정부 예산안에 반영될 수 있도록 노력하겠다.",경제
"AI·로봇·청년 앞세운 건설산업…""미래 성장동력으로 키운다"" 대한건설단체총연합회장은 '2026 건설의 날' 기념식에서 로봇과 AI를 접목한 스마트 건설을 추진하여 국가 성장 동력으로 키우겠다는 청사진을 제시했다. 한 회장은 'AI·로봇·드론 등 첨단기술 도입으로 생산성과 안전을 동시에 혁신하고, 스마트 건설로 미래 경쟁력을 확보해야 한다'고 말했다. 정부는 4000조원 규모의 3대 메가 프로젝트를 추진하여 건설산업 도약의 역사적 기회를 제공할 계획이다.",경제|IT/과학
"로봇 도입으로 자율형 공장 완성… SK AX, 제조현장 RX 앞당긴다 SK AX가 제조 현장의 운영체계를 로봇 중심으로 혁신하여 자율형 공장을 구축하고, 다양한 제조사의 로봇들을 하나의 운영 체계로 묶는 '제조 RX 풀스택 서비스'를 본격화한다. 이 서비스에서는 로봇 도입 전 가상 검증부터 현장 자율 제어, 공장 전체의 통합 운영까지 전 단계를 원스톱으로 지원하며, 피지컬 AI를 적용하여 예기치 못한 장애물이나 작업 환경 변화를 스스로 인식하고 판단해 작업 방식을 능동적으로 조정할 수 있다. SK AX는 이 서비스를 통해 자율형 공장 구축을 돕겠다는 계획으로, 인력 부족과 생산성 저하 등 국내 제조업의 당면 이슈를 해소하기 위해 다양한 산업군으로 서비스를 지속 확대할 계획이다.",IT/과학
"넷플릭스 中서 서비스 안 하는데…'참교육' 불법시청 논란 서경덕 교수는 중국 소셜미디어 플랫폼 더우반에서 '참교육'을 불법으로 시청하고 있는 누리꾼들이 있다고 주장했다. 중국의 소셜미디어 플랫폼 더우반에서는 '참교육'의 평점이 8.7점으로, 별점 평가에 약 14만명이 참여해 리뷰 개수는 5만여개다. 서 교수는 중국 당국의 적극적인 대응이 필요하고, 불법시청이 일상화된 상황을 방치하지 말고 자국 내 불법 행위에 대한 집중 단속과 재발 방지 조치를 강조했다.",사회/세계
"""14만명이 별점 줬다""…넷플릭스도 없는데 '참교육' 본 중국? 넷플릭스 시리즈 '참교육'이 중국에서 불법으로 시청되고 있다는 비판이 제기됐습니다. 서경덕 성신여대 교수는 중국 누리꾼들이 불법으로 시청했을 가능성이 높은 것으로 추정된다고 설명했습니다. 중국 당국의 적극적인 대응이 필요할 때.",사회/세계
"올해 상반기 K팝 트렌드는 '하우스'...최장 1위 곡은 이 노래 멜론 주간차트 최장 1위는 AKMU였다. '기쁨, 슬픔, 아름다운 마음'과 '소문의 낙원' 등을 나란히 일간 차트 1위에 올리며 아티스트 기준 41일간 차트 정상을 차지했다. 올 상반기 K팝 음원 스트리밍 시장에선 하우스가 약진하고 악뮤(AKMU), 아이브와 같은 아티스트들이 선전한 것으로 나타났다. 하우스 장르가 K팝의 새 트렌드로 돌아왔다. 올해 상반기 멜론 이용자들이 좋아요를 가장 많이 누른 곡도 AKMU의 ‘기쁵, 슬픔, 아름다운 마음(8만4891개)’이었다.",문화/트렌드
"""K팝 넘어 K-뮤직으로""…문체부, 인디음악·중소기획사 키운다 문화체육관광부는 8일 '음악산업 생태계 강화를 위한 현장간담회'를 열어 대중음악 기획사와 유관 협회의 참여를 모색하고 있다. 이번 간담회에서는 중소·중견 기획사 지원, 인디음악 육성, 금융지원 확대 등 현장의 정책 요구를 청취할 예정이다. 최휘영 장관은 '중소기획사 글로벌 도약 지원' 사업 확대와 음악 제작비 세액공제, 융자 도입 등 금융 지원 방안을 추진하겠다고 밝혔다.",경제
"웰니스 트렌드로 떴다…‘단백하니’, 1년만에 130만개 판매 CJ제일제당의 단백질 라이프스타일 브랜드 '단백하니'가 출시 1년 만에 누적 판매량 130만개를 돌파했다. CJ제일제당은 K-팝 아티스트 '알파드라이브원(ALPHA DRIVE ONE)'을 브랜드 모델로 발탁하고, 7월 한 달간 팝업 스토어 '서울 스낵 클럽'을 운영한다. 이달 초 '단백하니 프로틴바 피스타치오 더블초코'를 새롭게 출시하는 등 브랜드 포트폴리오를 지속 확대하고 있다.",문화/트렌드
"[푸드다이닝트렌드] 하림 맥시칸, 당 부담 낮춘 '저당 닭강정' 출시 外 Taco Bell Korea's CSO, Han Jong-soo, said that the 'After Hour' campaign is designed to allow customers to enjoy Taco Bell's menu and drinks together in the evening. The company has expanded its liquor menu to include beer, spirits, and highballs.",사회/세계
"[사건사고] ""펑하는 소리에 불길""…파주 화재에 4명 부상 外 경기 파주시의 한 아파트에서 큰 불이 나 4명이 부상, 주민 21명은 자력으로 대피했습니다. 소방당국은 인력 100여 명과 장비 44대를 투입해, 화재를 완전히 껐습니다. 소방당국은 신속한 판단과 대처로 무응답 신고가 소방의 정확한 판단과 신속한 대처로 큰 인명피해를 막았습니다.",사회/세계
"[단독] 검찰, 현직 경찰 '장윤기 아버지' 소환 조사 검찰은 장윤기 살해범의 아버지인 현직 경찰관을 조사 중으로, 증거인멸 의혹 등을 받고 있는 것으로 확인됐다. 검찰은 장 경감을 상대로 장윤기가 범행 당시 이용한 스포츠유틸리티차 조수석에 있던 케이블타이를 가져간 경위와 당시 상황 등에 대해 조사할 예정인 것으로 전해졌다. 검찰은 수사과정에서 기밀을 누설하고 증거인멸을 방조한 혐의 등을 받고 있는 광주 광산경찰서 소속 경찰관들에 대한 대면조사를 시작했다.",사회/세계
"“재판 개입에 초법적 강제조사”… 전직 지검장들, 검찰미래위 정면 비... 검찰인권존중미래위원회(검찰미래위) 진상조사단의 활동이 법치주의를 흔드는 행위라며 전직 검사장들이 강하게 반발하고 나섰다. 조사단이 현행 사법 절차에 부당하게 개입하는 결과를 낳을 수 있다고 우려했으며, 초법적 수단을 동원하고 있다는 비판도 제기됐다. 검찰미래위가 조사를 진행 중인 사안은 정치적으로 민감한 주요 사건 7건으로, 이에 법무부와 대검찰청은 인권 보장과 미래 개혁이라는 명분 뒤에 숨은 법치주의 훼손 행위를 즉각 중단해야 한다.",사회/세계
"포스코 파업 위기 고조…노조, 찬성률 92.2%로 쟁의행위 가결 포스코노동조합은 2026년 임금 및 단체협약 관련 쟁의행위 찬반투표에서 투표율 97.1%, 투표 조합원 기준 찬성률 92.2%로 쟁의행위를 가결했다. 노조는 회사가 '역대급 경영위기'를 이유로 노동자들에게 고통 분담을 요구하면서도 지주사 배당 정책과 자금 운용 기준은 공개하지 않고 있다고 비판했다. 노조는 쟁의대책위원회를 중심으로 단계적인 대응에 나서겠다고 경고하며, 회사가 현장이 납득할 수 있는 책임 있는 제시안을 가지고 성실하게 교섭에 임해야 한다고 강조했다.",경제
"현대차 노조, '성과금 350%+1000만원' 거부…부분 파업 결의 현대자동차 노조가 13∼15일 파업을 결정하여 성과급 30% 지급 요구를 강조했다. 노조는 8만9000원 인상과 성과금 350%+1000만원, 주식 15주 지급 등을 요구했지만 회사 측이 받아들이지 않았다. 노조는 올해 임금협상에서 14만9600원 인상과 성과급 회사 순이익의 30% 지급, 상여금 800%(현 750%)로 인상, 정년연장 등을 요구하고 있다.",경제
몽골 도착한 이 대통령…15년 만에 '국빈 방문' 이재명 대통령과 김혜경 여사는 몽골을 국빈 방문하여 핵심광물 공급망·한반도 평화 논의를 진행할 예정입니다. 이 대통령은 후렐수흐 몽골 대통령과 정상회담을 갖고 협정·MOU 교환식 및 공동언론발표를 통해 이번 정상회담 성과를 알리는 시간을 갖습니다. 한반도 평화 실현을 위한 파트너십 구축 성과도 기대할 수 있을 것으로 보입니다.,정치
"여야, 국회 정상화 협상 진통…조의장 ""제헌절前 원구성 완료"" 조정식 국회의장은 양당에 제헌절 전까지 원 구성을 완료해달라고 촉구했다. 전반기 국회에서 처리되지 못한 법안이 59건 정도 있고 민생 법안 처리가 시급한 만큼 해당 일정도 함께 빠르게 합의해 달라고 주문했다. 국회가 조기에 정상화될 수 있게 빠르게 협의해 달라고 요청했으며, 전반기 국회에서 처리되지 못한 법안을 조속히 처리하달라는 요구를 했다.",정치
"주담대, 금리는 오르고 한도는 낮아진다 국민은행이 오는 10일부터 수도권과 규제지역의 주택구입자금 대출 최대한도를 6억원에서 3억원으로 축소하기로 했다. 규제지역 외 지역도 동일하게 최대 3억원 한도가 적용된다. 국민은행이 이 같은 조치를 취하는 것은 금융권의 새로운 정책에 따르는 것임을 나타내는 바이다.",경제
"신현송 ""적절한 시기 금리인상 필요""…물가·성장·금융불균형 동시 지... 한국은행 총재 신현송은 물가 상당기간 높은 상승률을 이어갈 것이라고 예측하며, 기준금리 인상 가능성을 언급했다. 신 총재는 성장세 개선과 금융안정 리스크 증대를 이유로 '적절한 시기에 기준금리를 인상할 필요가 있다'고 밝혔다. 한국은행은 대내외 불확실성 가운데서도 정부와의 공조를 통해 금융·외환시장의 안정을 적극 도모하고 있다.",경제
"[속보] 국토부, 반도체 산단 예정지 광주 군공항 인근 토지거래허가구역... 국토교통부는 호남 반도체 첨단국가산단 사업 예정지 일원 364.19㎢를 토지거래허가구역으로 지정, 개발 기대감에 따른 투기 수요 유입을 우려해 지가 상승과 투기성 거래 사전 차단을 목적으로 추진해왔다. 호남권 반도체 산업단지 조성 예정지인 광주 군공항 부지와 인근 지역이 토지거래허가구역으로 지정됐으며, 일정 면적 이상의 토지를 거래하려면 관할 지방자치단체장의 허가를 받아야 한다. 토지거래허가구역 내에서 실이용 목적이 아닌 투기성 거래는 제한되며, 해당 지역은 전남광주통합특별시 동구와 서구, 남구, 북구 광산구와 나주시, 장성군, 화순군이 포함된다.",경제|IT/과학
"[속보] '반도체 기대감' 광주 군 공항 주변 토지거래허가구역 신규 지정 정부가 광주 군 공항 부지와 주변 지역을 토지거래허가구역으로 지정하여 부동산 시장이 과열되는 것을 막기 위해 기대감 속 개발을 기대합니다. 토지거래 허가구역으로 지정되면 일정 규모 이상의 토지를 사고팔 때 지자체 승인을 받아야 하며, 투기성 거래는 사실상 제한됩니다. 총 364만k㎡를 오는 14일부터 2년간 토지거래 허가구역으로 신규 지정할 계획입니다.",경제|IT/과학
"극도로 침체된 철강 경기 속에 포스코 노조 쟁의 행위 가결...포항 지역... 포스코노동조합의 쟁의행위 안건이 97.1%의 찬성으로 가결됐다. 노조는 향후 추가 교섭과 중앙노동위원회 조정 절차를 거칠 예정이며, 이 과정에서도 합의가 이뤄지지 않을 경우 파업 절차에 돌입할 수 있다. 포스코 노사는 지난 6월 12일 상견례 이후 올해 임금 및 단체협약을 위한 교섭을 세 차례 진행했으나 합의에 이르지 못했다.",문화/트렌드
"40주년 '신라면', 세계 트렌드의 중심 뉴욕 사로잡는다 농심이 '신라면'을 미국 뉴욕에서 출시 40주년을 맞아 K-푸드 대표 브랜드 위상을 공고히 할 계획이다. 농심은 현지 한식 레스토랑 '아토보이'와 협업, 독창적인 요리를 선보이고 있는 '신라면 팬케이크'를 선보인다. 농심은 오는 28일 뉴욕 라디오 파크에서 열리는 아토보이 10주년 기념행사에도 참가, '신라면 분식' 부스를 통해 셰프, 미식가 등 주요 인사들에게 시식 기회를 제공할 예정이다.",문화/트렌드
"[MD트렌드] 황치즈 열풍, 장수과자도 바꿨다…오리온, 31년 만에 '미쯔 ... 오리온이 신제품 '미쯔 황치즈'를 출시, 31년 만에 새로운 맛과 비주얼을 선보인다. 미쯔 황치즈는 기존 제품의 식감은 그대로 유지하면서 황치즈 맛 비스킷에 달콤한 화이트칩을 더해 단짠 풍미를 살렸다. 이번 신제품도 모디슈머 트렌드 반영, 요거트와 빙수, 아이스크림 토핑 등 다양한 디저트 조합 가능하고 홈베이킹 재료로도 활용할 수 있다.",라이프
"李대통령, 몽골 국빈방문 시작…'한몽관계 황금시대' 선언 예정 이재명 대통령이 15년 만에 몽골을 방문하여 오흐나 후렐수흐 대통령과 의장대를 사열하고 있다. 이 대통령은 취임 1년 만에 이뤄진 국빈 방문으로, 양국 협력 확대 방안을 논의할 예정이다. 이 대통령은 몽골 국영통신사 몬차메와의 인터뷰에서 이번 방문이 양국의 전략적 동반자 관계를 한 단계 도약시키고, 한국과 몽골 관계의 새로운 황금기를 여는 출발점이 되길 기대하고 있다.",정치
"'선거 테러 자작극' 의혹 정이한 구속...수사 탄력 정이한 개혁신당 부산시장 후보가 구속됐습니다. 법원은 증거 인멸 우려가 있어 구속영장을 발부했습니다. 정 후보는 공직선거법 위반과 위계 공무집행방해 혐의를 받고 있습니다. 경찰 수사는 정 후보와 헬스 트레이너, 병원에 대한 의료법 위반 여부를 조사하고 있습니다.",정치|사회/세계
"SK하닉 ADR 상장 D-1…환율 1400원대 안착할까 SK하이닉스가 미국 ADR 상장을 통해 약 245억달러의 자금을 공급할 계획으로, 국내 외환시장에 대규모 달러 유입이 예상된다. 이번 대규모 달러 공급은 환율 하락 요인으로 작용할 수 있으며, 시장에서는 충분히 소화 가능한 규모라는 평가가 나온다. 하지만 중동 지역 지정학적 불확실성과 외국인의 국내 주식 순매도, 달러 강세 등 대외 변수가 여전히 환율을 좌우할 가능성이 크기 때문이다.",경제
"""삼전닉스 ETF '폭락' 감독은 이재명·주연 김용범"" 박수영 일갈 박수영 국민의힘 의원은 삼성전자·SK하이닉스 단일종목 레버리지 ETF 출시 배경에 대한 국정조사를 요구하고 있다. 박 의원은 이재명 정부가 성급하게 도입한 ETF가 지난 8일에만 10% 넘게 하락했고, 향후 대책을 투명하게 밝혀야 한다고 주장했다. 박 의원은 이재명 대통령에게 책임론을 제기하고, 국회 국정조사를 통해 진상을 규명하겠다고 밝혔다.",정치
"반도체 클러스터 광주 군공항 주변 '토허제'로 묶인다 정부가 호남권 반도체 첨단국가산업단지 조성사업을 추진하기 위해 광주 군공항 부지를 토지거래허가구역으로 지정했다. 호남 반도체 사업 예정지 일원 총 364.19㎢는 오는 14일부터 2028년 7월13일까지 2년간 토지거래허가구역으로 지정된다. 토지거래허가구역에서는 일정 규모 이상의 토지를 거래할 때 관할 시장·군수·구청장의 허가를 받아야 하며, 주거용 토지는 실거주 목적이어야 하고, 상업용·공업용 토지는 실제 사업에 이용할 계획이 있어야 허가를 받을 수 있다.",경제|IT/과학
"[속보]‘반도체예정’ 광주군공항 인근 토허구역 지정 광주 군공항 부지와 인근 지역이 토지거래허가구역으로 지정돼, 이상거래와 투기 행위를 막는 조치로 풀이된다. 국토부는 9일부터 2028년 7월13일까지 2년간 호남 반도체 첨단국가산단 사업 예정지 일원 총 364.19㎢를 토지거래허가구역으로 지정한다. 정부는 광주 군공항 부지에 호남권 반도체 산단 조성 계획을 발표하고, 관계기관과 협조해 엄정 대응할 계획이다.",경제|IT/과학
"울산, 산업 AI 전환 거점 도약 '가속'…민관 협의체 출범(종합) 울산시가 제조산업 인공지능 전환(AX) 사업을 추진하고, 13개 기업·대학·연구기관 관계자가 협력체계 구축에 동참했다. 협약에는 산·학·연·관 협의체 구축, 산업 AX 실증연구단지 조성, 전문인력 양성 등이 포함됐다. 울산시장은 '기술, 인재, 현장 수요가 긴밀히 연결되는 협력 기반을 강화하고' AI 활용 중요성을 강조했다.",IT/과학
"오세훈 ""AI 손발처럼 쓰는 청년 키워야""…투자 확대 약속 오세훈 서울시장은 AI·XR 분야 교육에 대한 투자를 확대하겠다고 밝혔다. 서울XR센터는 올해 2월 상암 DMC 산학협력연구센터로 확장 이전한 AI·XR 산업 지원 거점으로, 제품 개발부터 실증, 인증, 사업화까지 전 주기를 지원한다. 오 시장은 '청년들이 실패를 두려워하지 않고 기술을 실험하며 창업과 취업으로 이어질 수 있도록 상암 DMC를 AI·XR 융합 산업의 글로벌 거점으로 육성하겠다'고 말했다.",IT/과학
"AI 글래스 '몰래 촬영' 논란…사생활 보호 시험대 올랐다 서울 강서경찰서는 AI 글래스 무단 촬영 의혹 사건에 대해 본격 수사 중이다. 메타는 촬영 표시등을 변조하려는 시도를 감지하는 역량도 지속적으로 고도화하고 있다. AI 글래스의 안전장치 강화를 강조하며, LED 표시등이 물리적으로 변조되거나 훼손된 정황이 감지될 경우에도 카메라가 비활성화되도록 업데이트하고 있다.",IT/과학
"'덕질이 소비로'…K-팝 팬덤과 연결해 'K-푸드' 수출 길 넓힌다 농식품부와 aT는 13일까지 KTOWN4U에서 'Taste Korea, FOR YOU' K-푸드 홍보 행사를 진행한다. 이번 행사는 K-이니셔티브 연계 마케팅의 하나로, K-팝과 K-푸드를 결합해 한류 팬덤을 국내 농식품 소비와 해외 구매로 연결하기 위해 마련했다. 올해는 K-콘텐츠와 K-관광 연계를 강화해 KTOWN4U를 비롯해 6개 기업과 협력하며 15개 중소 식품기업의 해외시장 진출을 지원하고 있다.",문화/트렌드
"李 대통령 ""IMF, 韓 성장률 2.6% 전망…'모두의 성장' 노력"" 이재명 대통령은 IMF의 경제 전망을 소개하며 한국의 내년 경제성장률 전망치가 2.5%로 제시된 것에 대해 '주요 선진국 가운데 가장 높은 수준'이라고 평가했다. 이 대통령은 성장률 전망 개선이 아직 국민 체감으로 충분히 이어지지 않았다는 점도 짚었다. 이재명 대통령은 '모두의 성장'을 목표로 하겠다고 밝혔다.",정치
"다카이치, 나토 정상회의 불참에…日언론 ""외교 기회 놓쳐"" 일본 총리 다카이치 사나에가 나토 정상회의 불참, 대신 모테기 외무상과 고이즈미 방위상이 참석했다. 다카이치 총리의 불참은 유럽과의 관계 강화를 위한 귀중한 외교 기회를 놓쳤다. 일본 정부는 안보 관련 불확실성이 커진 상황에서 유럽과 한국과 호주 등 가치를 공유하는 국가들과의 관계를 강화할 필요성을 짚었다.",정치
"대출관리 강화에 금리인상까지…하반기 차주 숨통 조인다 한국은행이 기준금리 인상 필요성을 재차 언급하면서 가계대출 관리 강화를 주문했다. 하반기에는 신규 대출 취급과 한도 운용이 한층 깐깐해질 수 있으며, 은행권은 물론 보험, 여전, 상호금융 등 전 금융권이 긴장의 끈을 놓지 말고 가계대출 관리 노력을 한층 강화해달라. 시장금리와 코픽스, 은행 가산금리 등이 대출금리에 반영되기 때문에 취약차주 보호 필요성을 짚었다.",경제
"호남 반도체 클러스터 주변 2년간 ‘토지거래허가’ 묶인다 호남권 반도체 클러스터 주변 지역이 7월 14일부터 2028년 7월 13일까지 2년간 토지거래허가구역으로 묶인다. 토지거래허가구역이 되면 일정 규모를 초과하는 토지를 거래할 때 관할 시장·군수 또는 구청장의 허가를 받아야 한다. 호남권 반도체 클러스터는 광주 군공항 부지를 중심으로 조성될 예정이며, 삼성전자와 SK하이닉스가 총 800조원을 투자해 만드는 반도체 팹(fab·공장) 4기가 이 부지를 중심으로 추진된다.",경제|IT/과학
"울산 산업인공지능 전환(AX) 사업 담당하는 민관 협의체 출범 울산시는 9일 시청에서 '울산 제조산업 AX 확산을 위한 업무협약'을 체결하고, 민관 협력 기구인 '울산산업 AX 협의체'를 출범했다. 이번 협약은 울산 제조산업의 AX를 위한 산·학·연·관 협력체계를 구축하고 지속 가능한 협력 기반을 마련하기 위해 추진됐다. 협의체는 관련 사업 발굴과 정책 자문, 기관 간 협력과제 논의 등을 담당하며, 제조데이터 기반 AX 생태계를 조성해 울산을 대한민국 산업 인공지능 전환 핵심 거점으로 육성할 계획이다.",IT/과학
"신한투자증권, 생성형 AI·랜섬웨어 보안 투자 강화 신한투자증권은 사이버 위협에 대응하기 위해 정보보호 투자와 보안 역량을 지속적으로 강화하고 있다. 고객 신뢰를 지키기 위한 핵심 경쟁력으로 인식하고 투자를 확대하고 있으며, 정보보호 전담 인력 53.6명 규모로 운영되고 있다. 신한투자증권은 데이터 보호와 소프트웨어 공급망 보안 대응에 집중하고 있으며, 주요 투자 분야는 비정형 데이터 접근통제 솔루션과 오픈소스 취약점 관리 시스템 구축 등으로 있다.",IT/과학
"[단독] 로봇 보조 수술, 건강보험 적용될까… 심평원 “긍정적 검토 중... 정부가 로봇 보조 수술의 급여화를 전제로 내부 연구에 착수해 11월경 완료될 예정이다. 로봇 보조 수술은 의료 현장에서 적극 사용되고 있는 기술로, 환자가 느끼는 회복 부담이나 통증도 적은 편이라 개복 수술보다 발전한 형태의 수술인 복강경 수술을 이을 차세대 수술법으로 자리 잡았다. 현재 로봇 보조 수술의 한국보건의료연구원(NECA) 의료기술재평가위원회 권고 등급은 ▲전립선암, 침윤성 방광종양, 신장암, 악성·양성 부인과 질환 등에서는 ‘조건부 권고함’으로, 임상 현장에서 사용 중인 의료기술이 안전하고 효과적인지 근거를 검토한 다음, 권고 수준을 결정할 것이다.",IT/과학
"車에서 검증한 반도체로 로봇 난제 푼다… TI “휴머노이드 미래 앞당길... TI코리아는 9일 서울 양재동 엘타워에서 'TI 모빌리티 & 로보틱스 세미나 2026'을 개최하여 자동차와 로보틱스의 융합을 주제로 기술 발표와 데모 부스를 진행했다. 박중서 TI코리아 대표는 로봇 발전 과정에서 중요한 인식·제어·안전·고효율 전력이 이미 자동차에서 지난 수십 년간 발전해 온 기술이라고 말했다. TI코리아는 차량용 반도체 기술로 성과를 내겠다는 전략으로, 2035년 글로벌 휴默노이드 생산의 30%를 맡을 수 있다고 전망했다.",IT/과학
"[9일 사건사고] 서울 은평구 빌라 화재…초등학생 남매 2명 숨져 등 Incheon, where heavy rain caused flooding and traffic congestion, with 16 reports of damage, including one case of people trapped in a warehouse and nine cases of road flooding. The National Emergency Management Agency issued a warning for the entire city.",사회/세계
"'체결 문건만 21건'…몽골서도 빛난 이재명 대통령 실용외교 이재명 대통령과 오흐나 후렐수흐 몽골 대통령이 공식환영식에서 의장대를 사열하고 있다. 양국 정부 간 체결된 협정·MOU는 총 21건으로, 전방위적 분야에 걸쳐 협력 강화에 나선 것이다. 한-몽 관계를 외교 문서 속에 머무는 협력이 아니라 양국 국민이 일상에서 몸소 체감하는 동반자 관계로 만들고 싶다.",정치
"지방 우체국의 변신…시중銀 대출 비교·실행 한국은행대리업 시범운영이 20곳에서 시작되며, 지방거점 우체국을 통해 4대 시중은행의 대출상품을 비교해 선택할 수 있게 된다. 우체국은 '오프라인 대출 비교 플랫폼' 역할을 하며, 지역 금융 소외 현상을 해결할 수 있을지 주목된다. 시범 우체국 20곳은 고성·창녕·하동 등 각 지역의 총괄우체국으로, 4대 시중은행 점포 유무, 인구 소멸지역 여부 등을 고려해 선정됐다.",사회/세계
"반도체 산단 예정지 광주 군 공항 일원 토지거래허가구역 지정 국토교통부는 호남 반도체 첨단국가산단 사업 예정지 일원 364.19㎢를 2년간 토지거래허가구역으로 지정했다. 해당 구역에서 토지를 거래하기 위해서는 사전에 허가를 받아야 하며, 5년 이내의 실 이용 의무가 부과된다. 국토부는 새로운 지역을 집중적으로 모니터링하고, 이상 거래 및 투기 행위 등 위법 의심 행위가 확인될 경우 엄정 대응할 계획이다.",경제|IT/과학
"[속보] 반도체 품은 광주…군공항 인근 토지거래허가구역 지정 정부가 호남권 반도체 산단을 조성하는 데 필요한 364.19㎢의 토지를 2년간 허가할 계획이다. 이 지역은 광주통합시 5구와 나주시, 장성군, 화순군으로 구성된 총 7개 시·군에 걸쳐 있다. 토지거래허가구역으로 지정되면 투기성 거래는 제한된다며 허가받은 목적대로 토지를 이용해야 한다.",경제|IT/과학
검찰 직접 수사 없애고…경찰 보완수사 의무화 더불어민주당이 형사소송법 일부개정법률안을 발의하여 검찰의 보완수사권을 폐지하고 경찰 통제 기능을 강화했다. 검찰의 수사 권한을 규정한 형사소송법 제196조 관련 조항 등을 삭제하고 경찰에 대한 통제 장치를 도입했다. 이번 개정안은 검경 수사권 조정뿐 아니라 수사기관에 대한 감시와 견제 기능을 강화하고 고소인과 피해자 보호를 함께 담은 법안으로 국민에게 도움이 되는 수사·사법 제도를 마련하겠다고 밝혔다.,정치
"윤석열, 첫 유죄 확정 판결…민주화 이후 전직 대통령 5번째(종합) 윤석열 전 대통령이 12·3 비상계엄 선포 과정에서 국무위원들의 심의권을 침해하고 고위공직자범죄수사처의 체포영장 집행을 방해한 혐의에 대해 징역 7년의 실형이 확정됐다. 대법원은 '체포방해' 당시 현직이었던 윤 전 대통령에 대한 공수처의 내란죄 수사권이 인정된다고 판단했다. 윤 전 대통령은 민주화 이후 다섯 번째로 유죄 판결이 확정됐으며, 남은 형사재판은 7건이다.",정치
"호남 반도체 예정지 토허구역 지정…14일부터 효력 청와대는 호남권 반도체 클러스터 조성 사업에 따라 광주 군 공항 부지에 산단을 조성하기로 결정했다. 국토부는 토지거래허가구역 지정 절차를 추진해 지가 상승과 투기성 거래를 사전에 차단하고자 한다. 이번에 새로 지정된 토지거래허가구역은 2028년 7월13일까지 효력이 있으며, 실이용 의무가 5년 이내에 부과된다.",경제|IT/과학
"차량 3대 추돌해 2명 사망…사건·사고 소식 새벽 고속도로에서 추돌 사고가 발생해 2명의 운전자 사망, 경찰이 조사 중입니다. 강원도 강릉시 영동고속도로에서 1톤 화물차와 승용차가 충돌하여 2명이 숨졌습니다. 서울 강남구에서 도로에 누워 있던 40대 남성이 택시에 깔려 숨졌으며, 경찰은 정확한 사고 경위를 조사하고 있습니다.",사회/세계
"검찰, 장윤기 父 유착 의혹 경찰관들 대면조사 착수(종합) 검찰이 '장윤기 사건' 수사 과정에서 빚어진 기밀누설 및 증거인멸 의혹을 규명 중이다. 장윤기 아버지인 현직 경찰관 장 모 경감도 이날 참고인으로 소환해 수사팀과의 유착 등 의혹을 조사했다. 검찰은 사건 이튿날 수사팀이 장 윤기를 넘긴 차량에서 결박 도구가 사라졌고, 그로부터 불과 이틀 뒤 자취방 인계 조치로 '리얼돌'이 폐기되는 등 진상 규명이 필요하다고 판단해 직접 수사를 결정했다.",사회/세계
"李 ""한몽 황금시대 같이 열자""…몽골 대통령 ""韓 제3의 이웃"" 이재명 대통령은 한-몽골 정상회담에서 '한반도·동북아 평화 양국 공동이익 되리라 믿어'라고 밝혔다. 이 대통령은 한-몽 수교 이래 30여년 간 한국과 몽골은 오랜 우정과 신뢰를 바탕으로 협력해 왔다. 이 대통령은 국제무대에서도 긴밀히 협력해 나가야 한다고 강조하며, 한반도 및 동북아의 평화와 안정을 유지하는 것은 우리 양국의 공동이익이 되리라 믿는다.",정치
"국회, 축협 청문회 실시…'증인' 정몽규·홍명보 '참고인' 박지성 채택 대한축구협회장 정몽규가 사임을 발표한데 따른 국회 문화체육관광위원회는 대한축구협회의 운영 실태와 국가대표팀 감독 선임 논란을 점검하기 위한 청문회를 개최하기로 했다. 민주당 소속 이재정 위원장은 국회 차원에서 현안을 점검하고 협회 정상화 방안을 모색하겠다고 밝혔다. 국민의힘은 민주당이 11개 상임위원장과 특별위원장 자리를 단독으로 선출한 데 반발해 상임위 활동을 거부하고 있다.",정치
"외교부, '정통망법' 美 우려에 ""국내외 기업 차별적 요소 없어"" 외교부는 정보통신망 이용 촉진 및 정보 보호 등에 관한 법률 개정안에 대한 미국 국무부의 우려에 대해 '법안 시행 과정에서 미 측과 필요한 소통을 해나갈 것'이라고 밝혔다. 해당 법안은 디지털 환경 변화에 따른 사회적 폐해에 대응하고 이용자 보호를 강화하기 위한 취지에서 추진됐다. 한미 양국은 지난달 2~3일 '한미 정상회담 공동설명자료 후속 협의 시 가능한 조속히 실질적 성과를 도출하기 위해 협의를 가속화해 나가기로 한 바 있다.",정치
"“숨만 쉬어도 이자가”…4%대 주담대 사라진다 한국은행의 기준금리 인상 가능성과 은행권의 가계대출 총량 관리가 맞물리면서 대출금리 상승세는 당분간 지속될 전망이다. 주요 시중은행 주택담보대출(주담대) 금리 하단이 연 5%대에 진입하며 ‘4%대 주damda’가 사라지고 있다. 영끌·빚투 차주의 이자 부담은 한층 무거워질 전망이며, 마이너스통장 보유자는 연간 이자만 300만원에서 700만원으로 400만원 늘어난다.",경제
"[단독] 동복댐 국가 소유 전환… 반도체 용수 공급 기후부는 동복댐 소유권 전환을 추진하여 반도체 팹 용수 공급량 확보를 목표로 하고 있다. 동복댐 높이를 올리는 증고 사업은 한국수자원공사가 맡게 될 전망으로, 15m 높여 담수량을 배로 늘리는 계획이다. 사업 기간이 기존 10년에서 3년11개월로 6년 이상 단축될 것으로 예상하며, 호남 반도체 공장 가동 목표 시점인 2030년 용수 공급이 가능해질 것으로 보인다.",경제|IT/과학
"울산 산업 인공지능 전환 협의체 출범 울산시는 민관 협의체를 출범시켜 전통 산업을 인공지능으로 전환하는 데 협력하기로 했다. 이들 기관들은 AX 실증연구단지 기반 시설 구축과 제조산업 특화 소형언어모형, 실물 인공지능 공동 연구개발 등에 필요한 기술과 노하우를 공유하기로 했다. 울산 산업 인공지능 전환 협의체는 AI 데이터센터 운영 전문인력 양성 추진을 통해 시민 생활을 향상시키려 한다.",IT/과학
"최태원 '슈퍼모멘텀' 확보...나스닥100 편입·美 AI 데이터센터까지 추진 SK하이닉스는 10일 미국 나스닥거래소에서 ADR 상장을 앞둔 상태다. 최태원 회장은 글로벌 인공지능(AI)인프라 기업으로 대도약을 위해 SK하이닉스 및 SK그룹에 대한 '슈퍼 모멘텀' 확보에 박차를 가하는 모습이다. SK하이닉스는 올해 2·4분기 영업이익 컨센서스를 창사 이래 최대 분기 실적으로 전망된다. 또한, HBM 점유율은 58%로 1위를 기록했다. SK하이닉스는 중장기적으로 용인, 호남 반도체 클러스터, 청주 공장 등에 1100조원, AI 데이터센터에 1000조원의 투자를 추진할 계획이다.",경제|IT/과학
"우주서 한반도 벼·콩·산림 살핀다...차세대중형위성 4호 떴다 국내 첫 농림·산림 특화 위성인 '차세대중형위성(차중) 4호'가 성공적으로 발사됐다. 이번 성과는 데이터 기반 정밀농업으로 도약하는 중요한 전환점으로, 국가 농업 관측 체계를 바탕으로 하늘에서 농업을 살패는 시대를 열게 됐다. 차중 4호는 민간 주도 위성 개발 역량을 한 단계 확장한 중요한 성과로, 앞으로도 국내외 위성 발사 수요를 발굴해 한국형 발사체 활용을 더욱 확대하겠다.",IT/과학
"K팝 뜨면 화장품도 뜬다…한류, 연관산업 수출 2배 견인 한류산업 수출이 1억 달러 증가하면 한류 연관산업의 수출은 2.02억 달러 늘어나는 것으로 분석됐다. 한류산업 수출은 국내에서 7824억원의 생산을 유발하고, 3389명의 취업을 창출하는 것으로 나타났다. 한류 콘텐츠 수출이 1억 달러 늘어나면, 약 2.02억 달러의 연관산업 수출이 발생하는 셈이다.",경제|라이프
"검찰 보완수사도 손 뗀다…민주, ‘수사권 완전 폐지’ 형소법 발의 대한민국의 형사소송법 개정안이 9일 발의됐는데, 직접 보완수사를 금지하고 요구권만 남겨10월 검찰청 폐지를 앞두고 공소청 소속 검사들의 수사권 근거를 없애 수사와 기소 분리를 못박는 게 핵심입니다. 민주당 형사소송법 개정 태스크포스는 이날 오후 국회 의안과에 TF 차원에서 마련한 형소법 개정안을 제출했으며, 검찰의 직접 수사 권한은 전면 폐지돼 수사 영역은 경찰이 오롯히 가진다. TF는 사법 통제 무력화 지적을 의식해 검사가 송치사건에 대해 경찰에 보완수사를 요구할 수 있는 권한만 법안에 남겼으며, 재수사요구권, 시정조치권도 강화했다.",정치
"李대통령 ""한몽 관계 황금시대…CEPA 원칙 타결, 2030년 교역 10억불"" 이재명 대통령은 한-몽 관계의 황금시대 열어간다는 공동의 비전을 확인하고, 한-몽 관계 발전의 지향점을 담은 공동선언을 채택했다. 한-몽골은 2030년까지 교역 규모 10억 달러 달성을 위해 함께 힘을 모으겠다고 밝혔다. 양국은 국제무대에서 협력을 더욱 강화하기로 했다며, 국제사법재판소(ICJ)를 비롯한 국제기구 선거 과정에서도 긴밀히 협력할 계획이라고 말했다.",정치
"이 대통령 ""한국·몽골 황금시대 공동선언…핵심광물 협력"" 이재명 대통령과 오흐나 후렐수흐 몽골 대통령은 '한몽 관계의 황금시대' 공동선언을 채택해 양국 관계 미래 비전을 확인했습니다. 양국은 정치·외교적 신뢰를 공고히하고 전략적 동반자 관계를 심화시켜 나갈 것, 경제·통상·투자 협력을 확대하고 공급망과 핵심 광물 분야의 협력을 강화할 것입니다. 이 대통령은 한반도 평화·협력 구상에 대해 몽골 대통령께 말씀드렸으며, 양국 간 협력을 동북아 지역의 안정과 발전을 위한 것이 바람직하다는 데 의견을 모았다.",정치
"신현송 “적절한 시기에 금리 올릴 것”…빅스텝 가능성은 낮아져 한은 총재는 기준금리 인상 필요성을 강조하며, 반도체 경기 호조를 바탕으로 경제 성장세가 이어지는 가운데 물가 상승 및 금융안정 리스크는 지속되고 있다고 판단된다. 신 총재는 앞으로도 반도체 경기 호조가 이어질 것이라며, 중동지역 긴장이 완화됨에 따라 견조한 성장세를 지속할 것이라고 말했다. 한은 총재는 최근 변동성이 컸던 환율을 일시적 현상으로 진단하며, 앞으로 원화가 강세로 돌아설 여지가 상당히 있다고 본다.",경제
"검찰, 광산경찰서 '장윤기 수사팀 비밀누설' 집중 파헤친다 광주지검은 장윤기 여고생 살인 사건의 부실 수사와 경찰 유착 의혹을 규명하기 위한 압수수색을 벌이고 있다. 검찰은 장윤기의 아버지 장 경감과의 통화 과정에 범행 직후 버린 휴대전화 위치 등 수사 동향을 유출한 것은 아닌지 조사한다. 검찰은 장 윤기 여고생 살해 목적을 성범죄로 본 핵심 증거인 인체 모형 성인용품(리얼돌)을 장 경감이 원룸 정리 과정에서 폐기한 만큼, 수사 준칙과 적법 절차를 준수했는지 집중 조사하고 있는 것으로 전해졌다.",사회/세계
"국회, 22일 축구협회 청문회 개최…홍명보 증인 채택 대한축구협회 청문회가 22일에 열리는 것이 결정됐다. 문체위는 대한축구협회의 운영 실태를 점검하고 협회 정상화 방안을 모색하겠다고 밝혔다. 청문회에서는 클린스만 전 감독과 홍 전 감독 선임 과정, 협회의 밀실 운영 의혹 등이 다뤄질 전망이다.",문화/트렌드|정치
"“최태원 회장님, 애 아빠가 화 많이 났어요”…주가 폭락에 밈 터졌다 SK하이닉스 주가가 급락하면서 개인 투자자들 사이에 '주식 환불' 밈이 확산하고 있다. 올해 들어 인공지능(AI) 반도체 기대감에 힘입어 주가가 큰 폭으로 올랐지만, 최근에는 차익 실현 매물과 미국 반도체주 약세 등으로 하락했다. 증권가에서는 이번 하락을 급등 이후 나타난 자연스러운 조정 국면으로 보는 시각도 나온다.",경제
"경상남도 ‘우주항공 복합도시 특별법’ 제정 촉구 경상남도는 국회 국토교통위원회 소속 위원에게 '우주항공 복합도시 건설 특별법'의 조속한 제정을 건의했습니다. 정부가 발표한 '남해안 우주항공 산업벨트' 실현을 위해 '우주항공 복합도시' 조성이 시급하다고 요청했습니다. 이러한 조성은 산업, 연구, 행정의 종합 거점이 될 것으로 기대됩니다.",라이프
"검찰엔 보완수사 요구권만... “경찰 부실수사·사건 핑퐁 불보듯” 민주당은 형사소송법 일부개정법률안을 제출하여 검찰 보완수사권 폐지를 골자로 한 형사소송법 개정안을 발의했다. 이번 형소법 개정안은 수사권 조정, 수사기관에 대한 견제·감독 강화, 피해자·고소인 보호 강화를 내용으로 한다. 민주당은 보완수사요구권의 실효성을 강화하고, 사법경찰관이 보완수사 요구를 받은 뒤 원칙적으로 1개월 안에 보완수사를 마치도록 했다.",정치
"외교부, 캄보디아 일부지역 여행금지 해제…""치안 개선"" 외교부는 캄보디아와 베네수엘라 일부 지역에 대한 여행경보 4단계를 해제하고, 3단계로 하향시켰다. 베네수엘라의 술리아주, 타치라주, 아푸레주, 수크레주 등 4개 주에 발령됐던 여행경보도 3단계로 조정됐다. 소말리아, 아프가니스탄, 이라크 등 10개 국가와 필리핀·미얀마·러시아·벨라루스·시리아 일부 지역 등 12개 지역에 대한 여행금지 지정은 내년 1월 31일까지 연장됐다.",사회/세계
"[단독] 검찰, 현직 경찰 '장윤기 아버지' 소환…케이블 타이 보유 경위... 장윤기 아버지 장 모 경감이 오늘(9일) 검찰 조사를 받게 되었다. 검찰은 장 경감이 범행 차량에 있던 케이블 타이를 집에 가지고 있었던 이유를 추궁하고 있다. 檢察는 장 윤기의 아버지를 상대로 증거인멸 의혹 등을 조사하고 있다.",사회/세계
"검찰, ‘장윤기 부친’ 등 현직 경찰관들 소환…“큰아버지는 경찰 간부... 검찰은 공무상비밀누설 및 증거인멸 혐의로 현직 경찰관들을 소환해 첫 대면 조사를 진행했다. 장윤기 사건 수사과정에서 불거진 기밀누설 및 증거인멸 의혹을 조사 중인 검찰은 장 모 경감을 참고인 신분으로 청사에 불러 현장 수사팀과의 부적절한 유착 등 의혹을 조사했다. 검찰은 경찰 수사팀의 연쇄적인 증거 소멸 정황을 포착, 직접 수사를 뒀다.",사회/세계
"'국빈' 이 대통령, 몽골과 정상회담...""한몽 관계 황금시대"" 이 대통령은 몽골 국빈 방문 첫날에 후렐수흐 몽골 대통령과 정상회담을 열어, 양국 관계의 황금시대를 열기 위해 협력을 강화하기로 했다. 두 정상은 '한몽 관계 황금시대' 공동선언문을 채택하고, 21건의 협력 문건을 체결해, 경제적 상호 보완성과 역사적 유대에 기반해 실질 협力を 확대할 계획이다. 이 대통령은 몽골 국회의장과 총리를 접견하고, 양국 관계 발전을 위한 노력을 요청할 예정이며, 우리 교민들과 오찬 간담회도 진행할 계획이다.",정치
"신현송 ""적절한 시기에 기준금리 인상 필요"" 신현송 한국은행 총재는 기준금리 인상 필요성을 강조해 물가 오름세를 고려하고 있다. 한은이 기준금리를 올리더라도 역대 최장기간인 4년째 한미 기준금리 역전 상황이 이어질 것. 신 총재는 빅스텝(0.50%포인트를 한꺼번에 인상)을 없을 것이라고 밝힌 바 있다.",경제
"울산, 제조업 AI 전환 시동…민관 AX 협의체 출범 울산시는 13개 기관과 업무협약을 맺고 '울산산업 AX 협의체'를 출범해 제조업 인공지능(AI) 전환을 이끌 민관 협력 거버넌스를 본격 가동했다. 협의체는 제조 특화 소형언어모형(sLLM) 및 실물 인공지능(피지컬 AI) 공동 연구개발·실증, 전문인력 양성과 지역 디지털 일자리 창출 등을 추진할 계획이다. 울산시는 협의체를 중심으로 연구개발과 실증, 사업화 네트워크를 넓혀 울산을 대한민국 산업 인공지능 전환의 핵심 거점으로 키운다는 방침이다.",IT/과학
"李대통령 ""몽탄 모델 확산…자원부국 몽골, 韓과 협력하면 시너지"" 이재명 대통령은 한-몽골 비즈니스 포럼에서 '몽탄' 같은 상생 모델을 더욱 확산시켜 나가자고 말했다. 한국의 유통기업과 몽골 기업이 기술과 경험을 공유하고, 인프라를 확대하여 공동 성장의 토대를 만들어가자고 제안했다. 한-몽골 CEPA는 양국 경제협력의 새로운 전환점이 될 것이며, 상품과 서비스, 투자 분야에서 장벽이 낮아지게 되면 양국 기업은 새로운 시장과 사업 기회를 확대해 나갈 수 있을 것이라고 말했다.",IT/과학|정치
‘문화 외교’ 나선 김혜경 여사 “한·몽 국민 간 우정 이어가길” 이재명 대통령의 몽골 국빈 방문에 동행한 김혜경 여사는 칭기즈칸 국립박물관을 찾았습니다. 김 여사는 몽골의 역사와 문화를 이해하는 것은 그 나라 국민을 이해하는 첫걸음이라며 한국과 몽골이 오랜 역사와 문화 교류를 바탕으로 국민 간 우정을 이어가기를 기대합니다. 김 여사는 몽골의 역사와 문화를 직접 살펴보니 두 나라가 오랜 기간 형제처럼 가까운 관계를 이어온 이유를 더욱 잘 알게 됐다.,정치
"한·몽, 인공지능·에너지 전환·유통물류 등 21건 MOU 체결 한국과 몽골 정부가 인공지능, 에너지전환 분야 등 협력 강화를 위한 21건의 양해각서를 체결했습니다. 양국은 디지털협력 MOU를 통해 AI, 차세대 통신, 사이버 보안 등 디지털 분야의 정책과 인력교류를 추진하기로 했습니다. 양국 간 교류를 확대하기 위한 몽골 단기 방문자 운전면허증 상호 인정 협정 등을 체결했습니다.",IT/과학
"[단독] AI PC용 두뇌 만든다…삼성, 400조 시장 정조준 삼성전자는 인공지능(AI) PC용 AI 가속기 '가이아'를 개발 중으로, 엔비디아·퀄컴 등과 경쟁을 벌일 전망입니다. 가이아는 4㎚ 공정으로 제작되는 고성능 반도체로, PC의 생성형 AI 작업을 효율적으로 수행하도록 설계됐습니다. 삼성전자는 이 시장에서 의미 있는 고객사를 확보해 제품 상용화에 성공할지가 사업 성패를 가할 핵심 요인이 될 것으로 보고 있습니다.",IT/과학
"인간눈치 살피고, 맞장구치는 AI … 외국어 통역까지 지연 없이 '술술' 오픈AI가 개발한 'GPT-라이브'는 새로운 음성 모델로, 실시간 대화를 구현하는 데 초점을 맞추고 있다. GPT-라이브는 기존의 챗GPT 음성 기능과 달리, 중간에 잠시 멈춰도 AI가 인간에 맞춰서 기다려주며 대화 그대로 유지할 수 있다. 오픈AI는 GPT-라이브를 통해 일상생활에서 쓰는 데 무리가 없는 수준까지 발전한 느낌을 주고 있으며, 장기적으로 음성이 컴퓨팅의 기본 인터페이스가 될 수 있다고 본다.",IT/과학
"경상남도 ‘우주항공 복합도시 특별법’ 제정 촉구 경상남도는 국회 국토교통위원회 소속 위원에게 '우주항공 복합도시 건설 특별법'의 조속한 제정을 건의했습니다. 정부가 발표한 '남해안 우주항공 산업벨트' 실현을 위해 '우주항공 복합도시' 조성이 시급하다고 요청했습니다. 이러한 조성은 산업, 연구, 행정의 종합 거점이 될 것입니다.",라이프
"""반도체 투기 차단""...광주 군 공항 일대 토허구역 묶는다 국토부가 광주 군 공항 일대 토지거래허가구역으로 지정, 2년 동안 관리할 계획입니다. 이번 조치는 개발 기대감에 따른 투기 수요 유입을 선제 차단하기 위해서입니다. 광주 아파트값은 지난주보다 0.02%가 떨어졌으며, 실제 집값이 들썩이는 흐름은 아직 나타나진 않는 상황입니다.",경제|IT/과학
"제조산업 '인공지능 전환'‥협의체 출범 민선 9기 울산시가 제조산업의 인공지능 전환을 본격화하기 위해 민관 협의체를 출범시켰습니다. 이들 산학연관 협의체는 제조업 특화 소형언어모델인 sLLM과 피지컬 AI를 공동 연구, 디지털 일자리 창출, 공공 데이터 활용 등으로 부울경 산업 AI 생태계 조성에 협력합니다. 울산시는 AX 협의체를 실무진들이 직접 이끄는 조직으로 운영할 계획입니다.",IT/과학
"李대통령 ""혹시 몽탄 아시나?""…한·몽 협력 모델 제안 이재명 대통령은 '몽탄' 같은 상호 호혜적 협력 모델을 확산시켜 나가자며, 핵심 광물 공급망 분야의 든든한 파트너로 힘을 합치자고 제안했다. 양국 간 미래 협력의 방향으로는 한국 유통기업이 기술과 경험을 제공하고, 몽골 기업은 직접투자를 통해 사업을 운영하며 경험을 쌓아 가는 '상호 호혜적 협력 모델'을 더욱 확산시켜 나가자고 제안했다. 양국은 상품·서비스·투자 분야에서 장벽이 낮아지면서 양국 기업들은 보다 안정적이고 예측 가능한 환경에서 새로운 시장과 사업 기회를 확대해 나갈 수 있을 것.",IT/과학|정치
"‘몽탄’ 띄운 李대통령…“핵심광물·AI까지 한몽 협력 넓히자” 이재명 대통령은 몽골을 국빈 방문 중인 가운데 '한몽 비즈니스 포럼'에 참석해 양국 간 경제 분야 협력에 박차를 가하자고 제언했다. 양국은 서로 다른 분야에서 확실한 강점을 갖춰 협력 잠재력이 무궁무진하다. 이 대통령은 '몽탄' 같은 상생 모델을 더욱 확산시켜 나가자며 '유통에서 시작한 몽탄 모델은 K 소비재, 금융, 보건의료, 교육, 인공지능 등 다양한 분야로 확산할 것'.",정치
"경남도, 국회 찾아 '우주항공복합도시 특별법' 입법 지원 요청 박일웅 경남도 행정부지사는 국회에서 '우주항공복합도시 특별법' 입법 지원을 요청하고 있다. 이 특별법은 진주·사천을 중심으로 우주항공 산업 거점을 신속하게 조성하기 위한 특별회계 설치와 예비타당성조사 면제 특례 등을 담고 있다. 박 부지사는 '남해안 우주항공 산업벨트' 구축 비전을 실현하기 위한 선결 절차로 우주항공복합도시를 조성해야 한다고 강조했다.",사회/세계|정치
"李대통령 ""한몽, 협력 잠재력 무궁무진…핵심광물 힘 합쳐야"" 이재명 대통령은 한-몽골 비즈니스 포럼에서 양국 간 경제 분야 협력에 박차를 가하자고 제언했다. 양국은 서로 다른 분야에서 확실한 강점을 갖춰 협력 잠재력이 무궁무진하다. '몽탄' 같은 상생 모델을 더욱 확산시켜 나가자.",정치
"김혜경 여사, 몽골 영부인과 문화외교…“형제국 우정” 다져 김혜경 여사가 몽골을 국빈 방문하여 양국 문화유산을 함께 살펴보며 문화외교를 이어갔다. 양국은 오랜 역사와 문화적 공통점을 공유하며 양국 우호를 더욱 다지는 시간을 가졌다. 두 여사는 '한-몽 공동 고고학 연구 프로젝트'를 통해 발굴된 흉노시대 유물도 함께 둘러봤다.",라이프
"울산 제조경기 침체속 공장거래 급증 울산지역 공장 매매 거래는 지난해 반등에 성공한 이후 올해 상반기까지 활발한 흐름을 이어가고 있다. 제조업계의 상황은 악화하고 있는 것으로 집계됐으며, 울산상공회의소의 제조업 기업 경기전망지수는 2년째 100을 하회하고 있다. 울산지역 개인 공장 매도 건수는 올해 상반기에 들어서는 개인이 35건으로 법인 30건을 앞질렀으며, 인프라가 양호한 핵심 산단 공장은 매물을 구할 수조차 없지만, 외곽 지역에는 매물이 쌓이고 있는 상황이다.",경제
"한류 수출 1억 달러 늘면 연관산업 2억 달러 증가 한류 콘텐츠 수출이 1억 달러 증가하면 한류 연관산업 수출은 2.02억 달러 늘어나는 것으로 나타났다. 한류 산업 수출액 자체는 계속 증가했지만, 연관산업 가운데 비중이 컸던 IT 기기 수출이 국내 기업의 해외 생산 확대로 둔화하면서 견인 폭이 축소됐다. 한류 콘텐츠 생산 과정에서 1.7억 달러의 생산과 1251명의 취업이, 연관산업 생산 과정에서 4억 달러의 생산과 2138명의 취업이 각각 유발되는 구조였다.",경제
호르무즈 전운에 유가 다시 들썩… 환율도 1500원선… 불안한 물가 국제유가와 환율이 하반기 물가 불안 요인으로 떠오르고 있다. 정부는 하반기 소비자물가 상승률을 3% 이내로 관리하겠다는 방침이지만 고환율이 이어질 경우 먹거리를 중심으로 서민들의 생활 물가 부담이 커질 수 있다는 우려가 나온다. 원-달러 환율은 다시 1500원 선으로 올라섰다. 올 상반기 조기 가격은 지난해 같은 기간보다 16.9% 올랐다. 정부는 농축수산물 할인 지원과 주요 먹거리 공급 확대 등을 통해 하반기 소비자물가 상승률을 3% 이내로 관리한다는 방침이다.,경제
"李대통령 “한몽관계 황금시대 함께 열어갈 것…CEPA 원칙적 타결” 이재명 대통령은 몽골 대통령과 정상회담을 가졌으며, 양국은 2030년까지 교역 규모 10억달러 달성을 위해 힘을 모을 것이라고 했다. 양국은 경제·통상·투자 협력을 확대하고 공급망과 핵심 광물 분야 협力を 강화하기로 했다. 이번 공동 선언은 회담의 가장 큰 성과이자 앞으로 (양국 관계에) 중요한 이정표가 될 것이라고 했다.",정치
"신현송 “적절한 시기 금리인상 필요…원화 강세전환 여지 크다” 신현송 한국은행 총재는 기준금리 인상 가능성을 시사하며, 물가 오름세와 성장세 개선에 적절한 시기에 인상을 필요로 한다고 말했다. 한국은행 총재는 국제유가 상승으로 물가상승률이 높은 수준을 유지할 것으로 전망하고, 반도체 경기 호조가 이어질 경우 국내 경제가 견조한 성장 흐름을 지속할 것으로 내다봤다. 신현송 한국은행 총재는 경상수지 흑자가 아주 큰 폭으로 누적되고 있고, 앞으로 원화가 강세로 들어설 여지가 상당하다고 본다.",경제
"반도체 개발 투기 막는다…광주 군공항 일대 364㎢ '토허제' 지정 국토부는 호남권 반도체 클러스터 조성 계획을 추진하기 위해 광주 군 공항 부지와 인근 지역을 토지거래허가구역으로 지정했다. 이번 토지거래허가구역 지정은 정부가 호남권 반도체 클러스터의 조성 부지가 광주 군 공항 지역으로 결정된 데 따른 후속 조치다. 토지거래허가구역에서는 일정 규모 이상의 토지를 거래할 경우 관할 시장·군수·구청장의 허가를 받아야 하며, 투기성 거래를 제한하고 있다.",경제|IT/과학
"뉴욕 연은총재 ""AI 수요, 주요 인플레 우려 요인"" 존 윌리엄스 미국 뉴욕 연방준비은행 총재는 인공지능(AI) 관련 수요가 지속되면 기준금리 인상이 필요할 수 있다고 말했다. 인플레이션이 기본 전망치보다 더 오래 지속되고 의미있는 수준으로 높아질 경우 통화 정책이 이에 대응해야 할 것이라고 했다. 하지만 반대로 상황이 더 온건하게 전개된다면 현재 통화 정책은 여전히 적절한 위치에 있다고 생각한다고 말했다.",IT/과학
"'반도체 클러스터' 광주 군공항 인근, 14일부터 토지거래허가구역 국토교통부는 호남 반도체 첨단국가산업단지 조성 예정지의 투기 수요를 차단하기 위해 광주 군공항 일원을 토지거래허가구역으로 지정했다. 호남 반도체 첨단국가산업단지 사업 예정지 일원 총 364.19㎢를 오는 14일부터 2028년 7월 13일까지 2년간 토지거래허가구역으로 지정한다. 토지거래허가구역에서는 호남 반도체 첨단국가산업단지 조성 예정지와 인근 지역을 대상으로 법정동·리 경계를 기준으로 지정됐으며, 5년간 실이용 의무가 부과된다.",경제|IT/과학
"5년안 100만명 AI 직업훈련…정부, 일자리 충격 선제 대응 정부는 산업전환 고용안정 기본계획을 발표하여 인공지능(AI)과 탄소중립에 따른 고용 충격을 최소화하고 새로운 일자리 창출 기회를 만들기 위해 마련됐다. 이번 기본계획에는 산업전환에 대비해 일자리 변화를 실시간으로 확인하면서 직업훈련이나 소득 보장 정책 등으로 적극 대응하겠다는 내용이 담겼다. 정부는 에이아이 등에 따른 일자리 위협이 시작됐다고 본다. 인공지능 기술이 생성형 인공지능 단계를 넘어 스스로 판단하는 ‘에이전트 인공지능’까지 발전하는 과정에서 단순·반복 업무를 중심으로 일자리 대체가 현실화하고 있다고 분석했다.",IT/과학
[속보]반도체주 급등에 S&P500·나스닥 상승…중동 긴장보다 AI·실적에 ... 미국 뉴욕증시가 반도체주 강세와 국제유가 하락에 힘입어 일제히 상승 마감했다. 마이크론 테크놀로지는 미국 내 반도체 생산시설 투자 규모를 기존보다 확대해 총 2500억달러를 투입하겠다고 발표하면서 4.5% 급등했다. 월가에서는 최근 미국과 이란의 군사 충돌을 경제가 감내할 수 있는 수준의 ‘관리된 긴장(managed escalation)’으로 받아들이고 있다는 분석이 나왔다.,경제|IT/과학
"오픈AI, GPT-5.6 일반에 공개…올트먼 ""정부와 논의해 대폭변경"" GPT-5.6 AI 모델이 일반에 출시됐다. 오픈AI는 이 모델을 3가지 세부 모델로 나눠 정식 출시할 계획이다. 오픈AI 최고경영자(CEO) 샘 올트먼은 정부의 방침에 대해 '그 과정이 이해하기 쉽고 공정하며 신속하기만 하다면 괜찮다고 생각한다'며 연내 기업공개(IPO)를 추진하느냐는 질문에는 '모르겠다'고 답했다. GPT-5.6 AI 모델은 최상위 모델인 '솔'과 차상위 모델인 '테라', 비용 효율성이 높은 '루나' 등으로 구성됐다.",IT/과학
"[속보]""SK하이닉스가 AI로 시선""…반도체 랠리에 나스닥 1.3%↑ 뉴욕증시가 미국과 이란 간의 긴장 속에서도 반도체주의 상승에 힘입어 3대 주요 지수가 일제히 상승 마감했다. SK하이닉스에 대한 투자자들의 관심이 인공지능(AI)으로 다시 이어졌다는 평가도 나왔다. 필라델피아 반도체지수는 3.1% 올랐고, 반에크 반도체 상장지수펀드(ETF)인 SMH도 2.5% 상승했다.",경제|IT/과학
"﻿100만 토큰이 '기본'이 된 한 주 ﻿[정원훈의 AI 트렌드] AI는 더 길게 기억하고, 더 가까이 다가왔지만, 그만큼 더 조심스러워졌다. 100만 토큰은 자랑에서 기본기로 내려앉았고, 개인정보는 서버가 아니라 브라우저 안에서 지워지기 시작했으며, 거대 모델을 증류한 소형 모델은 놀라운 성능과 껄끄러운 숙제를 동시에 안고 순위에 올랐습니다. AI의 경쟁이 단순한 길이 싸움이 아니라 '싸게, 안정적으로'의 싸움이 될 거라는 신호입니다. 100만 토큰 구간에서 토큰당 연산량을 2.9배 줄였다는 인덱스셰어의 아이디어가 좌우합니다. 한국어는 아직 사각지대다. 램파트는 '개인정보를 서버에서 지우겠다'가 아니라 '애초에 기기 밖으로 내보내지 않겠다'는 발상의 전환을 14.7MB에 담았습니다. 미국 정부 조직이 직접 오픈소스 AI를 내놨다는 점도 상징적입니다.",라이프
"경찰청장 직무대행 ""'장윤기 사건' 송구…보완수사권 국회서 결정"" 유재성 경찰청장 직무대행은 '장윤기 사건'과 관련해 국민께 심려를 끼쳐 송구스럽게 생각하고 있다. 이번 사안을 엄중함을 인식하고 있으며, 보완수사권과 관련하여 국회에서 충분한 논의를 거쳐 입법·정책적으로 결정되리라 생각하고 있다. 유 직무대행은 조기 귀국해 경찰 수사 제도 전반에 대한 검토 및 신뢰 제고 방안 등을 논의할 예정이다.",정치
"성장률 전망 올랐는데…서민경제, 물가·금리·임금 '삼중고’ 한국 주요 경제기관들이 올해 우리나라 경제성장률 전망치를 상향 조정하고 있지만, 서민 체감경기는 여전히 위태로운 상황이다. 반도체 수출 호조가 성장을 이끌고 있지만, 그 효과가 내수와 취약계층까지 고르게 확산되기는 쉽지 않다는 분석이다. 물가 부담이 취약계층에 집중되는 상황에서 금리 인상 가능성까지 커지며 서민경제의 불안은 한층 커지고 있다. 취약계층의 가계대출 이자 부담과 자영업자·중소기업의 금융비용 부담이 커지면서 양극화가 더욱 심화될 수 있다. IMF도 물가 안정을 우선하는 통화정책과 취약계층 중심의 한시적·선별적 재정 지원을 권고한 것도 이 같은 문제의식 때문으로 풀이된다. 정부도 성장률 전망 개선이 곧바로 민생 회복을 뜻하지는 않는다는 점을 인식하고 있다.",경제
"與, 검찰 보완수사권 없애고 수사 요구권만 남겼다 더불어민주당은 형사소송법 개정안을 발의해 검찰의 보완수사권을 폐지하고, 경찰이 수사를 독점할 수 없도록 강제할 방법이 없는 상태를 만들었다. 민주당은 10월부터 검사의 직접 수사 권한을 폐지하고, 경찰이 수사를 독점할 수 없도록 강제할 방법이 없는 상태를 만들었다. 민주당의 형사소송법 개정안에는 보완수사 요구권만 남아있으며, 경찰이 수사를 독점할 수 없도록 강제할 방법이 없는 상태를 만들었다.",정치
"[오늘의 국회일정] (10일, 금) 국회의장 조정식은 7일 서울 여의도 국회에서 한성숙 국무총리를 접견하고 기념 촬영을 했다. 국회의장은 다양한 정책 토론회를 개최하여 공익변호사의 입법 운동과 국회 대응을 논의했다. 이날 국회의장실에서는 의원실 세미나, K-스타트업을 세계 무대로!, K-스틸법 발효와 특수강 산업의 전망과 과제를 위한 정책 토론회 등 다양한 회의가 진행됐다.",정치
"""폭락장서 13% 넘게 벌었다""…개미 몰린 ETF 정체 [분석+] 커버드콜 ETF가 최근에 상승한 수익률을 기록하며 투자자들의 선택을 받은 것으로 해석된다. 이러한 상품의 특징은 주가가 크게 오르면 추가 상승에 따른 이익이 제한되지만 주가가 횡보하거나 완만하게 하락할 때는 옵션 프리미엄 덕분에 추가 수익을 낼 수 있는 것이다. 2·3세대 커버드콜 ETF는 위클리 옵션 활용과 옵션 매도 비중을 조절해 강세장에서도 성과를 향유할 수 있게 설계됐다.",경제
"'반도체 클러스터' 광주 군공항 인근, 토허구역 지정한다 국토교통부는 호남 반도체 첨단국가산단 사업 예정지 일원 364.19㎢를 2년간 토지거래허가구역으로 지정했다. 광주 군공항 부지와 인근 지역이 대상 지역으로, 개발 기대감에 따른 투기 수요 유입 우려가 제기됐다. 토지거래허가구역에서는 일정 면적 이상의 토지를 거래하려면 관할 지방자치단체장의 허가를 받아야 하며, 실수요 목적이 아닌 투기성 거래는 제한된다.",경제|IT/과학
"‘반도체 예정’ 광주 군공항 인근, 토지거래허가구역 지정 국토교통부와 전남광주통합특별시가 호남 반도체 첨단국가산업단지 일대를 토지거래허가구역으로 지정했다. 이번 토지거래허가구역은 호남 반도체 첨단국가산단 조성 예정지와 인근 지역을 대상으로 법정동·리 경계선을 기준으로 확정됐다. 토지거래허가구역 내에서 토지를 거래하기 위해서는 사전에 관할 기관에 허가를 받아야 하며, 5년 이내의 실제 이용 의무가 부과된다.",경제|IT/과학
"""단순 편집은 AI 표시의무 예외""…與김우영, AI발전 기본법 발의 김우영 더불어민주당 의원은 '인공지능 발전과 신뢰 기반 조성 등에 관한 기본법' 일부개정안을 대표발의하여 AI 생성물 표시 의무를 정비했다. 현행법은 실제와 구분하기 힘든 음향·이미지·영상에 대해서도 표시하도록 하지만, 표준적인 편집 보조에만 활용되는 경우 표시 의무 예외를 인정하게 했다. 김우영 의원은 AI 생성물에 대한 투명성은 필요하지만 단순한 보정이나 편집까지 일률적으로 표시 의무를 부과하는 것은 창작과 산업 현실에 맞지 않는다고 말했다.",IT/과학
"외교부, '중동 긴장 재고조'에 재외국민 안전 점검 외교부는 중동 지역 긴장이 고조되고 있는 상황과 관련, 12개 공관과 본부-공관 합동 상황점검회의를 개최했다. 유 국장은 각 공관에서 현지 우리 국민의 안전을 확보하기 위해 필요한 조치를 취해줄 것을 당부했다. 외교부는 앞으로도 현지 정세를 예의주시하며 우리 국민의 안전을 확보하기 위해 적극 노력해 나갈 예정이라고 밝혔다.",사회/세계
"중·러·이란 미 인공지능 데이터 센터 갈등 부채질 중국, 러시아, 이란의 대미 여론공작이 미국 데이터센터 논란을 키우는데 초점을 맞추고 있다. 미국인들은 인공지능 데이터센터 확산에 대한 적대감이 커지는 것을 겨냥한 것으로 중간 선거를 앞두고 논란을 키우려는 의도를 가진 것으로 보인다. 중국, 러시아, 이란의 국영 매체들이 미국 내 데이터센터를 둘러싼 논란을 '국내 균열 지점'으로 만들기 위해 올해 들어 수십 건의 기사와 소셜 미디어 포스트를 올렸다.",IT/과학
"李대통령 ""외국 기업, 국내서 반노동 행태 안돼…구태 경영"" 이재명 대통령은 이케아의 육아휴직 직원 강등 의혹을 엄정하게 조사하고 조치하겠다고 밝혔다. 이 대통령은 외국 기업도 국내에서 반노동 비상식 행태를 보여서는 안 되며, 우리나라 정부가 국제적 기준에 맞게 엄정하게 조치를 취해야 한다고 말했다. 한때 다른 나라에선 모범적인 글로벌 기업이 유독 우리나라에서만 반노동적이고 불투명한 경영을 해서 빈축을 사는 경우가 있었다.",정치
"李대통령, 이케아 직격…""국내서 반노동 행태 안돼"" 이재명 대통령은 이케아가 직원의 직급을 강등하고 권고사직을 종용한 의혹에 대해 조사 중이라고 밝혔다. 이 대통령은 외국 기업도 국내에서 반노동적이고 불투명한 경영을 하면 안 되며, 이제 대한민국이 세계를 선도하는 모범 사회·모범 정부로 거듭나고 있어 그런 구태 경영 행태가 발생하면 용납할 수 없다. 철저히 조사해 사실로 밝혀진다면 국제적 기준에 맞게 엄정하게 조치하겠다.",정치
"SK하이닉스 ADR 공모가 149달러 확정…美 증시 해외기업 최대 IPO SK하이닉스는 미국 주식예탁증서(ADR) 공모가를 149달러로 확정, 사상 최대 규모의 미국 내 기업공개(IPO)를 기록했다. 이번 공모가는 메모리 반도체주 변동성이 커진 상황에서도 할인 없이 프리미엄 가격에 공모가가 확정된 셈이다. SK하이닉스는 이번 상장 과정에서 해외기업 공모 사례 중 이례적으로 프리미엄 프라이싱을 달성한 것으로 평가된다.",경제
"이 대통령, 이케아 '육휴 강등' 의혹에 ""사실이면 엄정 조치"" 이재명 대통령은 외국 기업도 국내에서 반노동 비상식 행태를 보여서는 안 된다고 강조했다. 한때 다른 나라에선 모범적인 글로벌 기업이 유독 우리나라에서만 반노동적이고 불투명한 경영을 해서 빈축을 사는 경우가 있었다. 철저히 조사해 사실로 밝혀진다면 국제적 기준에 맞게 엄정하게 조치하겠다.",정치
SK하이닉스 상장 디데이…환율 1500원 하회 시도[외환브리핑] 10일 원·달러 환율은 1500원을 하회할 것으로 전망된다. SK하이닉스의 ADR 상장이 나스닥에 상장되며 반도체 업황 심리에 긍정적으로 작용할 것으로 보인다. 달러 저가매수는 하단을 지지할 것으로 전망되나 1500원 초반부터는 달러 실수요가 대거 유입될 가능성이 커 환율이 1500원 밑으로 쉽게 내려가기는 어려울 수 있다.,경제
"이억원 ""망분리 전면 해제 방안 조속히 구체화""…AI 보안체계 구축 이억원 금융위원장은 정보보호의 날 기념 행사에서 AI 기반 사이버 공격에 대응하기 위한 금융권 보안 강화 방안을 제시했다. 정부와 민간의 긴밀한 협업이 새로운 디지털 위협에 효과적으로 대응하는 데 중요하다고 강조했다. AI 보안체계 구축을 위해 현장과 끊임없이 소통하며 변화하는 시대에 맞는 꾸준한 제도 개선을 통해 안전하고 신뢰받는 디지털 금융환경을 만들어 나가겠다고 밝혔다.",IT/과학
“차체 키우고 생성형 AI 더했다” 확 달라진 현대 아반떼 2026 부산모빌리티쇼에서 현대자동차가 신형 아반떼를 공개하여 자동차의 디지털 기기 전환을 실증하는 모델을 선보였다. 제네시스는 럭셔리와 고성능을 어떻게 연결하려는가에 대한 서사를 쌓기 위한 첫걸음으로 마그마 GT 콘셉트와 GMR-001 하이퍼카 디자인 모델을 공개했다. BYD는 국내 첫 플러그인 하이브리드 스포츠유틸리티차량(SUV)인 씨라이언 6 DM-i를 공개하고 사전계약에 들어갔다.,IT/과학
[자막뉴스] 충남도 '제2의 장윤기 사건'이?…경찰이 놓친 스토킹 찾아낸... 경찰이 부실수사 논란에 휩싸인 가운데 또 다른 부실수사 사례가 드러났습니다. 검찰은 살인범의 피해자에 대한 오랜 스토킹 범죄를 보완수사 끝에 밝혀냈습니다. 대전지검 홍성지청은 52살 A씨를 구속기소했습니다. A씨는 전 여자친구의 애인인 43살 B씨를 살해한 혐의를 받고 있습니다. A씨는 계획적 살인을 인정했습니다. 검찰이 관련 증거를 들이밀자 결국 혐의를 인정했습니다. 계획적 살인이라는 사실이 입증되면 법원이 양형할 때 중요한 가중 요소가 됩니다.,사회/세계
"""육아휴직 다녀왔더니 강등?""…李대통령, 이케아 의혹에 ""엄정 조치"" 이재명 대통령은 이케아코리아의 육아휴직 복귀 직원 부당 처우 의혹에 대해 '용납할 수 없다'고 비판했다. 이 대통령은 국제 기준에 맞게 엄정 조치를 취하겠다고 했다. 이 대통령은 외국 기업도 국내에서 노동 기준을 지켜야 한다고 강조하며, 우리 기업도 해외에서 반노동 비상식 행태를 보여서는 안 된다고 말했다.",정치
"마이크론, 美 반도체 공장 투자 2500억달러로 늘려 마이크론이 2035년까지 미국 반도체 업계에 2500억달러를 투자할 계획을 발표했다. 이번 투자는 인공지능(AI) 메모리 반도체의 수요 급증에 대비해 미국 내 칩 생산 공장과 기술 개발을 위한 자금을 늘리는 것이다. 마이크론은 2035년까지 자사 D램의 40%를 미국에서 생산하겠다는 목표를 제시하고, 이 투자로 미국에서 9만개 이상의 일자리를 창출할 것이라고 말했다.",경제|IT/과학
"“육휴 복귀했더니 평사원 강등?”…이 대통령, 이케아 논란에 “철저 ... 이재명 대통령은 이케아 코리아의 인사 불이익 의혹을 강하게 비판하며 '국제 기준에 맞게 엄정하게 조치하겠다'고 말했다. 이 대통령은 우리나라 정부가 반노동 정책을 구사하고 부정부패로 물들어 있던 시절의 이야기라며 이케아 코리아의 구태 경영 행태를 용납할 수 없다고 강조했다. 이케아 코리아는 조직 개편은 특정 개인이 아닌 조직과 직무를 중심으로 진행됐으며, 관련 법규와 내부 정책을 준수해 동일한 원칙과 절차를 적용하고 있다고 주장하지만 이 대통령은 이를 부인하며 엄정하게 조치하겠다고 말했다.",정치
"손흥민까지 국회 청문회 등판?… 노종면 의원 ""출석 강제 안해, 억울함... 국회 문체위는 22일 청문회를 개최하여 2026 북중미 월드컵 대참사의 진상 규명을 위해 증인으로 정몽규·홍명보 등 13명, 손흥민·황희찬 등 참고인 10명이 채택됐다. 노종면 의원은 '선수들을 참고인 명단에 올린 배경은 한편으로는 선수들에게 직접 진술할 기회를 부여할 필요성이 있기 때문이며, 다른 한편으로는 대중 앞에 서는 것이 큰 부담일 수 있는 만큼 출석을 결코 강제하지는 않겠다는 판단에 따른 것'이라고 말했다. 국회 문체위는 축구협회의 구조적인 모순과 문제점에 집중하고, 책임 소재가 어디에 있든 정확히 가려내는 것이 핵심으로 22일 청문회를 개최하여 대한민국 축구의 철저한 재정비와 재도약에 기여할 수 있도록 최선을 다하겠다고 단호한 의지를 피력했다.",문화/트렌드|정치
"외교부, ‘한국인 신고 94% 감소’ 캄보디아 여행금지 해제 외교부는 캄보디아와 일부 지역에 대한 여행경보 4단계를 해제하고, 3단계로 하향시켰다. 치안 상황이 개선된 점을 고려하여 처사를 내린 것으로 보인다. 여행금지 국가·지역을 허가 없이 방문하거나 체류할 경우 형사처벌과 여권 행정제재를 받을 수 있다.",사회/세계
"팔레스타인 11월28일 총선 실시 발표…20년만에 선거 팔레스타인 자치정부는 11월28일 총선을 실시할 것이라고 발표했다. 이번 총선은 2006년 이후 20년만의 선거로, 국제사회 압력에 따라 열리는 것 같다. 그러나 실제 팔레스타인 총선이 제대로 치뤄질 수 있는지 여부는 미지수다.",사회/세계
"법원, '혐중·부정선거 현수막' 원외정당 대표 구속영장 기각 서울남부지법 김지현 부장판사는 최창원씨에 대한 구속영장을 기각했다. 김 부장판사는 '피의자가 도망할 염려와 증거를 인멸할 우려가 있다고 보기 어렵다'며 구속을 필요치 않다고 판결했다. 이날로미래로 대표 최창원씨는 구속을 면했으며, 같은 날 '애국현수막' 대표 김모씨도 영장을 기각받았다.",정치|사회/세계
"우리투자증권, 발행어음 금리 최대 0.5%p 인상 우리투자증권은 예금자보호가 적용되는 발행어음형 상품의 금리를 최대 0.5%포인트 인상했다. 이와 함께 수시입출식 상품 및 회전복리정기예금 등 주요 수신상품의 금리도 함께 인상한다. 해당 발행어음형 정기예금 및 수시입출식 상품은 예금자보호법에 따라 우리투자증권의 다른 예금자보호 대상 상품과 합산해 1인당 원금과 소정의 이자를 포함해 최대 1억원까지 보호된다.",경제
"원·달러 환율, 1510원대 등락 중 달러인덱스는 100.94로 전날보다 상승하여 원·달러 환율이 1511.5원으로 등락하고 있다. 환율이 떨어지자 저가 매수세가 유입된 영향으로 보이나 외국인 투자자들이 전날까지 이틀 연속 순매수를 한 것은 원화에 긍정적인 요인이다. SK하이닉스가 미국 주식예탁증서(ADR) 상장으로 265억7100만 달러에 달하는 자금을 조달하는 것도 환율 안정에 도움이 될 수 있을 전망이다.",경제
"중동발 지정학적 불확실성 속 달러·원 환율 1506원선 거래 달러·원 환율이 1506.3원으로 거래되며, 중동의 지정학적 불확실성이 지속되는 상황에서 환율 상승 압력이 작용하고 있다. 미국과 이란 간의 무력충돌 우려가 커지면서 달러 가치가 약세로 돌아섰으나, 지정학적 불안이 위험선호 심리를 위축시키고 있다. 수입대금 결제를 위해 달러를 확보하려는 수입업체 결제 수요가 환율 상승을 뒷받침할 전망이나, 역내 수급 쏠림이 다소 개선되면서 환율의 급격한 상승은 나타나지 않을 것.",경제|사회/세계
"""AI 하려면 칩도 직접""…메타, 자체 AI칩 9월 양산 메타플랫폼이 9월부터 자체 설계 인공지능(AI) 칩을 양산하게 된다. 메타는 AI 인프라 투자도 공격적으로 늘리며 올해 7GW 규모의 컴퓨팅 인프라를 구축할 계획이다. 메타는 소프트웨어 수익화도 시작하여 AI 코딩 모델 '뮤즈 스파크 1.1'을 유료 API 형태로 개발자에게 공개했다.",IT/과학
"청주시, 치매 노인에 인공지능 돌봄로봇 지원 청주시는 치매 노인에게 인공지능 돌봄 로봇을 지원하여 일상생활을 지원하고 인지 기능과 신체 활동 강화를 제공합니다. 지원 대상은 홀로 지내는 75세 이상 치매 고위험군, 또는 치매 환자로 보건소 치매안심센터에서 신청하면 최대 1년 동안 무료로 이용할 수 있습니다. 돌봄 로봇은 치매 노인의 식사나 약 복용을 알리는 등 일상생활을 지원하는 프로그램을 제공합니다.",라이프|IT/과학
"한글의 과학, K팝으로 체험한다 국립중앙과학관이 훈민정음 해례본 반포 580주년을 기념하여 K팝 속 한글의 리듬과 발음 원리를 과학적으로 살펴보는 체험행사를 개최한다. 이번 행사는 K팝과 함께 세계적으로 주목받은 한글의 특징을 과학적 관점에서 소개하기 위해 마련됐다. 국립중앙과학관은 참가자들이 한글의 음성·문자 체계와 과학적 특징을 쉽고 재미있게 이해할 수 있도록 할 계획이다.",문화/트렌드
"에몬스, 2026 F/W 시즌 디자인 트렌드 발표 에몬스는 2026 FW 디자인 트렌드 발표회에서 '하이퍼 테일러드(Hyper-Tailored)'를 제안하며, 카테고리별 신상품 80여 종을 공개했다. 에몬스는 슬립테크 기반 AI 매트리스 '힐로(Hilo)'를 출시하여, 수면과 건강, 휴식을 하나의 경험으로 확장한 스마트 헬스케어형 모델을 제안했다. 에몬스는 가구의 스티치 라인 하나, 조명의 각도와 보이지 않는 스프링의 정밀함까지 장인 정신으로 조율한 에몬스만의 디테일의 미학을 증명하는 자리.",IT/과학|문화/트렌드
"[사건사고] 고령 돼지농장 작업 중 분뇨 저장조 추락 사고…60대 숨져 外 60대 남성이 돼지 농장의 분뇨 저장조에서 추락사고로 숨졌습니다. 서울 은평구의 한 빌라에서 초등학생 남매가 화재로 숨졌습니다. 소방대원들이 출동해 2명을 구조했지만, 끝내 숨졌으며, 다른 주민 2명은 연기를 들이마셔 병원으로 옮겨졌습니다.",사회/세계
"[속보] 靑 “23일 부동산 대토론회 개최…李대통령도 참석” 청와대는 23일 부동산 정책 토론회를 열어 정부 관계자, 시장 전문가, 일반 국민의 의견을 수렴해 공급, 금융, 세제 등 부동산 정책을 재점검할 계획입니다. 정부는 부동산 정책이 정부의 판단만으로 완성될 수 있다고 생각하지 않는다며, 시장 여건과 국민의 체감하는 어려움도 고려해야 한다고 강조합니다. 청와대는 온라인 의견수렴 창구를 열어 누구나 자유롭게 의견을 제시할 수 있도록 하고, 접수된 의견은 충분히 검토해 토론회 논의와 정책 검토 과정에 반영하겠습니다.",정치|경제
"[속보] 청와대 “이 대통령, 23일 ‘부동산정책 대토론회’ 개최…국민... 청와대는 이재명 대통령이 참석하는 '부동산 정책 국민 대토론회'를 열어 향후 정책 방향을 논의하기로 했다. 정부는 토론회에 참석하지 못하는 국민들도 온라인 의견 수렴 창구를 통해 자유롭게 의견을 제시할 수 있도록 하고, 접수된 의견은 토론회 논의와 정책 검토 과정에 충실히 반영하겠다는 방침이다. 정부는 부동산 정책이 정부의 판단만으로 완성될 수 있다고 생각하지 않는다. 시장 여건은 계속 변하고 있고, 국민이 체감하는 어려움도 다양하다.",정치|경제
"‘정이한 자작극’ 선거 전 자백…한동훈 “경찰·개혁신당 언제 알았나... 한동훈 전 국민의힘 대표는 '피습 자작극' 혐의로 구속된 정이한 전 개혁신당 부산시장 후보가 범행을 인정한 사실을 밝혀야 한다고 촉구했다. 정 전 후보는 선거 2주가량 전인 지난 5월 중순 경찰에 출석해 범행을 공모했으며, 이후에도 선거운동을 계속 이어갔다. 경찰은 선거 기간 중 정 전 후보의 진술을 확보하고도 강제수사를 선거 다음 날인 6월 4일에 진행한 점이 논란이 되고 있다.",정치
"""韓 청년, 집 살 희망은 주식뿐""…日 매체 '2030 주식 열풍' 조명 한국 증시가 강세를 이어가고 있는 가운데, 한국 청년들이 주식 투자에 몰리고 있다고 일본 언론이 분석했다. 치솟은 집값과 자산 격차로 인해 한국 청년들은 주식 투자 열풍을 키우는 것 같으며, 삼성전자와 SK하이닉스가 상승장을 주도하고 있다. 하지만 현재의 투자 열풍에 대한 우려도 짚어지는데, 반도체 슈퍼사이클이 끝나면 주식시장이 폭락할 수 있다고 한국 경제지 간부는 말했다.",경제
"""메타, 9월부터 자체 AI칩 양산…엔비디아 의존도 축소"" 메타플랫폼이 자체 설계한 AI칩을 9월부터 생산하게 되며, 이 칩은 컴퓨팅 인프라를 강화하고 반도체 공급망 변화에도 대응할 것이다. 메타는 2027년까지 약 6개월 간격으로 새로운 칩을 생산할 계획이며, 글로벌 반도체 공급 부족 현상에 따른 가격 상승에 대비하기 위해 칩 개발 속도를 더욱 높일 전망이다. 메타는 AI 컴퓨팅 인프라 투자도 대폭 확대하며 올해 약 7기가와트 규모의 컴퓨팅 인프라를 구축한 뒤 내년에는 이를 14GW로 2배 확대할 계획이다.",경제|IT/과학
"대웅제약, 내시경에도 AI 접목… 소화기 질환 솔루션 강화 대웅제약이 의료 인공지능(AI) 기업 웨이센과 손잡고 AI 내시경 영상 분석 소프트웨어 시장에 진출, 기존 위식도역류질환 치료제와 대장 정결제 중심의 소화기 질환 제품군에 진단 보조 솔루션을 더해 디지털 헬스케어 사업을 강화한다. 웨이메드 엔도는 AI 기반 위·대장 내시경 실시간 영상 분석 의료 소프트웨어로, 내시경 검사 중 주름 뒤나 가장자리, 2~3mm 크기의 작은 병변 등 육안으로 놓치기 쉬운 병변을 확인할 수 있도록 의료진을 보조한다. 이번 협력은 대웅제약이 추진 중인 디지털 헬스케어 사업을 소화기 질환 분야로 넓히는 출발점으로, 기존 소화기 질환 제품군과 전국 병원 네트워크를 기반으로 웨이메드 엔도의 공급 확대를 추진하고, 의료진의 검사 환경과 업무 효율 개선을 지원하겠다.",IT/과학
"우주항공청, 20개 기업과 ‘제8차 우주항공 SOS 간담회’ 우주항공청은 정부와 민간 기업들이 모여 미래 항공기 개발을 위한 협력 방안을 논의했다. 정부는 예산을 투자해 배터리와 엔진을 혼용하는 하이브리드 미래항공기 개발에 집중하고, 민간 주도로 개발하는 방식이다. 우주항공청은 하이브리드 기체를 기본 플랫폼으로 삼아 향후 공공과 상용 시장의 다양한 임무에 맞춰 성능을 확장해 나갈 계획이다.",IT/과학
"에몬스, FW 시즌 디자인 트렌드로 'Hyper-Tailored' 꼽아 이재명 대통령은 몽골을 국빈 방문 중 '한몽 비즈니스 포럼'에 참석해 핵심 광물 등 양국 간 경제 분야 협력 확대를 강조했다. 윤 전 대통령 측이 헌재에 재판소원 절차를 밟겠다고 밝혔다. 티웨이항공은 ‘국제선 얼리버드’ 행사에 유럽 기차와 시티투어, 면세점 혜택을 더한 국제선 행사를 선보인다.",정치
[단독] 대법 ‘김용 재판기록’ 요청 불허 이어…검찰 내부 “공판기록... 서울고검 검사 공봉숙은 '검사 신분 이용한 기록 확보는 법적 근거 없어'라며 조사단의 기록 확보 방식에 문제를 제기했다. 공 검사는 조사단이 형사사건 기록을 마음대로 가져다 보나며 행정조사기본법에도 법원의 형사사건 기록을 가져다 볼 수 있는 근거는 없다고 지적했다. 검찰 내부에서는 조사단의 조사 필요성과 별개로 진행 중인 형사사건의 수사·공판 기록을 확보하기 위해서는 명확한 법적 근거와 절차가 선행돼야 한다는 지적이 계속되고 있다.,사회/세계
종합특검 '김건희 수사 무마 의혹' 심우정 전 검찰총장 소환 심우정 전 검찰총장은 직권남용 혐의 피의자로 소환돼 조사 중입니다. 도이치 주가조작 사건 무마 의혹을 수사하는 2차 종합특검은 심 전 총장이 검찰총장 때 도이치 사건 보고를 받았나 의심하고 있습니다. 종합특검은 심 전 총장을 조사한 후 도이치 수사 무마 관련자들에 대한 처분 여부를 결정할 계획입니다.,정치
"이 대통령 국정지지도 53%…전주 대비 1%p↓[한국갤럽] 이재명 대통령의 직무 수행에 대한 긍정 평가가 53%, 부정 평가가 35%로 나타났다. 긍정 평가와 부정 평가 모두 직전 조사 대비 각각 1%p 내렸다. 긍정 평가는 민주당 지지층, 진보층 등에서 높았으나 보수층, 국민의힘 지지층에서는 낮았다.",정치
"靑 ""보유·거래세 합리적 개선 검토…23일 대통령 주재 토론회""(종합) 김용범 정책실장은 14∼16일 국토부·금융위·재경부서 공개 토론을 열어 부동산 세제 개편 등의 논의를 본격화할 계획이다. 정부는 부동산 시장 안정 조치를 병행하고 있으며, 국민의 주거 안정을 최우선에 두고 정책을 점검하고 있다. 김용범 정책실장은 '지금 필요한 것은 정부가 일방적으로 답을 제시하는 것이 아니라, 국민과 전문가가 함께 해법을 만들어가는 과정'라며, 현장의 목소리를 더 많이 듣고, 더 좋은 대안은 적극적으로 받아들이겠다는 것이다.",정치|경제
"삼성전자 초기업노조 ""지역화폐로 임금 지급? 국회의원 세비에 적용을"" 삼성그룹 초기업노동조합 삼성전자지부는 근로기준법 개정안에 대해 '임금 지급의 근간을 흔드는 위험한 시도'라며 철회를 요구했다. 초기업노조는 지역사랑상품권으로 임금 일부를 지급할 수 있도록 하는 법안은 근로자의 생계를 오히려 위협하는 폐단이 생길 수밖에 있다고 지적했다. 국회가 이번 개정안을 즉각 철회하고 근로자에게 피해가 없는 방식으로 지역경제 활성화 방안을 마련할 것을 촉구한다.",정치
"한동훈 ""'정이한 자작극' 선거전 알았나""…이준석 ""전혀 몰랐다"" 무소속 한동훈 의원은 경찰과 개혁신당이 '자작극' 인지 시점을 밝혀야 한다고 주장했다. 한 의원은 정 후보가 테러 동정심으로 표를 얻었고, 부산시민들은 속아서 투표해 투표권을 강탈당했다고 말했다. 한동훈 의원은 경찰이 자작극이라는 사실을 선거 전에 알았다면 그 사실을 알렸어야 했으며, 개혁신당은 후보를 사퇴시켰어야 했다고 강조했다.",정치
"한동훈 “경찰, ‘정이한 자작극’ 선거前 알고도 숨겼다면 선거개입” 한동훈 무소속 의원은 경찰과 개혁신당이 선거 전에 '자작극'이라는 사실을 알았는지 밝혀라며 정이한 전 개혁신당 부산시장 후보의 구속을 촉구했다. 정 후보는 선거 결과를 바꿀 수 있었는데, 경찰이 선거 전에 자작극이라는 사실을 알았다면 참정권을 침해한 책임을 져야 한다고 주장했다. 한 의원은 선거 전에 알았다면 정 후보에게 투표할 부산 시민은 훨씬 적었을 것이고, 선거 결과가 바뀌었을 수도 있다고 강조했다.",정치
"靑 ""광주 군공항 반도체 산단 전환 한미 간 협의 시작"" 김용범 정책실장은 광주 군 공항 일부를 미군이 사용하고 있기 때문에 당연히 미군과도 협의를 시작해야 하는 사안이라 말했다. 청와대는 한미 간 협의를 이미 시작했다고 밝혔다. 광주 군 공항은 국내 5개 한미 공군 공동운영기지 중 하나로 평시에 미 공군 작전부대가 상시 주둔하지 않지만, 유사시에 미 항공전력이 전개되는 곳이다. 광주 군공항 이전이나 기능 조정에는 SOFA에 근거한 한미 협의와 함께 공동운영기지 재지정 등의 절차가 필요할 것으로 관측된다.",경제|IT/과학
"기보·하나은행, 반도체 기업 금융지원 확대 기술보증기금과 하나은행이 '반도체 산업 금융지원 업무협약'을 체결하여 중소·중견 협력기업을 지원한다. 협약에 따라 기보는 1천억원 규모 보증료 지원 협약보증을 공급하고, 보증료 감면 혜택을 제공한다. 양 기관은 협약을 계기로 반도체 산업 협력기업에 대한 금융지원을 확대하여 이들 기업이 성장 과정에 필요한 자금을 안정적으로 조달할 수 있도록 협력체계를 강화해 나갈 예정이다.",경제|IT/과학
"오케스트로 인공지능연구소, 과기부 '우수 기업부설연구소' 지정 오케스트로 그룹이 자사 인공지능(AI)연구소가 과학기술정보통신부의 '2026년 상반기 우수 기업부설연구소'로 지정됐다. 그룹은 AI 인프라와 클라우드 기술 분야에서 연구개발 역량을 강화하고, 특허 등록 86건 등 자체 기술 기반 R&D 성과를 냈다. 이번 지정을 계기로 오케스트로 그룹은 소버린 AI 클라우드와 차세대 AI 인프라 연구 역량을 강화하고 국내에서 검증된 기술을 세계 시장으로 확장할 계획이다.",IT/과학
"검찰 '보완수사 요구권'만 남긴 與…법조계 ""실효성 의문"" 보완수사 기한 '1개월' 제한…불이행 시 징계 규정으로, 사법경찰관은 검사의 보완수사 요구를 받은 날부터 1개월 이내 수사를 완료해야 한다. 검찰의 직접 보완수사권이 폐지돼 경찰에 대한 견제 장치가 무력화될 수 있다는 우려가 나온다. 보완수사는 기본적 인권을 보호하고 억울한 피해자가 나오지 않게 하는 수단이자 책무로, 여성, 아동, 노인, 장애인, 성폭력 피해자 등 사회적 약자의 권리 구제를 위한 가장 중요한 방안이다.",정치
"파업 압박 수위 높이는 완성차 노조…차주 최대 고비 현대차 노조는 13일부터 15일까지 부분 파업을 진행하고, 사측과 조속한 타결을 요구하고 있다. 한국GM 노조도 13일부터 조기 출근과 잔업, 특근 거부 방침을 밝혔다. 완성차 업계의 시름이 깊어질 전망으로, 양측 실무진이 본교섭 이후에도 물밑 접촉을 이어가고 있다.",경제
"징계정치 거부감, 힘잃은 장외투쟁…국힘, PK 지지율 20.7%p↓ 국민의힘 지지율이 38.1%로 전주 대비 2.2%p 하락하여 4주 만에 오차범위 밖으로 벌어졌다. 당내 징계정치 둘러싼 내분이 전통 지지층의 이탈로 이어졌으며, PK 지역에서는 20%포인트 넘게 급락했다. 장동혁 국민의힘 대표가 장외 투쟁을 통해 지지율 반등을 꾀했지만, 핵심 지지 기반이던 70대 이상 고령층과 부산·울산·경남 지역 민심 이탈이 확대돼 하락세가 지속된 것으로 보인다.",정치
"이스라엘 총선 10월 27일로 확정…네타냐후 정치 운명 달려 이란전·초정통파 병역 논란이 최대 쟁점으로 떠오른 가자전쟁 이후 첫 총선이 10월 27일 치러질 예정이다. 네타냐후 총리는 안보 리더십을 평가하는 선거가 될 것으로 보인다. 또한, 연립정부는 4년 임기를 모두 채우는 정부가 된다. 하마스의 2023년 10월 기습 공격과 이어진 전쟁 이후 처음 치러지는 선거로, 이스라엘인의 약 92%는 '이란이 승리했거나 이득을 얻었다'고 답했다.",문화/트렌드
"‘9년 공백’ 손태영, 이서진 언급...“오빠 나 직업 있어” 한국어 뉴스 요약 전문가가 제공하는 본문 분석 결과입니다. 본문은 언론사 페이지의 링크를 제공하며, 일부는 미제공될 수 있습니다. 해당 언론사는 분류를 따르며, 페이지로 이동할 수 있습니다.",문화/트렌드
"트럼프·네타냐후 이마에 조준선... 이란 일간, 하메네이 복수 대상 13人... 이란 매체 함샤리가 알리 하메네이 최고지도자의 장례식 직후 13명을 복수의 대상자로 지목했다. 함샤리는 모즈타바 헤메네이가 발표한 메시지를 통해 '복수는 필연적이다'라고 적혔다. 이 13명에는 미국, 이스라엘 등 정상과 당국자부터 유럽 지도자들까지 포함됐다.",문화/트렌드
"박유천, 핑크빛 뽀글머리로 감춘 휑한 이마..마음 편히 웃었다 한국어 뉴스 요약 전문가가 제공하는 뉴스 본문을 분석하여 가장 중요한 핵심 내용을 요약합니다. 본문 듣기를종료하였습니다. 본문의 검색 링크는 AI 자동 인식으로 제공됩니다. 언론사 페이지(아웃링크)로 이동해 볼 수 있습니다.",IT/과학
자는 동안 뇌가 노폐물 청소 잘하고 있을까··· 이마에 붙이는 장비로... 뇌의 노폐물 청소 과정을 검사하기 위해 연구진은 이마에 부착하는 무선 장비를 개발했다. 이러한 장비는 수면 중 안정적인 측정이 가능해 집에서 자는 동안에도 연속 측정이 가능한 것이 특징이다. 연구진은 수면 중 일어나는 이런 변화를 착용형 장비를 써서 집에서 연속 관찰한 사례는 이번이 최초라고 밝혔다.,문화/트렌드
"수술비 깎아주고 후기 작성…공정위, 성형외과 3곳 제재 세종시 공정거래위원회는 성형외과 3곳이 홍보모델에게 수술비 할인 조건으로 후기 작성하게 한 뒤 경제적 이해관계를 밝히지 않은 것에 대해 시정명령과 공표명령을 부과했다. 성형외과들은 홍보모델이 작성한 후기들을 모델별로 취합·편집한 뒤 병원 홈페이지에 하나의 게시물로 올리면서도 경제적 이해관계를 밝히지 않았다. 공정위는 이 경우 기만적인 광고에 해당하고 소비자 피해 예방을 위한 조치를 요청했다.",라이프
"“광고 아닌 후기인 척”…공정위 성형외과 3곳 ‘뒷광고’ 제재 서울 강남·서초 소재 성형외과 3곳이 표시광고법 위반 혐의로 공정거래위원회의 제재를 받았습니다. 뷰성형외과, 에이비성형외과의원, 디에이성형외과는 홍보 모델에게 수술 비용 할인 대가로 수술 전 상담, 수술 후 이용 후기를 게시하도록 한 후 광고임을 밝히지 않은 것으로 조사됐습니다. 공정위는 이러한 광고 행위가 소비자들에게 자발적으로 작성된 후기로 오인하게 해 ‘기만적인 표시 광고’에 해당한다고 판단했습니다.",라이프
"'대이란 강경파' 미 그레이엄 의원 자택서 급사···‘한국의 쿠팡 제재... 린지 그레이엄 공화당 상원의원(71세)이 11일 자택서 심장마비로 별세했다. 그레이엄 의원은 트럼프 대통령의 최측근으로 분류됐으며, 미·이란 전쟁을 두고 강경한 메시지를 냈다. 그는 한국 정부의 쿠팡 제재에 대해 '한국의 좌파 정부가 미국 기업을 부당하게 표적으로 삼고 있다'고 주장했다.",문화/트렌드|사회/세계
"'정이한 테러 자작극' 두고…개혁신당·국힘, 진실 공방 격화 이준석 개혁신당 대표는 국민의힘에 대한 의혹을 반박하며 '물귀신 작전'으로 맞받았다. 개혁신당은 후보 단일화 과정에서 국민의힘이 선거 공작을 벌였다는 의혹으로 맞받아 국민의힘은 이에 강력한 대응이 필요하다는 목소리가 있었다. 이준석 대표는 '테러 자작극' 의혹 제기에 대해 당당하게 사실관계가 확인된 내용으로 대응하겠다고 했다.",정치
"李대통령 지지도 2주 연속 올라 48.9%…민주 44%·국힘 38%[리얼미터] 이재명 대통령의 국정수행 지지도가 2주 연속 상승하여 48.9%로 집계됐다. 리얼미터 조사에 따르면 이 대통령의 외교 안보 성과가 지지율 상승을 견인한 요인으로 나타났다. 민주당은 44.8%, 국민의힘은 38.1%를 각각 기록하며, 정당 지지도 조사는 무선 자동응답 방식으로 이뤄졌다.",정치
"이재명 대통령 지지율 48.9%…민주 44.8%·국힘 38.1% 이재명 대통령의 국정 수행 지지율이 2주 연속 상승하며 40%대를 기록한 것으로 나타났다. 부정 평가는 지난주보다 1.5%p 하락했으며, 긍정과 부정 평가의 격차는 오차범위 내인 1.2%p였다. 민주당은 호남 반도체 산단 조성 등 대규모 지역 투자 구상과 당대표 선거를 앞둔 컨벤션 효과가 맞물려 지지율 상승 흐름을 이어간 것으로 풀이된다.",정치
"기록적 폭염에 원전도 가동 멈췄다…유럽 ‘비상’ 24일 프랑스 파리 인근에서 한 남성이 더위를 식히고 있으며, 유럽 전역에서 폭염에 따른 산불이 잇따르지고 있다. 프랑스에서는 수도 파리에서 남동쪽으로 약 60㎞ 떨어진 퐁텐블로 숲에서 화재가 발생해 주요 도로인 A6 고속도로가 부분 폐쇄됐다. 폭염 여파로 스포츠 현장도 비상이 걸렸으며, 프랑스 원자력발전소 세 곳도 가동을 멈췄다.",사회/세계
"삼성·SK, 반도체 팹 가동 앞당긴다…'속도전' 본격화 삼성전자와 SK하이닉스가 국내 반도체 생산기지 구축 일정을 대폭 앞당겼다. 양사는 글로벌 메모리 공급 부족 현상에 대응하여 생산능력 확보에 무게를 싣는 것으로 풀이된다. 정부의 산단 조기 조성 방침과 함께 2029년까지 1기 팹을 가동할 계획이다.",경제|IT/과학
"산불 확산·원자로 가동 중단…유럽 폭염 비상 스페인 안달루시아에서 대형 산불이 발생해 사망자 12명, 부상 8명으로 파악됐으며, 프랑스에서도 원자력발전소 가동 중단과 주요 도로 폐쇄가 있었다. 폭염에 따른 산불이 유럽 전역에서 잇따라 발생하고, 프랑스에서는 3곳의 원자력발전소를 가동 중단하고 다른 8곳의 출력을 감소시켰다. 안달루시아 지방 수반은 역대 최악으로 꼽히는 이번 산불로 인한 인명 피해가 사망 12명, 부상 8명으로 파악됐다고 밝혔다.",사회/세계
"해군 ""동해 경비임무중 실종된 해군 병사, 끝내 숨진 채 발견"" 해군 13일 남해상에서 실종된 해군 병사의 시신을 발견해 수습했다. 해군은 지난 16일부터 19일까지 서해와 남해에서 함대종합전투훈련을 실시하며 전투준비태세를 확립했다. 안규백 국방부 장관은 실종자 처리를 보고 받고 '최대한 신속하고 안전하게 구조에 최선을 다하고' 지시했다.",사회/세계
"동해서 경비 임무 중 실종된 해군 일병, 하루 만에 숨진 채 발견(종합) A 일병의 시신이 새벽 동해상에서 발견돼 수습됐다. 시신은 구명조끼를 착용한 상태가 아니었으며, 체육복 차림이었던 것으로 알려졌다. 민간 경찰과 군 수사기관이 합동으로 정확한 사고 경위와 사망 원인을 조사 중이다.",사회/세계
동해상 경비임무 해군 호위함 승조원 1명 실종…수색 중(종합) 해군 일병이 실종돼 군 당국이 수색 중이다. 그는 경비 임무 수행 중인 함정에서 마지막으로 목격된 것으로 전해졌다. 해군은 해경과 합동으로 함정 10여 척과 항공기 여러 대를 투입해 실종자를 탐색 중이다. 안규백 국방부 장관은 신속하고 안전하게 실종자를 구조할 수 있도록 최선을 다하라고 지시했다.,사회/세계
"당정 “미래대응기금 신설 추진, 신규 원전도 배제 안 해” 구윤철 경제부총리 겸 재정경제부 장관은 2026 하반기 경제성장전략 당정협의에서 인사말을 하고 있다. 정부는 미래대응기금 신설, 3대 메가프로젝트 추진, 지방주도 성장, 양극화 대응을 핵심 과제로 제시했다. 당정은 전력 수요가 예상되는 반도체·피지컬AI·AI 데이터센터 프로젝트를 뒷받침하기 위해 전력수급기본계획 수정·보완이 불가피하다고 보고 있다.",경제|IT/과학
"원전 제조 중심지 경남도 ""SMR 특별법 개정안 발의 환영"" 경남도는 'SMR 개발 촉진 및 지원에 관한 특별법 일부 개정 법률안'을 발의하여 SMR 산업 육성을 뒷받침하는 법, 제도 개선을 정부, 국회에 지속 건의했다. SMR은 일체형 설계, 공장 제작 방식을 통해 건설 기간과 초기비용을 대폭 절감한 차세대 원전으로 국내 최대 원전 제조 거점인 경남 창원국가산단 두산에너빌리티를 중심으로 원전 기업 240곳이 집적해 있다. 정부는 올해 두차례 국회 토론회를 개최하여 산학연 의견을 바탕으로 SMR 산업 육성을 뒷받침하는 법, 제도 개선을 지속 건의하고 있다.",정치|경제
"당정, '3대 메가프로젝트' 속도전…""신규 원전도 배제 안 해"" 더불어민주당과 정부는 2026 하반기 3대 메가프로젝트를 속도감 있게 추진하기로 했다. 정부는 인프라 투자를, 여당은 신속한 입법 지원에 나서기로 했다. 또한 노후소득 보장체계 개편을 주문했고, 정부는 기초연금과 국민연금, 퇴직연금, 주택연금 등 체제를 다층적으로 강화하기로 했다. 부동산 정책과 관련해 여당은 공급 확대를 통한 주거 안정을 정부에 강조했다. 또한 청년층과 생애 첫 주택을 마련하는 가구에 대한 적극적인 대책을 요청한 바 있다.",정치|경제
"이준석 “국힘 공작”-양향자 “국면전환 시도”…‘정이한 자작극’ 공... 정이한 전 개혁신당 부산시장 후보가 구속 전 피의자 심문에 출석하고 있다. 개혁신당과 국민의힘이 진실공방을 벌이고 있으며, 이준석 대표는 정이한 후보의 자작 테러 범죄를 국민의힘이 배후에서 공작하는 것처럼 주장했다. 개혁신당 지도부는 이 사실을 정말로 몰랐나? 알았다면 어느 선까지이며 과정에서 거래는 없었나?",정치
"트럼프 ""이란이 내 암살 시도하면 철저히 몰살·파괴"" 트럼프 대통령은 이란이 자신에 대한 암살을 시도할 경우 이란 전역을 완전히 파괴하겠다고 경고했다. 미국 대통령은 이미 1천기의 미사일을 이란을 겨냥해 장전했고, 수천기가 즉시 뒤따를 것이라고 말했다. 트럼프 대통령은 이란과의 휴전 종료를 공식 선언하고, 호르무즈 해협에서의 상선 공격과 미국의 보복 공습이 이어질 위기에 처했다.",사회/세계
"트럼프 “나 암살 시도하면 초토화”…이란 “항복 없다” 트럼프 미국 대통령이 이란과의 휴전을 끝내고, 이란 전역을 초토화할 것이라 경고했습니다. 이란은 대화를 계속하자고 요청해 동의했지만, 휴전이 끝났음을 분명하게 전달했다고 밝혔습니다. 미국과 이란의 추가 협상이 열릴 거라고 미국 현지 언론이 보도했지만, 이란이 최근 핵 시설을 복구한 정황까지 미국 언론에 공개되면서 추가 협상이 열려도 동력을 얻기는 어려운 상황입니다.",사회/세계
"李대통령 ""2030년까지 세종학당 확대…해외 한국어반 늘릴 것"" 한국어 교육자 550여명이 서울에서 모여 '2026 세계 한국어 교육자 통합연수'를 열었다. 이 대통령은 축사에서 한국어를 배운다는 것은 우리나라를 더 깊이 이해해 가는 과정이라며, 각국에서 증가하는 한국어 학습 수요에 대응하기 위해 지원을 확대하겠다고 말했다. 이 대통령은 2030년까지 전 세계 세종학당을 대폭 늘리고, 각국 정부와 협력해 해외 초·중등학교 내 한국어반을 늘려가겠다고 밝혔다. 한국어 교육자들은 개회 기념 퍼포먼스와 축하공연에 이어 진행된 장대익 가천대 석좌교수의 기조강연에 참여하고, 각 기관 특성에 맞춰 3∼4일간의 심화 연수가 진행된다.",정치
다시 닫히는 호르무즈…한국 선박 2척 발 묶이나 이란이 호르무즈 해협을 다시 봉쇄하겠다고 선언하면서 한국 선박 2척의 출항 전망도 불투명해졌다. 한국 선박 2척은 수리에 들어간 HMM 나무호를 포함하여 현재 호르무즈 해협 안쪽에 잔류 중이다. 정부는 미국과 이란의 종전 합의 이후에도 호르무즈 해협의 위험이 가시지 않았다고 보고 국내 선사들에 대해 선박을 해협 안쪽으로 들여보내지 않도록 권고했다.,사회/세계
"산단공, 2026년 재난관리평가서 최고 등급 '우수' 달성 한국산업단지공단은 행정안전부가 주관하는 '2026년 재난관리평가'에서 최고 등급인 '우수' 등급을 획득했다. 산단공은 안전관리군 공공기관으로서 기관장의 재난상황 대응역량, 실제 재난·사고 예방 및 대응 사례, 재난관리 조직·인력 운영의 적절성을 우수하게 평가받았다. 이번 평가 결과를 바탕으로 산업단지별 재난취약요인에 대한 사전점검을 강화하고, 계절별 재난위험에 대비한 현장 중심의 안전관리 활동을 확대해 나갈 계획이다.",사회/세계
백신·치료제 없는데…환자 한 달 새 '3배' 급증하자 비상 수족구병이 여름철에 비상하여 1달새 3배 가까이 늘었다. 영유아에게 주로 발생하고 발열과 함께 물집이나 발진이 생기는 질병이다. 개인 위생을 철저히 하는 것이 가장 중요하며 백신이나 치료제가 없는 만큼 외출 뒤 식사 전후 비누로 30초 이상 손을 씻는 등 필요한 조치를 취해야 한다.,라이프
"음성군, 하반기 송아지 구제역 백신 접종 세광고등학교가 72년 만에 청룡기 전국고교야구선수권대회 우승을 차지했다. 충북은 당분간 후텁지근한 무더위가 이어질 전망으로 폭염경보를 발효 중이다. 청주시는 1조원 수준의 법인지방소득세를 확보할 가능성이 충분하다고 내다봤다.",사회/세계
"""백신 위탁생산 협력""…GC녹십자·한국백신 '맞손' GC녹십자와 한국백신이 백신 위탁생산(CMO) 사업 협력을 위한 업무협약(MOU)을 체결했다. 양사는 백신 프리필드시린지(PFS) CMO 사업 전반에 걸쳐 포괄적인 협력 관계를 이어갈 방침이다. GC녹십자는 안정적인 제조·공급망을 구축하여 국내외 시장의 공급망 리스크를 분산해 시장 변동성에 능동적으로 대처할 수 있다.",IT/과학
"'재명아' 또 꺼낸 장동혁…박지원 ""이 정도면 패륜"" 국민의힘 대표 장동혁이 이재명 대통령을 향해 다시 반말이 적힌 손팻말을 들고 시위에 나선 데 정치권에서 비판이 쏟아졌다. 장동혁 대표는 취임 이후 공식 석상에서도 이재명 대통령을 '이재명'이라고 지칭하며 대통령 호칭을 생략한 바 있다. 박지원 더불어민주당 의원은 장동혁 대표의 패악질 언어를 비판하고, 정치 언어는 아니더라도 최소한 보통 언어라도 사용하라며 촉구했다.",정치
"장동혁 “재명아, 봤지?” 또 반말…박지원 “인격 파탄자” 장동혁 국민의힘 대표가 이재명 대통령을 향한 막말 팻말을 들고 시위에 나선 것이 정치권 안팎에서 비난이 쏟아졌다. 박지원 더불어민주당 의원은 '패륜'이라고 비판하며, '입과 인격 파탄자'라고 지적했다. 국민의힘 내부에서도 비판이 나왔으며, 윤희석 전 대변인은 '부적절하다'며 '멸칭'이라고 생각한다고 말했다.",정치
"장동혁 ""선거카르텔 해체하려면 국민특검 해야"" 장동혁 국민의힘 대표가 이재명 대통령과 민주당, 중앙선거관리위원회를 '선거 카르텔'로 규정하고 이를 해체하려면 '국민 특검'이 필요하다고 주장했습니다. 민주당은 이제 와서 특검을 받겠다고 하면서도 제3자 추천 특검이 공정하다고 고집한다며, 중앙선관위 직무대행이 이재명 대통령 사법연수 시절 밥친구였던 위철환이라며 '사실상 이재명 대통령이 선관위를 장악하고 있는 거나 마찬가지'라고 말했습니다. 국민 특검을 도입해야한다고 주장하며, 선거제도가 무너져 가는 것은 민주주의 파괴의 위기 직전에 우리가 지금 몰려 있다는 것이라며, 민주당은 선관위의 단순 선거 사무실수 정도로 이 사태를 마무리하고 싶어하는 것 같다.",정치
"죄수복 입은 트럼프 이마에 총구 조준…이란 ‘충격 살생부’ 정체 함샤흐리 신문이 이란의 최고지도자 아야톨라 알리 하메네이의 살해 보복 대상으로 도널드 트럼프 미국 대통령과 베냐민 네타냐후 이스라엘 총리를 포함한 13명의 외국 정상들의 사진을 공개했다. 모즈타바 하메네이는 성명에서 '복수는 우리 민족의 의지이며 반드시 실행돼야 한다'며 이란의 표적이 된 인물들의 명단을 작성했다. 트럼프 대통령과 네타냐후 총리가 가장 주요 대상으로 포함됐으며, 주황색 죄수복을 입은 이들의 얼굴에는 과녁 이미지가 그려졌다.",사회/세계
"자는 동안 ‘뇌 청소’ 보였다…이마에 붙이는 웨어러블 개발 [노화설계... 한국의 분당서울대병원 신경과 윤창호 교수 연구팀이 개발한 무선 웨어러블 센서를 통해 뇌의 노폐물 배출 과정을 실시간으로 모니터링할 수 있는 그래픽을 시각화했다. 연구팀은 조지아공과대 여운홍 교수와 공동으로 수면 중 뇌의 수분 변화를 연속 측정할 수 있는 무선 웨어러블 장비를 개발했으며, 건강한 성인 4명을 대상으로 가정에서 모두 16차례 야간 측정을 실시했다. 이번 연구 결과는 국제학술지 ‘Science Advances’에 게재됐으며, 실제 의료 현장에서 활용되기 위해서는 더 많은 대상자를 대상으로 한 후속 연구와 검증이 필요하다.",IT/과학
자는 동안 뇌 노폐물 청소…이마에 붙이는 웨어러블 장비 치매·수면장애·인지 저하 연구에 활용 기대뇌 수분 변화수면 중 관찰MRI 장비없이집에서도 측정윤창호 분당서울대병원 신경과 교수 연구팀이 개발한 무선 근적외선분광(NIRS) 웨어러블 장치. 연구팀은 이마에 부착해 수면 중 뇌의 수분 변화를 측정하는 무선 웨어러블 장비를 개발했다고 10일 밝혔다. 수면 중에는 뇌척수액이 뇌 조직 사이를 흐르며 아밀로이드 베타 등 노폐물을 제거하는 아교림프계가 활발히 작동한다. 연구팀은 이를 해결하기 위해 근적외선분광(NIRS) 기술을 적용한 무선 웨어러블 장비를 개발했다. 피부에 부드럽게 밀착되는 유연한 전자회로를 적용해 수면을 방해하지 않으면서 밤새 안정적으로 측정할 수 있도록 설계됐다.,IT/과학
"법사위 법안소위, 국힘 불참 속 형사소송법 개정안 심사…""오는 15일 추... 국민의힘 의원들이 불참한 가운데 국회 법제사법위원회가 형사소송법 개정안 3건에 대한 병합심사를 진행했다. 김승원 소위원장은 '형사사법 체계를 바꾸는 큰 일'에 함께 해주길 촉구하고, 다음 회의에서는 법무부·경찰청·고위공직자범죄수사처 책임자를 불러 의견을 청취하기로 했다. 김 의원은 '국민 기본권 보호 관점에서 가장 효율적이고 억울함이 없는 형사 사법 체계 전반을 다 검토하고 있다'며, 수사·영장·기소단계에서 외부 통제가 적절하게 역할을 할 수 있는 그런 방법까지 다 포함해서 논의하고 있다.",정치
"李대통령 긍정평가 48.9%, 3주 만에 '역전'…민주 44.8%·국힘 38.1% 이재명 대통령의 국정수행 긍정평가는 48.9%로 전주 대비 1.9%포인트 상승했고, 부정평가는 47.7%로 전주 대비 1.5포인트 하락했다. 더불어민주당이 상승하고, 국민의힘이 하락하면서 양당 간 격차가 더 벌어졌다. 리얼미터는 '나토 정상회의 참석과 연쇄 정상회담을 통해 한-나토 방위산업 파트너십을 격상하고 K-방산 수출 확대의 발판을 마련하는 등 가시적인 외교·안보 성과를 거둔 점이 지지율 상승을 견인한 요인으로 풀이된다'고 밝혔다.",정치
"국힘 PK 지지율 20.6%p 폭락... 민주당 지자체장 활약 탓? 민주당 44.8%, 국민의힘 38.1%로 양당 격차 6.7%p, 부산·울산·경남(PK) 및 고령층 이탈 뚜렷. 국민의힘 지지율이 20%p 이상 폭락하는 뼈아픈 성적표를 받아 들었습니다. 민주당은 1.8%p 상승한 44.8%로 집계되며, 양당 간 격차는 6.7%p로 4주 만에 다시 오차범위 밖으로 벌어졌습니다.",정치
정청래 “최악의 자기정치는 탈당·무소속 출마” 김민석에 반격 전 더불어민주당 대표가 '자기정치' 비판에 정면으로 반박해 당의 승리를 위해 뛰었다. 김민석·송영길과 당권 신경전 속에서 '자기정치' 공방이 확산되고 있다. 당권 경쟁은 선거 룰 논쟁과도 맞물려 있어 선호투표제 도입 여부를 두고 친청계와 다른 주자들 사이의 신경전이 이어지고 있다.,정치
"정청래, ‘자기정치’ 비판에 “탈당·무소속 출마가 최악의 구태정치”... 더불어민주당 8·17 전당대회를 앞두고 당권 주자들 간의 신경전이 최고조에 달하고 있다. 정청래 전 대표가 김민석 전 국무총리를 향해 '자기 정치의 폐해'를 지적하며, 선호투표제 도입을 지지하는 친명계 인사들의 공세를 비판했다. 민주당 지도부는 당권 주자 간의 갈등이 격화됨에 따라 이날 오후 비공개 최고위원회를 재소집해 선호투표제 도입 여부를 재논의할 예정이다.",정치
"안규백 병적 공개 거부에...무소속 한동훈, “혹시 ‘탈영보다 더 심한... 한동훈 의원은 안규백 국방부 장관의 병적기록 비공개 논란을 두고 '탈영보다 더 심한 내용'이 적혀 있는 것이냐며 공개를 촉구했다. 안장관이 탈영 의혹을 받고도 설명하지 못하고 버티는 것에 대해 한 의원은 '국민은 이해당사자인 안규백 씨의 말보다 공적 기록인 병적기록을 믿는다'고 주장했다. 한 의원은 병적기록 공개를 요구하며 '혹시 ‘탈영보다 더 심한 내용’인 것입니까'라는 질문을 되풀이했다.",정치
"中 강타한 태풍 바비, 240만명 대피…대만서는 부상자 134명 발생 중국 제9호 태풍 '바비'가 강타해 최소 240만 명 이상이 대피한 것으로 나타났다. 태풍은 점차 세력이 약화할 것으로 예상되지만, 중국 동부 지역에는 폭우가 이어질 것으로 전망됐다. 폭우로 인한 산사태와 침수 등 2차 피해 우려도 커지고 있으며, 대만에서도 부상자 백여 명과 3000건이 넘는 재해가 보고된 것으로 나타났다.",사회/세계
"이스타항공 8~10월 일본·대만 노선 확대…9~10월 제주 노선 증편 이스타항공이 8~10월 일본·대만 노선과 김포-제주 노선을 증편해 총 434편을 투입하고 약 8만 2000석을 공급할 계획입니다. 도쿄 노선은 매일 왕복 4~5회, 후쿠오카 노선은 왕복 4회 운항하게 되며, 부산-후쿠오카·타이베이 노선은 매일 2~3회 왕복 운항합니다. 이스타항공 관계자는 성수기 수요 증가에 대응하기 위해 제주 노선과 일본, 대만 등 단거리 노선 중심으로 항공편을 추가 편성했다고 밝혔다.",사회/세계
"태풍 '바비' 중국 상륙, 200만명 대피…대만 113명 부상 태풍 '바비'가 중국 동부 해안에 상륙하여 약 200만명의 주민이 대피하고, 대만에서는 100여명의 부상자가 발생했다. 태풍의 영향으로 중국 일부 지역에는 강한 비가 이어질 것으로 예보됐으며, 대만에서는 1만4000명이 대피하고 항공편 수백편이 취소됐다. 태풍 '바비'는 북서쪽으로 이동하면서 점차 세력이 약화될 것으로 보이나, 중국 일부 지역에는 오는 15일까지 강한 비가 이어질 것으로 예보됐다.",사회/세계
"일면식도 없는 여성에 '성범죄' 시도…수원서 20대男 현행범 체포 20대 남성이 술에 취해 외국인 여성에게 성범죄를 저지르려 한 혐의로 경찰에 검거됐다. 경찰은 현장에서 피의자를 현행범으로 체포하고, 조사 결과 A씨와 B씨는 서로 모르는 사이로 밝혀졌다. 경찰 관계자는 향후 적용 혐의도 달라질 것이라고 밝혔다.",사회/세계
"동아제약, '2026 박카스배 SBS GOLF 전국시도학생골프팀선수권대회' 성료 동아제약은 '2026 박카스배 SBS GOLF 전국시도학생골프팀선수권대회'가 성황리에 마무리했다. 이번 대회는 국내 초·중·고등학교 재학생 230여명의 선수가 참가해 12세 이하부, 15세 이하부, 18세 이하부로 나뉘어 진행됐다. 18세 이하 남자 개인전 우승자인 유민혁 선수는 동아쏘시오그룹이 개최하는 KPGA 투어 더채리티 클래식 2026 출전권이 부상으로 주어진다.",문화/트렌드
무장단체 ISIS 충성맹세…조직가입시도 대학생 구속기소 청주지검은 대학생 A씨를 테러방지법 위반 혐의로 구속 기소했다. A씨는 2024년 11월부터 올해 2월까지 ISIS 조직 관계자가 운영하는 온라인 사이트에 접속하고 가입을 시도한 혐의를 받고 있다. 경찰은 A씨가 조직에 충성을 맹세하는 서약을 한 정황을 포착하여 공범 여부를 파악했다.,사회/세계
"'참교육' 현실됐다…경기교육감 직속 '교권보호단' 뜬다 안민석 경기도교육감이 교권보호단을 출범하여 교사 3주기 추모 주간을 앞두고 교권침해와 아동학대 피신고를 개별 부서에 맡기지 않고 직접 챙길 계획이다. 교권보호 119팀은 공모로 뽑는 교권보호전담관 50명이 교권침해 사안 접수부터 종료까지 1대1로 책임진다. 통합 법률지원팀은 교권전담변호사가 현장 조사와 법률 자문, 소송 지원을 맡아 교권보호 119팀과 손발을 맞춘다.",사회/세계
"경기교육청, 교권보호단 출범…전담관 50명 공모 안민석 경기도교육감은 교권보호단을 출범시키고, 교권침해 피해 교사들을 보호하기 위해 전수조사를 추진한다. 교권보호단은 교육감 직속 대응기구로 교권 침해 중대 사안과 교육활동 보호 정책을 지휘하는 단체다. 도교육청은 13∼19일 일주일간 서이초 교사 추모 기간과 교육활동 회복 주간을 운영하고, 악성 민원 피해 전수조사를 벌여 방학 중에 이 민원들을 최대한 다 해결해보겠다.",사회/세계
"사내 스토킹 신고당한 뒤 근무지 변경…법원 ""정당한 보호조치"" 서울행정법원은 코레일 직원의 스토킹 신고에 대한 조치가 적법하다고 판결했다. 직원 A씨는 부당 인사발령 구제 신청을 냈지만 법원은 이를 기각판결로 받았다. 법원은 스토킹 방지법에 따라 피해자의 의사, 보호 필요성 등을 고려해 조치를 취할 수 있다고 판시했다.",사회/세계
"'김부장' 윤경호, 묵언수행 중 결국 입 열었다..""5분씩 늘어나""[컬투쇼] 한국어 뉴스 요약 전문가가 제공하는 서비스는 AI 자동 인식으로 검색 링크를 제공합니다. 언론사 페이지로 이동해 볼 수 있는 기사의 섹션 정보는 해당 언론사의 분류를 따릅니다. 개별 기사의 제보하기는 오분류 제보하기를 통해 가능합니다.",IT/과학
"윤경호, '컬투쇼'서 묵언수행…화이트 보드+O·X 카드로 소통 윤경호가 '두시탈출 컬투쇼'에 출연해 묵언수행 중인 상태를 드러냈다. 윤경호는 카드를 들고 DJ들의 질문에 답하며 대화를 주고 받았다. 주상욱은 윤경호의 묵언수행을 농담으로 표현해 모두를 폭소케 했다.",문화/트렌드
"윤경호 '김부장' 공약 13시간 묵언수행 시작…'컬투쇼' 어떡하나 한국어 뉴스 요약 전문가가 제공하는 본문 분석 결과입니다. 본문은 언론사의 분류를 따르며, 각 기사에 대한 섹션 정보를 제공합니다. 해당 언론사는 선정하여 언론사 페이지로 이동할 수 있습니다.",정치
"독일인들이 한국을 동경하게 만든 남자 이의경(이미륵)은 1927년 세계피압박민족결의대회 참가자로 활동하고, 1928년 박사 학위를 취득하여 생물학 분야에서 두 번째 이학박사였다. 그는 문예지 <디 다메>에 첫 단편소설을 발표하고, 독일인들에게 서예를 가르치기도 하였다. 이미륵은 1931년 미국에서는 강용흘이 영문소설 <초당>을 발표해 각광받았다. 1934년 구겐하임 창작기금을 받아 2년 가까이 유럽을 여행하며 후속작을 집필할 때 독일에 들러 이미륵과 만나 문학적 영감을 주고받았다. 이의경(이미륵)은 3·1 운동에 뛰어들었다가 독립운동에도 투신하지만 학문을 향한 열정이 앞서 독일로 유학한다. <압록강은 흐른다>는 그가 독일에 도착하는 것으로 마무리 된다.",문화/트렌드
"‘한국 생물학 개척’ 조완규 초대 과기한림원장 98세 일기로 별세 조완규 원장은 생물학자로서 우리나라생물학 분야를 개척한 선구자로, 과학기술 발전에 평생을 바쳤다. 고인은 36년간 배출한 50여 명의 제자들이 고인의 호를 딴 ‘설랑(雪浪) 문하생’으로 불리며 학계의 발생학 연구를 주도하고 있다. 고인의 장례는 그가 대한민국 과학기술계에 남긴 업적을 기려 ‘한국과학기술한림원장(葬)’으로 엄수된다.",IT/과학|문화/트렌드|사회/세계
"“한국, 이러다간 9월 진짜 문제 터진다”…기름줄 다시 흔들리는 상황 정부는 호르무즈 해협 긴장 재고조정부 “원유 단기수급 문제없다” 업계는 9월 이후 조달비용 변수. 호르무즈 해협을 둘러싼 긴장이 다시 고조되자 국내 정유업계도 원유 수급 상황을 예의주시하고 있다. 국제유가도 다시 상승 압력을 받고 있어 국내 정유사들이 주로 들여오는 두바이유는 이달 초 배럴당 63달러 수준까지 내려갔지만 중동 긴장이 다시 고조되면서 70달러 선을 넘어섰다.",경제|사회/세계
"""소아과는 의학의 '국영수'""…백신학자가 말한 의료의 역할 [명의열전] 김동현 인하대병원 소아청소년과 교수는 필수의료 인력난이 장기화되는 구조적 문제로 바라보고 있다. 소아청소년과가 다시 선택받는 진료과가 될 것이라는 기대도 하지 않는다고 했다. 백신학자이자 의과대학 교수로서 정책의 근거를 만들고, 학생들을 잘 가르치는 것이 한 명의 백신학자이자 의과대학 교수로서 가장 먼저 해야 할 일이라고 생각한다.",사회/세계
"휴가철 앞두고 A형간염·백일해 주의보…""백신 접종이 최선"" A형간염과 백일해가 대인 접촉이 잦아지는 여름철 확산 위험이 커지기 때문에 선제적 대비가 필요하다. 20~40대 성인은 항체 보유율이 낮아 고위험군으로 분류되며, 백일해는 10년마다 추가 접종이 필요하다. 백신 접종이 감염 위험을 크게 낮출 수 있으며, 예방 중심 관리가 핵심인 만큼 발병 후 치료보다 선제적 예방이 가장 확실하고 현명한 건강 관리법이다.",라이프
[위키만평] 국민의힘의 백신 프로그램 안철수 국민의힘 의원은 한동훈 무소속 의원의 국민의힘 복당에 공개적으로 반대 입장을 밝혔다. 안 의원은 12일 국회에서 기자회견을 열고 '한 의원은 이제 우리 당에는 얼씬도 하지 말기 바란다'며 복당을 단호히 반대한다고 말했다. 국민의힘 내부에서는 한 의원의 복당 여부가 향후 당 지도체제와 보수 재편 논의의 주요 변수로 떠오르고 있다.,정치
"""하루 한갑이상 담배""…20·30 지방간 위험 1.5배↑ 한국 성인의 20%가 흡연을 시작하며, 이에 따라 지방간 발생 위험이 41% 증가하는 것으로 나타났다. 흡연 기간이 10~19년군에서는 여성의 경우 지방간 지수 60 이상 구간에 해당할 위험이 55%로 남성보다 더 큰 폭으로 상승했다. 연구팀은 흡연이 인슐린 저항성을 악화시키고, 지질대사를 교란시켜 간 내 지방 축적을 촉진할 수 있다고 설명했다.",사회/세계
"이 대통령 ""추가세수는 미래대응기금…청년·지방에 투자"" 이재명 대통령은 대규모 추가세수를 미래 대응을 위한 전략 투자 재원으로 활용하겠다고 밝혔다. 이 대통령은 반도체 대호황에 힘입어 전례 없는 추가세수 발생이 예측된다며 4대 분야에 집중 투자하겠다고 강조했다. 이 대통령은 정부 역량을 총동원해 기업의 시간표대로 제대로 이루어질 수 있도록 지원하고, 대한민국의 새로운 성장 거점을 만들어 낼 것이라고 말했다.",정치|경제
낮 최고 37도 찜통더위에 열대야까지…중부지방·전북엔 소나기 서울 한낮 기온이 35도까지 오르며 무더운 날씨를 보인다. 월요일인 13일은 전국이 매우 무덥고 열대야가 나타나는 곳이 많겠다. 제주도 해안과 남해안에는 너울과 높은 물결이 예상된다.,라이프
"""이재명 대통령 살해하겠다"" 협박글 20대 검거…조만간 檢송치 이재명 대통령을 살해하겠다는 글을 올린 20대 남성이 경찰에 붙잡혔다. 배재고등학교 야구부원에 대한 모욕 혐의 진정 사건은 당사자 간 화해로 '공소권 없음' 종결될 예정이다. 서울경찰청 사이버수사대는 한동훈 의원의 당원게시판 명예훼손 의혹과 관련해 국민의힘 홍보국 직원을 조사했다.",정치
"'李대통령 살해 협박' 20대 특정…경찰 ""조만간 송치"" 20대 남성이 SNS에 대통령 살해 협박 글을 올린 혐의로 검찰에 넘겨질 예정이다. 서울경찰청은 피의자를 특정해 검거하고 조사를 마쳤으며 조만간 송치할 예정이라고 밝혔다. A씨는 경찰 조사에서 '정치 상황이 자신의 뜻과 다르게 흘러가는 데 화가 나 홧김에 글을 올렸다'는 취지로 진술한 것으로 전해졌다.",사회/세계|정치
이 대통령 국정수행 긍정 평가 48.9%…2주 연속 상승 이재명 대통령의 국정수행에 대한 긍정 평가가 1.9%포인트 상승한 48.9%로 집계됐다. 더불어민주당은 국민의힘을 오차범위 밖에서 앞선 것으로 나타났다. 나토 정상회의 참석과 연쇄 정상회담이 이재명 대통령의 국정수행 지지율 상승을 견인한 요인으로 풀이된다.,정치
[그래픽] 이재명 대통령 국정수행 평가 이재명 대통령의 국정수행에 대한 긍정 평가는 48.9%로 전주 대비 1.9%포인트 상승했다. 부정평가는 47.7%로 전주 대비 1.5포인트 하락했다. 전국 18세 이상 2515명을 대상으로 조사한 결과를 통해 이재명 대통령의 국정수행 평가가 변화하는 방향을 확인할 수 있다.,정치
"투머치토커 윤경호, 13시간 묵언수행 시작…침묵도 시끄럽네 한국어 뉴스 요약 전문가가 제공하는 본문 분석 결과입니다. 본문은 검색 링크와 언론사 페이지를 포함하여 제공됩니다. 언론사 페이지로 이동하면 해당 기사의 섹션 정보를 확인할 수 있습니다.",라이프
"윤경호, '13시간 묵언수행' 시작...라디오·팬사인회 고비 한국어 뉴스 요약 전문가가 제공하는 본문 분석 결과입니다. 본문은 언론사 페이지에서 제공되는 검색 링크를 포함하여 AI 자동 인식으로 제공됩니다. 해당 언론사는 분류를 따르며 각 기사의 섹션 정보를 제공합니다.",문화/트렌드
“왜 서울시장만 한복 입었나” 청계천 준공식서 盧 뿔난 이유 노무현 대통령이 청계천 준공식을 참석하여 역사적 순간을 축하했다. 이명박 시장은 청계천 복원 사업을 추진하고 노무현 대통령의 지원을 약속받아 큰 힘이 됐다. 청계천 복원은 서울의 역사를 바꾸는 상징적 계기가 될 것임을 기념식장에서 축하했다.,정치
"석촌호수 헤엄치고 123층 질주…철인왕은 누구? [청계천 옆 사진관] 2026 롯데 아쿠아슬론이 열렸으며, 5회째를 맞은 이 대회는 철인 3종 경기에서 자전거를 빼고 수영과 스카이런으로만 진행되는 이색 스포츠 대회였다. 올해는 역대 최대인 1000여 명이 참가했으며, 남자 42분 59초, 여자 46분 58초의 최고 기록을 경신했다. 롯데와 송파구청은 수질 개선 사업을 진행해 왔으며, 이번 대회에서는 수질 개선 시연도 열렸다.",문화/트렌드
"청계천 1인사업장 사장님서 1000만불 수출탑 수상자로 황창순 코넥스협회장은 40년 이상 경력의 기업인으로, 자동차 부품 제조를 주력으로 하며 다양한 시도와 성장을 거듭해왔다. 황 회장은 태양3C 대표이사로 초정밀 케이블 가공 기술을 기반으로 초소형 카메라를 적용한 일회용 내시경 케이블 어셈블리 및 시스템을 개발하고 있다. 황 회장은 코넥스협회장으로서 '스타기업'을 발굴해 시장 활성화를 도모하며, 해외 시장 경쟁력 강화 경영에 포커스를 맞추고 있다.",경제
"청약통장 없이 선점…'청계 노르웨이숲' 무순위 줍줍, 분양가는? 서울특별시 중구 황학동에 있는 청계 노르웨이숲 아파트가 13일과 14일 무순위 사후 공급 청약 접수를 진행한다. 청약 자격은 전국에 거주하는 무주택세대구성원인 성년자에게 주어지며 외국인은 주민등록법상 세대원으로 인정되지 않아 청약이 불가능하다. 당첨자 발표는 20일 오전 8시에 청약홈 시스템을 통해 확인할 수 있으며, 계약금은 1차 계약 시 2000만 원을 정액으로 납부한 뒤 나머지 2차 계약금을 입금하는 형태다.",경제
"코스피 장중 8%대로 폭락…서킷브레이커 발동 코스피가 8% 이상 급락하여 서킷브레이커가 발동해 거래를 일시 중단했습니다. 이로 인해 유가증권시장에 상장된 모든 종목의 거래도 일시 중단되었습니다. 코스피는 전 거래일보다 약 7.96% 급락한 6,880.97을 나타냈습니다.",경제
"코스피 8%대 급락, 장중 7,000선 무너져…서킷브레이커 발동(종합) 코스피가 6% 넘게 급락해 7,000선을 내줬으며, 삼성전자와 SK하이닉스가 각각 9%와 13% 급락했다. 서킷브레이커가 발동돼 매매가 20분간 중단됐으며, 외국인 순매도 규모가 2조2천483억원으로 커졌다. 반도체 '투톱' 급락이 지수 하락에 큰 영향을 주는 것으로 보이며, 코스닥지수도 전장보다 36포인트 내린 801.43으로 위협받고 있다.",경제
"[속보] 코스피, 낙폭 8%대로 확대…서킷브레이커 발동 13일 코스피가 6% 넘게 급락해 7,000선을 내줬다. 서킷브레이커가 발동됐으며, 이날 오후 1시 28분 32초를 기준으로 시작했다. 이번은 유가증권시장에서 서킷브레이커가 7번째로 발동된 경우로, 2단계 이상 발동 사례는 없다.",경제
"코스피 8%↓ 6900선도 붕괴…서킷 브레이커 발동 코스피가 6% 넘게 급락해 7,000선을 내줬다. 유가증권시장에서 서킷브레이커가 발동됐으며, 코스피는 8% 넘게 급락한 6880.97선을 가리키고 있었다. 코스닥 지수도 4.37% 하락한 800.81을 가리키며 800선 붕괴를 눈앞에 뒀다.",경제
"코스피 7천선 무너져…8% 폭락, 서킷 브레이커 발동 13일 코스피가 8% 넘게 급락하여 장중 7,000선을 내어준 데 이어 일시적으로 매매가 중단되는 서킷브레이커까지 발동됐다. 코스피는 13일 오후 1시30분 기준 전 거래일 대비 7.96% 떨어진 6880.97을 기록하고 있다. 이번은 코스피가 장중 7000선 밑으로 떨어진 것은 지난 5월4일 이후 두달여 만이다.",경제
"시리아 의회, 아사드 정권 붕괴 1년7개월 만에 개원 시리아 의회가 바샤르 알 아사드 정권 붕괴 1년 7개월 만에 임시 개원했다. 시리아 정부는 2024년 12월 아사드 정권을 축출하면서 기존 의회를 해산하고 5년간 적용되는 임시 헌법 선언을 채택했다. 의회는 헌법 제정위원회를 구성해 헌法을 만든 뒤 정식 총선을 실시할 때까지 입법권을 행사한다.",사회/세계
"천안시, 도심 속 초록 주치의 '반려식물병원' 개원 천안시농업기술센터가 운영하는 '반려식물병원'이 개원하여 시민들이 식물을 키우는 어려움을 해결하고 일상 속 도시농업을 활성화할 계획이다. 병든 식물의 진단과 치료, 맞춤형 관리 상담을 제공하는 반려식물병원은 시민들에게 다양한 교육·체험 프로그램을 진행할 예정이다. 장기수 시장은 '반려식물병원'을 새로운 복지서비스의 첫걸음으로 보고, 생명이 살아 숨 쉬는 푸른 천안, 사람과 자연이 함께 행복한 도시를 만들기 위해 지원할 것이라고 말했다.",라이프
"천안시, 반려식물병원 개원…아픈 식물 진단·치료 천안시가 '반려식물병원'을 개원하여 아픈 식물 진단과 치료, 맞춤형 관리 상담을 제공한다. 이 새로운 서비스는 시가 지향하는 지속가능한 도시농업 선도 도시로 나아가는 뜻깊은 결실이자 새로운 복지서비스의 첫걸음이다. 장기수 천안시장은 이 개원식을 통해 시민들에게 새로운 복지서비스를 제공하고, 생활 원예를 활성화할 방침을 밝혔다.",라이프
"광주전남통합시의회 개원, 서남권 반도체 클러스터 앞세워 상생균형 선... 전남광주통합특별시의회 91명 의원들이 호남 향한 조직적 혐오를 즉각 중단하라고 촉구하는 성명서를 발표했다. 시의회는 주요 현안에 지속해 대응할 수 있도록 상설 특별위원회의 설치·운영 근거를 신설하고 의회운영위원회 정수를 확대하는 내용의 교섭단체 및 위원회 구성·운영 조례 개정안을 의결됐다. 시의회는 호남 관련 혐오 게시글이 1만 건에 가깝다며 주요 포털과 온라인 플랫폼은 지역 혐오 게시물에 대한 모니터링과 신고 체계를 더욱 강화해야 한다고 주문했다.",사회/세계|IT/과학
"제10대 동해시의회 개원식 개최 제10대 동해시의회가 13일 개원식을 개최하여 본격적인 의정 활동을 시작했다. 박주현 의장은 효율적인 의회를 만들겠다고 다짐하며, 시민의 목소리를 정책으로 반영하고 북평 제2산단의 수소특구 조성을 성공적으로 이끌 수 있도록 연구하고 혁신하겠다고 밝혔다. 동해시의회는 예산결산특별위원회, 행정사무감사특별위원회, 윤리특별위원회를 구성하여 시민들에게 신뢰받는 의회상을 정립하기 위한 본격적인 의정 활동에 돌입할 예정이다.",사회/세계
"현대차 '더 뉴 아반떼 N TCR', TCR 월드투어 4라운드 우승 현대자동차의 '더 뉴 아반떼 N TCR'가 2026 TCR 월드투어 4라운드 우승을 차지했다. BRC 현대 N 스쿼드라 코르세 소속 노버트 미첼리즈와 미켈 아즈코나는 드라이버 순위 3위와 2위를 지켰다. 이번 라운드는 포르투갈 빌라 레알 인테르나시오나우 서킷에서 열렸으며, 다음 5라운드가 강원도 인제 스피디움에서 열린다.",라이프|문화/트렌드
"경주월드, 연이은 사고에 16일까지 임시 휴장 경주월드는 16일까지 임시 휴장을 결정하고, 외부 전문기관과 함께 놀이시설 전반에 대한 정밀 안전 점검을 실시할 방침이다. 롤러코스터 '드라켄'이 급강하 직전 선로 위에서 갑자기 멈춰서는 사고가 발생해 탑승객 24명이 공중에 10여분간 고립됐다. 휴장 기간 예매된 입장권은 수수료 없이 전액 환불된다. 단, 함께 운영 중인 워터파크 '캘리포니아비치'는 정상 운영된다.",사회/세계
"경주월드 잇단 사고에… 닷새간 전면 휴장 경주월드는 7월 12일부터 16일까지 시설 전반에 대한 정밀 안전 점검과 직원 안전 교육을 실시하기 위해 임시 휴장을 결정했다. 이번 사고는 경주월드에서 발생한 3번째 사고로, 지난달 9일 빈 대관람차 객차 1대가 추락해 승객이 탄 다른 객차 2대와 잇따라 충돌하는 사고가 발생했으며, 11일 오전에는 롤러코스터가 급강하 구간 진입 직전 안전장치가 작동해 약 10분간 멈춰 서기도 했다. 경주월드는 고객 안전을 최우선으로 외부 전문 기관을 통한 전사 시설 정밀 안전 점검과 직원 안전 교육을 실시하고자 임시 휴장을 결정했다.",사회/세계
"[단독] 홍기원, '李 회견' 인용해 與 의원들 친전…""억울한 피해자 없게... 홍 의원은 '형소법 개정안' 도입 필요성을 강조하며, 보완수사를 예외적으로 필요한 경우에만 허용하는 내용을 포함한 법안을 발의할 예정이다. 이번 개정안에는 성폭력과 아동학대, 스토킹, 보이스피싱 등 사회적 약자와 민생범죄를 대상으로 한 사건과 공소시효 임박 사건 등에 한해 검찰의 보완수사를 허용하는 내용이 포함된다. 홍 의원은 이르면 오늘 중 법안을 발의할 예정이며, '검찰개혁은 단순히 검사의 권한을 없애는 것으로 완성되지 않는다'며, 국민을 더 안전하게 만들 때 비로소 완성된다고 강조했다.",정치
"'폭염' 119 구급출동, 5년간 4배 급증…이송 환자도 3.7배↑ 소방청은 최근 5년간 '여름철 온열질환 의심환자' 관련 119 구급 활동 현황을 분석한 결과, 출동 건수는 약 4.1배 늘었다. 소방청은 여름철 폭염에 대비해 전국 119 구급대의 폭염 대응 체계를 운영하고 있으며, 7월부터 대응 태세 강화와 현장 대응에 만전을 기하고 있다. 소방청은 '온열질환 의심환자 발생에 대비해 전국 119 구급대의 출동 태세를 유지하고, 현장에서부터 신속하고 적극적인 응급 처치가 이뤄질 수 있도록 대응 체계를 철저히 관리하겠다'고 밝혔다.",라이프|사회/세계
환자가 사지묶인 환자 때려 사망…관리 소홀 병원장 금고형 집유 인천 모 정신병원장 A씨와 병동 보호사 B씨는 환자를 폭행으로 숨지게 한 혐의로 기소됐다. 이들 피고인은 업무상과실치사 혐의로 기소된 상태에서 금고형의 집행유예를 선고받았다. 강 판사는 이 사건을 통해 다른 환자들에 대한 위해 발생 위험을 높이는 결과를 초래한 것임을 판단했다.,사회/세계
"‘온열 질환 의심 환자’ 119 출동 4년 새 4배 ↑ 소방청에 따르면 4년새 여름철 온열 질환 의심 환자와 관련한 119 구급 활동이 4배 급증하여 매년 증가세를 보이고 있다. 병원 이송 인원도 4년 만에 3.7배 증가하여 3034명으로 늘어났다. 소방청은 전국 구급차 1600여대와 구급대원 1만4000여명을 중심으로 119 구급대 폭염 대응 체계를 운영 중이며, 국민들에게 무더운 시간대엔 야외 활동을 줄이는 등 폭염 예방 수칙을 지켜 줄 것을 당부했다.",사회/세계
"""환자 없는데 사이렌만""…가짜 구급차, GPS로 잡는다 보건복지부는 '가짜 구급차' 문제를 해결하기 위해 위성항법시스템(GPS)을 활용한 실시간 운행 관리 체계를 도입한다. 이제부터 모든 구급차 운용자는 운행기록장치로 수집한 정보를 구급차 기록관리 시스템(AiR)에 실시간으로 전송해야 한다. 이번 개정은 민간 이송 업체의 부적절한 구급차 운영 근절을 지시한 데 따른 후속 조치다.",IT/과학
"사지 묶인 환자, 다른 환자에 맞아 사망…방치한 정신병원장·보호사 집... 인천지법 형사단독 강성영 판사는 정신병원장 A 씨와 병동 보호사 B 씨에게 금고형의 집행유예를 선고받았다. A 씨는 인지능력이 없는 환자들과 같은 병실에 폭력성이 강한 정신질환자를 입원시키고 적절한 안전조치를 하지 않았다. 재판부는 병원장과 보호사의 과실이 크며, 기본적인 안전조치를 취하지 않은 점을 고려해 두 사람 모두에게 집행유예를 선고했다.",사회/세계
"‘앙숙’ 올트먼과 머스크...또 유치한 ‘키보드 배틀’ 벌여 테슬라 최고경영자 일론 머스크가 오픈AI CEO 샘 올트먼을 비난하며 '사기꾼'이라고 불렀다. 머스크는 오픈AI가 애플의 기밀을 빼내 애플이 소송을 제기했다는 보도를 인용하면서 올트먼을 비판했다. 두 사람은 한때 '인류를 위한 AI'를 만들겠다는 소명을 공유했지만, 오픈AI의 운영 방안에 대해 이견이 있었고, 머스크가 오픈AI를 떠나면서 두 사람은 '앙숙'이 됐다.",IT/과학
"60년 앙숙 잉글랜드-아르헨티나 ""또 너냐?"" [2026 월드컵] 아르헨티나와 잉글랜드가 60년간의 앙숙을 이어오며 축구 전쟁을 벌이고 있다. 2026 북중미 월드컵 결승 티켓을 놓고 대결을 펼칠 예정이다. 두 팀은 1966년 월드컵에서 시작된 악연을 이어오며 1982년 포클랜드 전쟁까지 이어졌다. 이제 다시 24년 만에 운명의 한판을 벌일 계획이다. 축구 신동 마라도나는 역사적 대결에서 축구 역사에 길이 남을 명장면을 만들어냈으며, 이번 월드컵에서는 또 다른 극적인 드라마를 연출할지 세계의 이목이 집중되고 있다.",문화/트렌드
"""사기꾼""·""떴다방""…'앙숙' 머스크-올트먼, 또 진흙탕 설전 일론 머스크와 샘 올트먼이 '키보드 배틀'을 벌였다. 오픈AI가 애플의 영업비밀을 탈취한 의혹으로 피소되자 두 CEO는 서로를 비난하고 있다. 머스크는 오픈AI가 이직자들을 통해 애플의 기밀을 빼내 애플이 소송을 제기했다는 보도를 인용하면서 올트먼을 '스캠'으로 비판했다. 두 사람은 오픈AI 공동창업자 출신으로 한때 돈독한 관계를 유지했지만, 이후 오픈AI의 운영을 놓고 극심한 갈등을 빼앗았다.",사회/세계
"아르헨, 연장 혈투 끝 스위스 격파…'앙숙' 잉글랜드와 결승행 다툰다 아르헨티나는 2026 북중미 월드컵 8강전에서 스위스를 3-1로 꺾고 월드컵 4강 막차 티켓을 거머쥐었다. 아르헨티나의 훌리안 알바레스가 연장 후반 7분 결승골을 터뜨린 뒤 동료들과 함께 기뻐하고 있다. 아르헨티나는 이로써 2연속 월드컵 4강 진출을 이뤘으며, 다음은 잉글랜드와의 결승 진출을 다툰다.",문화/트렌드
"트럼프 절친 71세 그레이엄 의원 사망원인은…""대동맥 파열"" 트럼프 대통령은 린지 그레이엄 상원의원을 '가족과 같았던 절친'으로 애도했다. 그레이엄 의원은 11일 갑자기 별세한 뒤, 그의 사망 원인은 심혈관계 질환인 동맥경화증으로 인한 대동맥 파열로 숨진 것이라고 발표됐다. 트럼프 대통령은 전국에 조기 게양 명령을 내리고, 그레이엄 의원의 후임은 헨리 맥매스터 주지사가 임시 대행을 지명하게 되었다.",사회/세계
"""野와 문제는 그레이엄이 풀었는데""…의회 최대우군 잃은 트럼프 트럼프 대통령은 린지 그레이엄 상원의원이 갑작스레 별세하자 침통함과 아쉬움을 드러냈다. 그레이엄 의원은 트럼프 대통령의 집권 1∼2기를 통틀어 연방 의회 내에서 가장 강력한 지지자 중 한 명이었다. 트럼프 대통령은 그레이엄 의원의 '대타'로 누구를 염두에 두고 있는지를 묻자 '내 생각에 훌륭한 사람이 한 명인데 지금은 말하고 싶지 않다.'라고 했다.",사회/세계
"의회 내 최대 우군 잃은 트럼프 ""정말 끔찍한 상실"" 트럼프 대통령은 린지 그레이엄 연방 상원의원(71세)가 갑작스레 사망한 것을 안타까워하며 '위대하고 타고난 정치인'이라고 평가했다. 그레이엄 의원은 트럼프 대통령과 마지막으로 통화했으며, '세이브 아메리카 법안' 준비가 다 끝났다고 말했다. 트럼프 대통령은 그레이엄 의원의 사망에 대해 '정말 끔찍한 상실'이라고 아쉬워하며, 민주당과 문제가 생기면 그레이엄이 해결할 수 있었다고 말했다.",사회/세계
"‘최대 우군’ 잃은 트럼프···그레이엄 의원 별세가 상원 선거에 미... 린지 그레이엄 미 연방 상원 의원이 71세를 일기로 갑작스럽게 별세하여 트럼프 행정부의 국정과 중간선거에 미칠 파장이 예상된다. 트럼프 대통령은 그레이엄 의원을 '위대하고 타고난 정치인'으로 추모하며, 그의 죽음으로 인해 미 정계가 촉각을 곤두세우고 있다. 공화당은 중간선거가 넉달 앞으로 다가온 상황에서 사우스캐롤라이나 상원 후보 대타를 누구로 세워야 할지 정해야 하며, 민주당의 강력한 반대도 예상된다.",사회/세계
"""트럼프 직접 지시"" 美 공습 재개…이란은 '복수 대상' 공개 미군은 이란의 미사일·방공 체계와 IRGC 전력을 타격하고, 트럼프 대통령을 비롯한 서방 지도자들을 복수 대상으로 지목하는 보도가 나왔다. 이란에서는 트럼프 대통령과 다른 12명의 서방 지도자를 복수 대상으로 지목하는 인포그래픽을 공개했다. 미국은 이란이 호르무즈 해협에서 상선을 공격한 데 대한 대응으로 이란 내 군사 목표물을 연이어 타격하고 있다.",사회/세계
"최대훈, '폭싹' 자전거 코어력..시청률 23% '김부장서' 폭발 한국어 뉴스 요약 전문가가 제공하는 본문 분석 결과입니다. 본문은 언론사 페이지의 링크를 제공하며, 일부는 미제공될 수 있습니다. 해당 언론사는 분류를 따르며, 페이지 이동이 가능합니다.",문화/트렌드
"[재계 7080 리더 보고서⑥] 김동관, ‘방산·조선·에너지’ 삼각축으로... 한화그룹이 5대 그룹 진입, 방산·조선·에너지 축을 중심으로 성장하고 있다. 김동관 부회장이 한화의 미래 산업 쪽으로 움직이고 있는 건 맞다. 방산·조선·해양·에너지와 금융을 남기고, 신설법인은 테크·라이프 사업을 맡는 구조를 갖추게 된다.",경제
"와이엔비컴퍼니 김부건 대표, 서울청년광역센터 '청년커피랩 3기' 창업... 와이엔비컴퍼니 김부건 대표가 '청년커피랩 3기'의 창업 교육 강연을 진행했다. 김부건 대표는 카페 창업 및 브랜드 운영 경험을 바탕으로 실무 중심의 교육을 진행해 실제 카페 창업 및 운영 역량 강화를 지원했다. 이번 교육에서는 카페 창업 전반을 주제로 실무 노하우를 공유했으며, 브랜딩의 중요성을 강조하고 실제 매장 경쟁력을 높일 수 있는 노하우를 전달했다.",문화/트렌드
김부김·추경호 막바지 유세 총력 김부겸 더불어민주당 대구시장 후보가 6·3 지방선거를 하루 앞둔 2일 대구 수성구 범어동 아파트 단지에서 '벽치기 유세'를 이어간다. 추경호 국민의힘 후보는 북구 팔달신시장을 찾아 지지를 호소하고 있다. 두 후보가 선거 직전 마지막으로 선거 운동을 강화하고 있다.,정치
"㈜와이엔비컴퍼니 미루꾸커피 김부건 대표, 고양시장 표창 수상 글로벌에픽은 저작권법의 보호를 받는 콘텐츠를 제공합니다. 이성수 CP는 2026-01-07부터 ㈜와이엔비컴퍼니에서 활동하고 있습니다. 저작권 © 2014 글로벌에픽. 모든 권리를 보존합니다.",사회/세계
"""전문인력 양성""…기계설비협회, 지원금 2배 확대 대한기계설비건설협회가 전국 9개 기계설비 관련 대학교에 지원금 2억원을 전달하여 인재 양성을 강조하고 있다. 이번 지원금은 지난해 1억원에서 올해 2억원으로 늘어난 것이며, 미래 인재 양성에 대한 의지를 담아 진행되고 있다. 기계설비협회는 탄소중립 실현, 에너지 효율 향상, 스마트 건축 확산 등 국가적 과제를 해결하는 핵심 산업으로 중요성이 커지고 있으며, 인재 양성을 강조하고 있다.",경제
"삼성전자 ""용인 팹 조기 가동""...메모리 3사 설비 경쟁 격화 삼성전자는 용인 반도체 공장 가동 시점을 2029년 10월로 앞당겼습니다. SK 하이닉스와 마이크론 등 메모리 빅3 기업은 설비 투자 경쟁을 이어가고 있습니다. 메모리 수요가 여전할 것으로 보이며, 반도체 업황의 향방이 제대로 확인될 수 있을 것으로 보입니다.",IT/과학
"기계설비협회, 전문인력 양성 지원금 2억원 전달…전년 대비 2배 확대 대한기계설비협회가 전국 9개 대학에 총 2억 원의 지원금을 전달하여 기계설비 전문인력 양성을 지원한다. 이번 사업은 산학협력의 대표적인 프로그램으로, 교육환경 개선과 학과 경쟁력 강화를 지원하는 취지다. 기계설비협회는 이 사업을 통해 미래 인재 양성에도 더욱 힘쓰겠다고 밝혔다.",경제
"본격 속도내는 용인 팹… 韓-美-中, 메모리 설비 확충 경쟁 삼성전자와 정부가 용인 국가산단 내 첫 팹을 2029년으로 당초보다 2년 앞당긴 것은 인공지능(AI)발 메모리 공급난 속에서 신규 생산 거점을 조기 확보해 수요를 선점하는 것이 시급하다는 판단 때문이다. 삼성전자와 SK하이닉스가 광주전남특별시에 각각 400조 원, 총 800조 원을 투입해 메모리 팹 4기를 짓는 것은 수요 부족에 대응하기 위한 조치다. 정부는 전력 인프라 등 가속도대만 TSMC, 美 설비투자액 상향하여 반도체 패권 쟁탈전을 격화하고 있다.",경제|IT/과학
"""임상 경험·시술 트렌드 공유""…종근당바이오, '티엠버스주' 1주년 심포... 보툴리눔 톡신 '티엠버스주' 출시 1주년을 기념해 국내 미용성형 전문 의료진을 초청해 심포지엄을 열었다. 티엠버스주는 HAS-Free 제형·L-히스티딘 함유·할랄 인증 등 차별화된 특징을 가진 제품으로, 1년간 임상 경험과 최신 시술 트렌드를 공유하는 자리로 마련됐다. 종근당바이오는 이번 심포지엄을 시작으로 지역별 교육 프로그램을 확대하고, 의료진을 대상으로 제품 교육과 시술법 공유를 지속해 나갈 예정이다.",문화/트렌드
"30만원 위고비 대신 2000원 이것에 ‘우르르’…다이어트 효과 있을까? 한국인들은 여름철 다이어트 열풍에 '천연 위고비'를 주목하고 있다. 이 음식은 식욕을 줄이는 대신 건강한 음식을 통해 체중과 혈당을 관리할 수 있는 음식으로 대표적으로 달걀, 곤약, 아보카도가 있다. 천연 위고비의 월간 검색량은 약 1만2000건으로 집계됐으며 전년 대비 9401% 늘어난 수준이다. 긍정 언급 비율도 71%에 달했다. 실제로 사회관계망서비스(SNS)를 중심으로 다양한 천연 위고비 레시피가 공유되고 있으며, 이 음식은 혈당을 천천히 올라가게 하며 영향의 균형이 맞춰진다.",라이프
"공화 중진 그레이엄 사망...우크라도, 트럼프도 최대 우군 잃었다 푸틴의 대외 팽창 정책을 견제해야 한다는 린지 그레이엄 의원의 입장이 있었다. 그레이엄 의원은 우크라이나에 토마호크 미사일 지원 촉구하고, 러시아산 원유 수입 국가까지 제재하는 초강경 안에 주도적으로 참여했다. 그레이엄 의원의 사망으로 우크라이나는 워싱턴DC에서 가장 열렬한 지지자 중 한 명을 잃었다.",사회/세계
‘트럼프 우군’ 린지 그레이엄 미 상원의원 급사…향년 71 볼로디미르 젤렌스키 우크라이나 대통령과 린지 그레이엄 미국 상원의원이 키이우에서 만났다. 린지 그레이엄 미국 상원의원은 11일 저녁 짧고 갑작스러운 질환으로 세상을 떠났다. 그레이엄 의원은 강력한 국방력과 적극적인 미국의 해외 개입을 주장해온 공화당 내 대표적인 외교정책 매파로 꼽혔다.,사회/세계
"'대러 매파' 그레이엄 별세…우크라, 워싱턴 최대 우군 잃었다 미국 상원의원 린지 그레이엄이 갑작스러운 별세로 우크라이나가 최대 우군을 잃게 됐다. 그레이엄 의원은 국제사회에서 미국의 적극적인 역할 주장으로, 러시아의 대외 팽창정책을 반대해왔다. 그레이엄 의원의 별세는 우크라이나에 정치적 타격이 될 것 같으며, 미국 내에서도 우크라이나 지원을 이끌던 상징적인 인물이 사라지게 됐다.",사회/세계
"[속보] '무상 여론조사' 윤석열 1심 징역 2년... 명태균 법정구속 윤석열 전 대통령이 정치자금법 위반 혐의로 기소돼 징역 2년을 선고받았다. 윤 전 대통령은 김건희 여사와 공모해 명씨로부터 2억7,000만 원 상당의 여론조사를 무상 제공받은 혐의로 기소됐다. 윤 전 대통령 측은 혐의를 부인하며, 명씨가 자체적으로 실시한 여론조사는 정치자금 제공이나 공천 대가와 무관하다고 주장하고 있다.",정치
‘여론조사 무상 수수’ 尹 1심 징역 2년...명태균 1년 6개월 법정 구속 윤석열 전 대통령이 13일 서울중앙지법에서 징역 2년과 추징금 1396만3600원을 선고받았다. 윤 전 대통령은 명씨로부터 무상으로 여론조사 결과를 받아보고 그 대가로 국민의힘 공천에 개입한 혐의로 재판부는 유죄를 선고했다. 재판부는 '여론조사는 민주주의의 핵심 절차인 선거의 공정성과 직결되는 만큼 이를 무상으로 제공·수수한 범행의 죄질이 가볍지 않다'며 윤 전 대통령에게 추징금 1396만3600원을 선고했다.,정치
"[단독] '성남 스토킹 살해' 남성, 스토킹 혐의로 먼저 법정 선다 경기 성남에서 발생한 스토킹 살인 사건의 가해 남성이 생전 피해 여성을 고소한 스토킹 사건으로 정식 재판을 받게 됐습니다. 남성은 4년간 교제하다가 헤어진 60대 여성을 흉기로 찔러 살해한 혐의를 받으며, 경찰은 불구속 송치하고 검찰은 약식기소했습니다. 범죄의 중대성 등을 고려해 이 사건 역시 정식재판 절차를 진행하기로 결정한 것으로 파악됩니다.",사회/세계
"장윤기, 법정에서 '여고생 성폭행 목적 살인' 인정 뉴스 요약 실패 오류 발생 체크 필요",사회/세계
"현대차 노조, 사흘간 부분파업... “순이익 30% 성과급으로 달라” 현대차 노조가 13일부터 사흘간 부분 파업에 돌입하여 실제 생산 라인이 멈추는 것은 올해 들어 처음이다. 한국GM 노조도 이날부터 조기 출근과 잔업, 특근을 거부하는 쟁의에 돌입하여 월 기본금 14만9600만원 인상과 조합원 1인당 약 3000만원 수준의 성과급 지급을 요구하고 있다. 노조는 올해 임단협에서 합의점을 찾지 못하면서 추가 교섭 상황을 지켜보며 투쟁 수위를 정하겠다는 방침이다.",경제
"삼성 초기업노조 ""경영진도 부담스러워 해…노사정 협의 응답 달라"" 삼성그룹 초기업노동조합 삼성전자지부가 정부와 회사, 노동조합이 참여하는 노사정 협의에 응할 것을 촉구했다. 정부는 메가 프로젝트 추진 속도를 강조하고 있지만, 현장에서 일할 노동자에 대한 대책은 부족하다고 지적했다. 노조는 정부와 회사 측이 사업 추진에 부담을 느끼고 있다고 주장하며, 속도보다 사회적 신뢰를 확보하는 과정이 우선이라고 강조했다.",경제
"통일부, 北에 긴급 SOS…""동해상서 실종된 해군 수색 협조해달라"" 정부가 북측에 인도적 차원의 수색 및 송환 협조를 구했다. 해군 장병 1명이 실종된 가운데, 정부는 북측의 적극적인 협조를 요청하고 있다. 사고 지점이 NLL과 인접해 있어 선제적으로 이뤄졌으며, 현재 해군과 해경은 정밀 수색을 벌이고 있다.",정치
"장윤기 “성폭행 목적 맞다” 인정…유족 “법정 최고형 내려달라” 13일 광주지방법원 앞에서 이채원 학생 추모모임 회원들이 장윤기(23)씨의 엄벌을 촉구하고 있다. 재판부는 범행 당시 현장 인근에 주차된 트럭 블랙박스 영상 등에 대한 증거 조사를 비공개로 진행하며, 심리가 지연되는 것은 바람직하지 않다. 이양 어머니는 '제 딸의 소중한 생명을 앗아가고 우리 가족의 삶을 송두리째 무너뜨린 악마 같은 자에게 법이 줄 수 있는 가장 무거운 형벌, 법정 최고형인 사형을 선고해주시라'며 호소했다.",사회/세계
"“외모·피부색 달라” 아기 2명 유기한 부부에 집행유예 40대 여성 A씨와 50대 남성 B씨는 아동복지법 위반 혐의로 징역형을 선고받았다. A씨와 B씨는 두 차례 영아를 유기한 적이 있으며, 현재 소재는 확인되지 않았지만 생존해 성장하고 있는 것으로 파악됐다. 법원은 A씨가 보호 의무를 저버린 점에서 비난 가능성이 크다고 판단했으며, 피고인들이 범행을 인정하고 반성하고 있는 점 등을 고려했다.",사회/세계
서울 여의도 오피스텔 지하 음식점서 불…40여명 대피 서울 여의도 오피스텔 지하 음식점에서 불이 났다. 44명이 자력으로 대피하고 2개 매장이 피해를 봤다. 소방은 장비 25대와 인력 83명을 투입해 화재 발생 약 40분 만에 큰불을 껐다.,사회/세계
"9호 태풍 '바비', 중국 강타…200만 명 대피 중국 '바비' 태풍이 동부 해안을 강타해 200만명의 주민이 대피하고, 대만에서도 100여명이 다쳤습니다. 태풍의 영향으로 중국 전역에서는 국내선과 국제선 2천800편 이상의 항공편이 결항을 예고하고, 동남부 지역 철도 일부가 중단되었습니다. 대만 중앙재해대응센터는 '바비'의 영향으로 113명이 부상을 당했으며, 대피자 수는 1만4천명에 달했습니다.",사회/세계
"수원 아파트서 화재…1명 부상·14명 대피 수원시 영통구의 아파트 13층에서 오후 5시 40분쯤 불이 났습니다. 40대 A 씨는 연기를 마시는 등 경상을 입고 병원으로 옮겨졌으며, 주민 14명은 스스로 대피했습니다. 소방당국은 음식 조리 중 폭발과 함께 불이 났다는 진술을 확보하고 화재 경위를 조사 중입니다.",사회/세계
"'올해 최강' 태풍 바비 中 강타…200만명 대피하고 교통 마비 중국 동부 저장성 원저우시에서 태풍 '바비'의 상륙을 앞두고 마련된 대피소에서 휴식을 취하고 있다. 태풍 바비는 전날 오후 11시 20분께 저장성 위환시에 처음 상륙해 강력한 위력을 지니고 있었다. 중국 전역에서는 대규모 피난 행렬이 이어졌으며, 수도 베이징에서도 폭우 우려로 10만명 이상이 피난길에 올랐고, 푸젠성 13만명 등이 각각 긴급 대피했다.",사회/세계
"""모즈타바의 변장?""…하메네이 장례식에 등장한 '검은 마스크' 이란의 최고지도자 모즈타바 하메네이는 부친 알리 하메네이의 장례식에 모습을 드러내지 않은 가운데, 일각에서는 그가 검은 마스크로 얼굴을 가린 채 몰래 참석했다는 추측을 제기했다. 모즈타바가 잠행을 이어가자 건강에 큰 이상이 있거나, 실제로는 생사가 불분명하지 않을 수 있다는 의혹도 제기됐다. 사진 속 남성은 모자와 마스크로 얼굴을 완전히 가린 채 현장에 나타났는데, 암살 위험에 노출되지 않기 위한 변장이라는 추측이 제기됐다.",라이프
"""이란, 생존 위해 도박""…호르무즈 불장난에 전면전 재발 위험 이란은 호르무즈 해협의 통제권을 유지하기 위해 미국을 상대로 모종의 도박을 하고 있다고 분석된다. 트럼프 대통령이 경제적, 정치적 압박을 견디지 못하고 먼저 물러설 것이라는 계산이 깔린 승부수로 전면전 재발 위험을 키우고 있다. 미국과 이란은 당장 외교적 타협이 쉽지 않을 것이라는 의견이 지배적이다.",사회/세계
하메네이 장레식장에 마스크 쓴 의문의 男…혹시 모즈타바? 이란 최고지도자 모즈타바 하메네이의 행방을 둘러싼 의혹이 커지고 있다. 얼굴을 가린 남성이 장례식장에 나타나 사진이 공개되면서 모즈타바의 신분을 숨긴 채 참석한 것 아니냐는 주장이 나왔다. 모즈타바는 지난 3월 최고지도자에 취임한 이후 약 4개월 동안 공개 석상에 모습을 드러내지 않았다. 건강 이상설과 통치 능력을 둘러싼 의문이 증폭됐다. 이란 이슬람혁명수비대(IRGC)는 모즈타바의 사진을 공개하며 “최고지도자의 건강은 아주 양호하다”고 밝혔다. 하지만 사진의 촬영 시기와 장소는 공개되지 않았다.,문화/트렌드
"이란 매체, 하메네이 복수 대상 13명 지목 이란 매체 함샤리가 하메네이 최고지도자의 장례식 직후 13명을 복수의 대상자로 지목했다. 함샤리는 이 13명의 명단을 인포그래픽 형태로 만들어 온라인에 공개했으며, 이 중 네타냐후와 트럼프의 이마에는 총기 조준선이 그려져 있다. 이들 13명이 이란 당국에서 공식 승인한 복수의 대상인지는 확인되지 않았다.",사회/세계
“하메네이 장례 후 분위기 달라졌다”…강경파 득세하며 호르무즈 다시... 이란 전 최고지도자 아야톨라 세예드 알리 하메네이의 장례식에 등장한 반미 플래카드가 미국과 이란 간의 무력 충돌 위험을 높이고 있다. 이란 지도부가 강경 노선을 한층 강화하면서 도널드 트럼프 미국 대통령의 대응 의지를 시험하고 있다고 평가했다. 이란은 호르무즈 해협을 다시 봉쇄하겠다고 선언하면서 해협 안쪽에 남아 있는 한국 선박 2척의 출항 전망도 불투명해졌다.,사회/세계
"장윤기, '블랙박스 증거' 공개되자 성범죄 목적 범행 인정 장윤기(23)가 '여고생 살해범'으로 법정에서 성범죄 목적을 인정했다. 이날 공판에서는 장윤기가 변호인 의견에 동의하는지를 묻는 재판장의 질문에 '네'라고 답했다. 장윤기는 지난 5월 5일 사건 당일 경찰에 체포된 이후 검찰 보완 수사를 거쳐 2차 공판에 이르기까지 '강간 등 살인' 혐의를 인정한 것은 이날이 처음이다.",사회/세계
"블랙박스 보더니…""성범죄 목적"" 장윤기 결국 입 열었다 장윤기(23)가 성범죄 목적이 성폭력 범죄였음을 법정에서 인정했습니다. 장윤기는 2차 공판에서 '강간 등 살인' 혐의를 인정하고, 변호인 의견에 동의했습니다. 검찰은 장윤기의 차량 블랙박스 영상을 추가 증거로 신청하겠다고 밝혔습니다.",사회/세계
"“성폭행 목적 살인 맞다” 장윤기 2개월 만에 인정 장윤기(24)가 어린이날 도심에서 일면식 없는 여고생을 살해한 혐의를 받는 중이다. 장윤기는 두 번째 재판에서 강간살인 혐의를 인정했으며, 검찰은 장의 살인 혐의를 강간 등 살인으로 바꿔 기소했다. 장윤기의 다음 재판은 오는 27일 광주지법에서 열리며, 검찰은 4명을 해당 재판 증인으로 신청했다.",사회/세계
"광주 여고생 살해 장윤기, 재판서 '강간 목적 살인' 인정 장윤기가 강간 목적 살인죄를 처음 인정해 재판에 출석했습니다. 재판부는 잔혹성 등 사건의 특수성을 고려해 비공개로 전환하고 심리를 진행합니다. 검찰은 장윤기 혐의 입증을 위해 증거자료와 피고인 신문을 통해 주력할 방침입니다.",사회/세계
"장윤기 성범죄 목적 살인 인정…""양형 낮추려는 의도"" 장윤기는 17세 여고생을 살해하고, 도우러 온 남학생에게도 흉기를 휘두른 혐의를 인정했다. 피해자 측 변호인은 '전략적인 선택'으로 반성을 했다는 주장하며 엄벌을 촉구했다. 김 변호사는 '진심 어린 반성을 했다는 모습을 보이고 형량을 낮추려는 의도'라고 밝혔다.",사회/세계
"[뉴공 아카이브]김정태 동양대 게임학과 교수, 김상현 경향게임스 편집... 김정태는 새로운 게임 '산나비'를 추천하며, 이 게임은 자녀와 즐길 만한 게임으로 국내 인디게임 개발사에서 잘 만들어진 게임이라고 설명했다. 또한, 이 게임은 미래 세계관을 기반으로 하며, 로봇이 등장하는 등 아포칼립틱 세계관을 보여준다. 김정태는 '산나비'를 추천하며, 이 게임은 자녀와 즐길 만한 게임으로 국내 인디게임 개발사에서 잘 만들어진 게임이라고 설명했다. 또한, 이 게임은 미래 세계관을 기반으로 하며, 로봇이 등장하는 등 아포칼립틱 세계관을 보여준다. 김수진은 여성향 기준으로 '성세천하 여제의 탄생'을 추천하며, 이 게임은 FMV게임으로 중국 사극 드라마를 플레이하고, 스토리 게임으로 진행된다. 또한, 이 게임은 선택지를 계속 고르는 스토리 게임으로, 여성들이 즐길 만한 게임이라고 설명했다.",IT/과학|문화/트렌드
"법무법인 다빈치, 경향게임스와 손잡고 '국내대리인 제도' 서비스 시작 다빈치와 경향게임스가 '플러스다빈치' 브랜드를 론칭하여 국내대리인 제도 서비스를 시작한다. 이제 10월 23일부터는 해외 게임사가 국내에서 게임을 서비스하려면 대리인을 지정해야 하는 제도가 시행된다. 플러스다빈치는 전문적이고 게임산업에 특화된 차별화된 서비스를 제공하여 게임사들의 시장 성공을 촉매할 계획이다.",IT/과학
"한국게임미디어협회 2022년 3~4월 이달의 기자상 시상식 진행... 게임뷰... 한국게임미디어협회와 한국게임기자클럽이 '이달의 기자상' 시상식을 진행해 2명을 대상으로 선정했다. 김창훈 기자는 '[기자수첩] ‘게임’이 무엇과도 결합되고, 무엇이든 되는 시대가 온다’라는 기사로 3월 이달의 기자상에 선정됐다. 한국게임미디어협회는 한국 게임산업의 올바른 성장과 건전한 게임문화 확산을 목표로 각종 토론회와 강연회, 점프업G, 게임 오브 지스타 등 다양한 활동을 하고 있다.",문화/트렌드
"경향게임스 데일리웹진 오픈 경향게임스는 20일 게임웹진 경향게임스 온라인을 오픈하여 실시간 게임소식을 중점으로 운영하는 온라인 메ディア를 제공합니다. 이 웹진은 게임전문가들에 의해 선정된 히트게임의 완벽한 리뷰와 주요 게임 소개, 용어해설 등을 특징으로 하게 됩니다. 또한 경향게임스는 1천만원 규모의 이벤트를 다음달 중순까지 진행하여 게임웹진 오픈을 기념하고 있습니다.",IT/과학
"갑자기 김민석 띄우기? 동아일보 ""입지 좁아진 김어준의 돌변"" 김어준씨의 행보 변화는 동아일보가 분석한 바에 따르면, 김민석 전 국무총리를 옹호하고 나선 것과 관련이 있다. 오세훈 서울시장은 장동혁 국민의힘 대표와의 식사 회동을 가졌으며, 이에 대한 비판 발언도 있었다. 더불어민주당은 선거관리위원회 특검법과 개혁 3법을 발의했으며, 친명계와의 계파 갈등이 심화되고 있다.",정치
"동아일보 사옥서 낫 휘두른 70대 구속 송치 70대 남성이 구속 상태로 검찰에 넘겨졌다. 그는 지인에게 낫을 휘두른 혐의를 받는 70대 남성 A 씨다. A 씨는 범행 직후 택시를 타고 달아났다가 약 10시간 만에 경찰에 붙잡혔다. 경찰은 방화예비 혐의를 추가 적용해 구속영장을 신청했고, 법원은 증거인멸과 도주 우려가 있다고 보고 영장을 발부했다.",사회/세계
"“평소에도 사이 안 좋아”…동아일보 사옥 ‘낫부림’ 70대 구속 70대 남성 A씨가 28일 구속됐으며, 살인미수 등 혐의와 관련 구속 전 피의자 심문에 출석하고 있다. A씨는 지난 26일 오전 일민미술관에서 과장급 직원에게 흉기를 휘둘러 다치게 한 뒤 도주한 혐의를 받는다. 경찰은 A씨가 범행 직후 대중교통을 이용해 용산구와 동작구 등으로 도망을 다닌 것으로 파악됐다.",사회/세계
[부고] 양회성 씨(동아일보 사진부 차장) 장모상 권형주 씨가 별세하여 향년 65세를 맞이했습니다. 양회성 씨는 그의 장모상을 치렀습니다. 서울성모병원 2호실에서 발인 8일 오전 8시까지 추모객을 받을 예정입니다.,사회/세계
"조선업 사상 첫 노사정협의체…원하청 격차, 인력 공백 등 논의 한화오션 거제사업장의 모습. 2026.3.12 image@yna.co.kr(서울=연합뉴스) 옥성구 기자 = 최근 호황을 맞은 조선업이 지속 가능한 성장을 이어갈 수 있도록 조선업 사상 첫 노사정 협의체가 출범했다. 조선업 역사상 첫 노사정협의체를 꾸린 건 현장의 산적한 과제를 해결하기 위해서다. 협의체는 노사정 대표급이 참여하는 운영협의체와 실무협의체로 나뉘어 운영된다.",경제
"사상 첫 조선업 노사정 대화협의체 출범…양대노총 참여 노동부와 산업부가 주관하는 '조선업 노사정 협의체'가 출범해, 양대노총이 모두 참여하여 머리를 맞댔다. 협의체는 노사정 대표급이 참여하는 '운영협의체'와 '실무협의체'로 나눠 구성됐으며, 향후 운영 계획과 논의 의제에 대해 의견을 나눌 계획이다. 조선업의 경쟁력은 결국 현장에서 일하는 사람의 손끝에서 나온다며, 지속적인 성장 생태계 구축, 청년의 조기 입직 및 장기 근속 지원, AI를 활용한 사업장 안전체계 구축 등의 과제를 중심으로 의제를 구체화할 계획이다.",IT/과학
"'조선업' 첫 노사정 협의체 출범…'마스가' 시너지 낸다 정부가 조선업 역사상 처음으로 노사정 협의체를 출범시켰으며, 양대노총이 모두 참여해 업종 차원의 협의체를 만들어졌다. 협의체는 최근 마스가 프로젝트로 장기 호황 국면에 진입한 조선업 현장의 과제를 풀어나갈 전망이며, 노사정 대표급이 참여하는 ‘운영협의체’와 ‘실무협의체’로 나뉘어 운영될 예정이다. 조선업의 경쟁력은 결국 현장에서 일하는 사람의 손끝에서 나온다며, 협의체는 조선업이 국가 전략산업으로 자리를 굳히고 그 성과가 청년과 지역, 협력사까지 골고루 닿도록 지속가능한 성장의 항로를 함께 열어가겠다.",경제
"부산시, ‘조선·해양 엣지 AI 데이터 실증 시범사업’ 선정 부산시가 기업이 구축하기 어려운 인공지능(AI) 연산 인프라를 공용으로 제공해 제조업의 인공지능 전환(AX)을 촉진한다. 명지녹산국가산업단지를 대상지로 183억원을 투입해 이달부터 내년 6월까지 12개월간 구축한 뒤, 5년간 의무적으로 운영된다. 부산시는 올 연말까지 베타 오픈을 목표로 설계·구축을 추진하며, 의무 운영 기간 종료 후에도 자립 운영이 가능한 모델을 구축해 향후 동남권·대불·군산 등 조선산업벨트로 확산할 방침이다.",IT/과학
"HD한국조선해양, 초대형 암모니아 운반선 3척 수주...“5456억원 규모” 한국조선해양이 초대형 암모니아 운반선 3척을 건조 계약에 따라 수주하여 연간 목표 70.3%를 초과 달성했다. 이번 계약을 포함해 HD한국조선해양은 올해 누적 총 142척, 163억 9000만 달러를 수주했으며, 하반기 발주가 이어질 경우 2021년 이후 6년 연속 수주 목표 초과 달성도 무난할 것으로 예상된다. 암모니아는 차세대 무탄소 연료로 주목받고 있어 이를 실어 나르는 VLAC 수요도 빠르게 늘어나는 추세다.",경제
[단독] 롯데百 본점 외벽도 광고판 된다…명동 ‘미디어 랜드마크’ 경... 롯데백화점이 명동 '미디어 랜드마크' 구축에 속도를 낸다. 본점 영플라자 외관 이미지ⓒ롯데백화점. 롯데백화점은 초대형 디지털 전광판을 설치하여 명품 브랜드 옥외광고 유치와 신규 수익 확대 효과를 노릴 것으로 전망된다. 2027년께 지자체 인허가 절차를 거쳐 시공사 선정 입찰에 나설 계획인 것으로 알려졌다.,경제
"시화쓰레기매립지 조성 경기지방정원 '새로숲' 대표마크 공개 경기도는 안산시화쓰레기매립지에 조성 중인 '새로숲'의 대표 마크를 공개했다. 새로숲은 도시와 자연, 사람과 생태를 연결하는 정원으로 조성하며, 과거 매립지였던 공간이 도민의 일상 속 정원으로 다시 태어나는 과정과 그 안에서 펼쳐질 생태·문화·휴식의 가치를 표현했다. 새로숲은 총사업비 989억원을 투입해 45만㎡ 부지에 조성되며, 2028년 전체 개원할 계획이다.",문화/트렌드
"[속보] '여론조사 무상 수수' 윤석열, 1심 징역 2년 선고 윤석열 전 대통령이 1심에서 실형을 선고받아 징역 2년과 추징금 1,396만 3,600원에 해당하는 판결을 받았다. 명태균 씨에게는 징역 1년 6개월을 선고하고, 증거인멸 우려가 있다고 보고 법정구속했다. 윤 전 대통령은 여론조사 제공과 정치권 인사 연결, 대선 전반의 상담과 조언의 보답으로 영향력을 행사한 것으로 판결됐다.",정치
"[속보]‘명태균 여론조사 무상수수’ 尹 징역 2년…김건희 무죄와 충돌 윤석열 전 대통령이 58회 중 14차례의 여론조사에 대해 유죄를 인정받아 징역 2년을 선고받았다. 명태균 씨는 윤 전 대통령과 공모해 2억7000만 원 상당의 여론조사를 무상으로 제공받은 혐의로 기소된 혐의를 받게 되었다. 윤 전 대통령 부부에게 결과가 전달된 14차례의 여론조사에 대해서만 유죄로 인정하고, 나머지에 대해서는 무죄로 봤다.",정치
"[속보] 윤석열 ‘명태균 무상 여론조사’ 징역 2년 선고 윤석열 전 대통령이 1심에서 징역 2년을 선고받았다. 그는 명태균씨로부터 여론조사 결과를 무상으로 수수한 혐의로 기소된 것이다. 윤 전 대통령은 김건희 여사와 공모해 명씨로부터 유리한 여론조사 결과를 제공받아, 그 대가로 2022년 재보궐선거에서 공천을 도와준 혐의로 기소됐다. 재판부는 이 중 14차례의 여론조사 제공 부분이 유죄라고 판단했다.",정치
"[속보] 법원, 尹 ‘명태균 여론조사 무상수수’ 혐의에 징역 2년 선고 윤석열 전 대통령이 1심에서 징역 2년을 선고받아, 명태균씨로부터 고가의 여론조사를 무상으로 제공받은 혐의로 재판에 넘겨진 것이다. 윤 전 대통령 부부와 명씨 사이에 여론조사 제공을 둘러싼 묵시적 합의가 있었다는 판결이 나왔다. 윤 전 대통령이 명씨에게 김영선 공천을 약속하고, 이후 장제원 당시 대통령 당선인 비서실장을 통해 국민의힘 공천에 영향력을 행사했다고 봤다.",정치
"영남권 데이터센터, 부산 중기업계에도 기회 되나…성원기업, 수소 저장... 성원기업은 수소저장합금 기술을 개발하여 에너지저장장치(ESS) 등 에너지 분야 진출을 본격화하고 있다. 성원기업은 상온, 저압에서 고체수소를 만들 수 있는 기술을 개발, 상용화를 앞두고 있다고 밝혔다. 성원기업은 수소저장합금 기술을 활용하여 에너지저장장치(ESS) 분야에서도 주목받고 있으며, 내년 이후 매출이 본격적으로 발생할 것으로 기대한다.",IT/과학
"영남권에 무슨일이…국민의힘 PK서 20.6%p ‘폭락’ [자막뉴스] 국민의힘의 지지율이 크게 하락해 민주당이 역전됐습니다. 민주당은 25.2%p 상승한 53.6%를 기록했지만, 국민의힘은 20.6%p 하락한 32.9%를 나타냈습니다. 70대 이상에서도 변화가 감지됐으며, 국민의힘 내부 계파 갈등이 지지율에 영향을 미쳤다는 분석이 나옵니다.",정치
"영남이공대, 싱가포르서 모빌리티 캡스톤디자인 프로그램 운영 영남이공대학교는 싱가포르에서 글로벌 모빌리티 캡스톤디자인 프로그램을 운영하여 학생들과 해외 대학, 산업체와의 기술 교류를 진행했다. 학생들은 학기 중 수행한 캡스톤디자인 프로젝트를 바탕으로 싱가포르 대학 학생들과 기술 교류를 진행하고, 현지 산업 및 교육기관을 방문했다. 학생들은 '창의적종합설계' 수업을 통해 직접 기획·제작한 도심형 마이크로 모빌리티와 포뮬러 레이스카 등 프로젝트 성과물을 발표하고, 3D CAD/CAM 기술을 비롯해 CAE 기술을 공유했다.",IT/과학
"영남이공대, 싱가포르 글로벌 모빌리티 캡스톤디자인 통해 글로벌 기술... 영남이공대는 싱가포르에서 '2026 싱가포르 글로벌 모빌리티 캡스톤디자인 프로그램'을 운영하여 미래 모빌리티 전문인재 양성을 추진했다. 학생들은 싱가포르의 우수 공과대학 학생들과 기술을 공유하고 세계적인 스마트 제조 현장과 모빌리티 산업을 직접 체험했다. 참가 학생들은 싱가포르의 주요 산업·교육·연구기관을 방문하여 미래 모빌리티와 스마트 제조의 흐름을 확인하고 국제 공학교육 프로그램인 FSAE 포뮬러카 프로그램을 매개로 전공지식을 글로벌 실무 역량으로 확장할 수 있었다.",IT/과학|문화/트렌드
"李대통령 ""대규모 추가세수 전략적 투자…미래대응기금 신설"" 이재명 대통령은 2026년 7월 13일 국가재정전략회의에서 '인공지능(AI) 혁명'에 힘입어 추가 세수가 발생할 것이라고 말했다. 정부는 '3대 메가 프로젝트'를 기업의 시간표대로 이뤄지게 집중 지원하겠다고 밝혔다. '모두의 성장'을 통해 그 누구도 소외되지 않는 대한민국을 만들겠다고 강조했다.",정치|IT/과학
"이 대통령 ""대규모 추가세수, 미래대응 위한 전략적 투자재원으로 활용... 이재명 대통령은 2026년 국가재정전략회의에서 '인공지능 혁명'에 힘입어 전례 없는 추가세수가 발생할 것으로 예측하고, 이를 미래 대응기금으로 활용하겠다고 밝혔다. 이 대통령은 미래대응기금을 신설해 청년, 지방, 교육 등 국가의 미래를 좌우할 4대 분야에 집중 투자하고, 이를 통해 경제의 성장 잠재력을 높여 그 과실을 모든 국민께 돌려드리겠다고 했다. 이 대통령은 27년 예산안을 편성 단계부터 오롯이 우리 정부가 처음으로 그려내는 예산으로, 대체불가 대한민국이라는 담대한 꿈을 뒷받침하는 방안을 내년도 예산안에 잘 챙겨 담아야겠다고 했다.",정치
"실종 해군 병사 시신, 동해상서 발견해 수습…사망원인 조사(종합2보) 해군 호위함 승조원 21시간 반 수색 끝에 숨진 채 발견됐다. 실종 병사는 거진읍 동방 50여㎞ 해상에서 경비 임무 중이던 해군 호위함에 탑승했다. 해군은 사고 경위를 민간경찰과 군 수사기관이 합동으로 조사할 예정이다.",사회/세계
해군 “실종 병사 시신 동해상서 발견해 수습” 해군 호위함 승조원의 시신이 실종된 지 하루 만에 동해 고성군 거진읍 동방 52㎞ 해상에서 발견됐다. 해군 병사는 전날인 12일 오전 0∼2시 사이 함 내부 순찰을 맡았던 당직자에 의해 마지막으로 목격된 뒤 실종됐었다. 해군은 북한도 수신이 가능한 국제상선공통망 등을 통해 북측에도 실종 사실을 통지했다.,사회/세계
실종 해군 호위함 승조원 시신 발견 해군 호위함 승조원의 시신이 동해 고성군 해상에서 발견됐다. 실종병사는 경비 임무 수행 중인 해군 호위함에 탑승해 마지막으로 목격됐었다. 해군은 해경과 합동으로 수색 작업을 벌여왔다.,사회/세계
"동해 경비임무중 실종된 해군 병사, 끝내 숨진 채 발견(종합) 해군 병사가 13일 동해 해상에서 실종되어 숨진 채 발견됐다. 해군은 민간경찰과 군 수사기관이 합동으로 사고 경위와 사망 원인을 조사할 예정이다. 실종 병사의 시신은 호위함에 의해 수습되어 오늘 오전 중 동해 기지로 입항할 예정이다.",사회/세계
"동해 실종 해군 병사, 하루 만에 숨진 채 발견 해군 호위함 승조원의 시신이 실종 약 하루 만에 동해 고성군 거진읍 동방 52km 해상에서 발견됐습니다. 해군은 해경과 합동으로 수색을 벌여왔으며, 실종자에 대한 수색을 위해 함정 10여 척과 항공기 여러 대를 투입했습니다. 실종 병사는 경비 임무 수행 중인 해군 호위함에서 마지막으로 목격된 것으로 전해졌으며, 군은 북한도 수신이 가능한 국제상선공통망 등을 통해 실종 사실을 통지했습니다.",사회/세계
"시흥에서 울려 퍼진 어린이들의 '환경 노래' 제5회 시흥시 해로토로 국제환경창작동요제가 열려 환경의 소중함을 전하는 의미를 공유했다. 변동준 작곡 '철새공항 7번 게이트'가 대상으로 선정됐으며, 아이들의 순수한 목소리로 가득 찼다. 시민평가단이 뽑은 인기상에는 김영경 작곡의 '돌고 돌고 돌고 돌아'가 선정됐다.",문화/트렌드
"풀무원 뮤지엄김치간, 여름방학 이벤트 ‘2026 김치-타임즈’ 풀무원의 김치박물관 뮤지엄김치간이 8월 30일까지 '2026 김치-타임즈, 뮤지엄김치간 여름방학 특별 기자 모집' 이벤트를 운영한다. 이벤트에서는 관람객이 일일 기자가 돼 전시물들을 직접 취재하고 기록하는 체험형 이벤트다. 참가자들은 활동지를 완성하면 나만의 신문을 발행할 수 있고, 우수작은 뮤지엄김치간 공식 인스타그램을 통해 소개된다.",라이프|문화/트렌드
"[사고] '건설·부동산 생존 전략을 묻다'… 아시아타임즈 'ADC 2026' 개최 아시아타임즈가 7월 22일 서울 여의도 FKI타워에서 'ADC(ASIATIMES DWELLING CONFERENCE) 2026' 포럼을 개최, 대내외적 경제 환경 변화와 정책 전환에 대한 해법을 찾는 시간을 갖습니다. 포럼에서는 세션1 '공급 전환 새 시대, 주택시장 안정화 방향'과 세션2 '위기를 기회로, 건설업계 대전환 시대 대응 전략' 등으로 구성되어 있습니다. 이번 포럼을 통해 시장의 변화와 전망을 심도 있게 살펴보고, 산업 경쟁력 강화와 혁신 방안에 대한 해법을 찾아보려 합니다.",IT/과학
"조선업 사상 첫 노사정협의체 출범‥원하청 격차 등 논의 고용노동부와 산업통상부는 '조선업 노사정 협의체'를 발족시키고, 조선업의 지속 가능한 성장 방안을 논의할 계획입니다. 협의체는 조선업의 지속적인 성장 생태계 구축, 청년의 조기입직 및 장기근속 지원, 인공지능 활용 사업장 안전체계 구축 등을 논의할 계획입니다. 김영훈 노동부 장관은 '호황이 청년이 찾아오는 꿈이 있고 안전한 일터, 지역과 협력사까지 함께 잘 사는 구조로 이어지는 게 협의체의 목표'라고 강조했습니다.",경제
"육경애 한국연예예술인총연합회 보은군지회장, 사랑의열매 정기기부 동... 한국연예예술인총연합회 보은군지회장이 13일 충북사회복지공동모금회 정기기부에 가입해 지역사회 나눔 실천에 동참했다. 육 지회장은 '작은 실천이지만 더 많은 문화예술인이 나눔에 동참하는 계기가 되길 바란다'고 말했다. 윤경 씨의 정기기부 소식을 접하고 연예예술인들도 나눔에 함께해야겠다는 생각이 들었다.",문화/트렌드
"[S포토] 하윤경, '반갑윤경' JTBC의 새 토일드라마 '아파트'가 10일 온라인으로 제작발표회를 열었다. '아파트'는 아파트 속 숨겨진 돈을 접수하기 위해 입대의회장 선거에 출마한 주인공이 주민들의 이야기를 담았다. 드라마는 오는 11일 첫 방송을 앞두고 있다.",문화/트렌드
"오늘의 부고 종합 황연숙씨, 권흠대씨 모친상으로 7일 오후 3시 경북 포항의료원 장례식장 특실에서 장례식을 치룰 예정입니다. 김재열씨, 김해근씨 부친상으로 8일 전남광주통합특별시 광산구 상무대로 509 베스트장례문화원 영림관 특실 102호에서 장례식을 치룰 예정입니다. 박영순씨, 황원택씨 모친상으로 8일 아주대학교병원 장례식장 3층 35호실에서 장례식을 치룰 예정입니다.",사회/세계
"[부음] 장준수(교보증권 디지털지원본부장)씨 빙부상 황정렬씨, 황필환씨, 태환씨, 윤경씨의 부친상이 확인됐다. 장준수씨의 빙부상이 확인됐으며, 장례식은 9일 오전 8시 여의도성모장례식장 5호실에서 열린다. 이투데이는 모든 콘텐츠에 저작권법의 보호를 받으며, 무단전재 및 수집, 복사, 재배포, AI학습 이용 등을 금지하고 있다.",IT/과학
"“대출은 막히고 이자는 뛴다”…집 사려는 사람도, 산 사람도 ‘엉엉’... 5대 은행의 주담대 한도는 80% 소진, 3곳은 초과한도 축소·접수 중단을 발표했다. 한국은행의 기준금리 인상 가능성이 커지면서 주택담보대출 금리가 더 오르기 전에 자금을 확보하려 하지만 은행들이 주담대 한도를 낮추고 대출 접수를 제한하고 있다. 하반기 차주들의 대출 부담이 빠르게 커지고 있어, 은행권에서 밀려난 수요가 금리가 높은 제2금융권으로 이동하면서 차주의 상환 부담만 가중될 수 있다는 우려가 나온다.",경제
"[가전트렌드] 쿠첸, 와이드형 건조통 적용한3L 음식물처리기 '제로핏' 출... 테팔은 새로운 블렌더 '블렌드포스 에센셜'을 출시, 450W 모터와 스테인리스 스틸 4중 칼날을 적용해 얼음과 냉동 과일도 부드럽게 분쇄하며, 스무디와 주스 등 일상 속 건강 음료를 간편하게 만들 수 있다.",라이프|문화/트렌드
"CJ온스타일, 골드키즈 트렌드 확산 '베이비키즈페어' 개최 CJ온스타일이 '베이비키즈페어'를 개최하여 프리미엄 유아동 브랜드와 육아 콘텐츠를 결합할 계획이다. 프리미엄 선호 현상은 주요 브랜드 실적에서도 드러나고, 모바일 라이브 방송을 통해 유아동 용품을 구매한 고객이 60% 증가했다. 베이비키즈페어에서는 약 20개의 프리미엄 신규 브랜드를 선보일 예정이며, 일정 금액 이상 구매 고객에게는 적립 혜택과 카드 할인 등이 제공될 것이다.",라이프|문화/트렌드
"K리그1 전북, 고등생 김예건과 정식 프로 계약…구단 최초 네이버스포츠가 언론사 분류와 기술 기반의 자동 분류 시스템을 사용하여 스포츠 기사 섹션 정보를 제공합니다. 오분류 제보는 네이버스포츠로 제보를 부탁드립니다. 언론사 페이지(아웃링크)로 이동해 볼 수 있습니다.",IT/과학
"전북, '18살에 프로 데뷔골' 김예건과 정식 프로 계약 네이버스포츠가 언론사 분류와 기술 기반의 자동 분류 시스템을 사용하여 스포츠 기사 섹션 정보를 제공합니다. 오분류 제보는 네이버스포츠로 제보를 부탁드립니다. 언론사 페이지(아웃링크)로 이동해 볼 수 있습니다.",IT/과학
"충북도립파크골프장 21일 정식 개장 충북도립파크골프장이 7월 21일 정식 개장하여 5만㎡의 파크골프장을 운영하게 된다. 이 골프장은 45홀 규모로 청주 축산시험장 초지 중에 조성됐으며, 주차장 확장, 차폐시설 설치, 전용 홈페이지 구축 등 시설을 갖추고 있다. 도는 이 파크골프장을 사계절 안전하게 이용할 수 있는 시설로 육성하고, 전국 규모의 파크골프 대회를 유치해 지역경제 활성화에 기여하겠다고 밝혔다.",라이프
"현대가 더비 골 넣은 '18세 고교생' 김예건, 전북 정식 프로선수 됐다 네이버스포츠가 언론사 분류와 기술 기반의 자동 분류 시스템을 사용하여 스포츠 기사 섹션 정보를 제공합니다. 오분류 제보는 네이버스포츠로 제보를 부탁드립니다. 언론사 페이지(아웃링크)로 이동해 볼 수 있습니다.",문화/트렌드
"금감원 특사경, 매일경제TV 압수수색…'인지수사 1호' 사건 금융감독원 특사경이 매일경제TV 소속 직원 등의 선행매매 혐의를 포착하고 회사 압수수색에 나섰다. 특사경은 업무상 취득한 미공개 호재성 정보를 이용해 주식을 미리 매수한 뒤, 주가 상승 후 매도하는 방식으로 부당이득을 취한 정황을 포착했다. 금감원 특사경 인지수사 1호 사건으로 이번 사건은 자체 조사 사건을 수사로 전환할 수 있는 인지수사권을 확보해 직접 수사를 진행하게 됐다.",사회/세계
"금감원 특사경, 매일경제TV 압수수색... 선행매매 혐의 금융감독원은 '인지수사 1호' 강제수사를 착수해, 방송 연출·진행자·출연자 등 주식 미리 사고 방송으로 주가띄워... 검찰 지휘 없이 수사를 진행하고 있다. 금감원 특사경은 매일경제TV에 대한 압수수색을 진행하고, 선행매매 혐의 관련하여 강제수사에 착수했다. 이번 사건은 금감원 특사경의 '인지수사 1호' 사례로 알려졌으며, 관련자들에 대한 소환 조사를 검토할 방침이다.",문화/트렌드
"금감원, 매일경제TV ‘선행매매 혐의’ 압수수색…특사경 ‘인지수사 1... 금융감독원은 매일경제TV를 선행매매 등의 혐의로 압수수색하고 있다. 300여 개에 이르는 종목을 통해 10억 원이 넘는 부당이득을 챙긴 것으로 전해졌다. 금감원 특사경은 인지수사권을 갖게 됐으며, 이번 사건은 자본시장 불공정거래 사건으로 확인됐다. 경제방송의 종목 정보 제공 과정과 소속 직원들의 주식 거래 사이에 이해상충이 핵심 수사 대상이 될 것으로 보인다.",사회/세계
"추락하고, 멈추고…잇따른 사고에 경주월드 임시 휴장 경주월드는 12일부터 임시 휴장을 결정하여, 오는 17일 영업을 재개할 계획이다. 임시 휴장 배경에는 최근의 시설 이슈와 고객 안전 최우선의 가치가 포함된다. 이번 사고로 승객 등 5명이 병원에서 치료받았으며, 경주시는 놀이기구 전반에 대한 긴급 안전 점검을 요청했다.",사회/세계
"‘트럼프 측근’ 린지 그레이엄 美상원의원 별세…“이란 공격해야” 백... 린지 그레이엄 상원의원(71세)은 12일 별세, 20년 넘게 사우스캐롤라이나를 대표해 왔다. 그는 강경한 입장을 견지해 북한·러시아·중국 등에 대한 제재를 주장하고, 이란 전쟁에서도 트럼프 행정부의 대북 군사 옵션을 지지했다. 그레이엄 의원은 미국의 주요 국가안보 현안에서 강경한 입장을 견지해 공화당 내 대표적인 ‘매파’였다.",사회/세계
"민주 ‘선호투표제’ 결론 보류…한병도, 친청계 설득 나서 더불어민주당은 13일 당대표 선거에서 선호투표제를 도입하는 문제를 논의하기 위한 최고위원회의를 취소하고 내부 숙의에 돌입했다. 민주당 지도부는 계파 간 갈등이 격화되는 가운데, 후보 등록 전날인 15일 최고위에서 선호투표제 도입 여부를 마무리짓겠다는 방침이다. 한 직무대행은 친청계 문정복 이성윤 박지원 박규환 최고위원에게 '선호투표제 도입은 이재명 대통령의 뜻'이라며 설득을 이어갔지만, 친청계에서는 '당헌·당규 위반이기에 받아들일 수 없다'는 입장을 고수하며 원활한 소통이 이뤄지지 않는 것으로 전해졌다.",정치
"""안 된다""는 70대 끝내 설득…2억 보이스피싱 막았다 충남 당진의 한 신협 지점장이 70대 고객을 구해냈는데, 고객은 보이스피싱 조직에 속아 2억원을 잃을 뻔했다. 지점장은 OTP 카드 발급 절차를 설명하고, 수상한 수신 전화 기록을 발견하여 피싱범을 적발시켰다. 경찰 확인 결과 고객은 피싱범으로부터 협박을 받고 있었으며, 지점장의 공로로 고객의 재산을 지켜 보이스피싱 피해를 막았다.",사회/세계
"""딱 한 번만 확인해보자"" 설득 끝에 70대 보이스피싱 2억 피해 막아 서해중앙신협 합덕지점장이 70대 노인의 보이스피싱 사기 피해를 막아준 사연이 전해졌다. 전 지점장은 A씨의 휴대전화기를 보며 신협 앱을 설치할 수 있게 도와주는 과정에서 금융감독원 등 수상한 수신 전화 기록을 포착했다. 보이스피싱 범죄를 막은 전미애 지점장에게 충남당진경찰서에서는 감사장을 수여했으며, A씨도 이후 신협을 다시 찾아 거듭 감사 인사를 전한 것으로 전해졌다.",사회/세계
"박서진, 보청기 거부한 父 끝내 설득..숨겨진 사연 공개에 ‘먹먹’(‘... 한국어 뉴스 요약 전문가가 제공하는 뉴스 본문을 분석하여 가장 중요한 핵심 내용을 요약합니다. 본문 듣기를종료하고 검색 링크를 제공하며 일부는 미제공될 수 있습니다. 언론사 페이지로 이동해 볼 수 있는 개별 기사의 섹션 정보를 제공합니다.",문화/트렌드
"기후장관 ""가정용 시간대별 전기요금제 전국 확대 추진"" 이재명 대통령은 2026년 국가재정전략회의에서 가정용 전기요금제를 제주도부터 시작해 전국으로 확대할 계획을 밝혔다. 김성환 기후에너지환경부 장관은 저소득층 부담 완화 방안으로 바우처 지원 방안을 검토하고, 8000억원에서 1조원 미만 수준의 지원 규모를 제시했다. 이 대통령은 에너지 사용을 합리화하는 것은 국가적 과제인 만큼 속도를 내야 할 일이라며 예산 부담이 있더라도 지원 확대를 검토할 필요가 있다고 말했다.",정치
"김영훈 장관, 조선업 노사정 협의체 출범식... '상생' 강조 [TF사진관] 김영훈 고용노동부 장관이 조선업 노사정 협의체 발족식을 기념하여 '조선업 경쟁력은 현장에서 일하는 사람의 손끝에서 나온다'고 강조했다. 협의체는 지속 성장 생태계 구축, 청년 근속 지원, AI 활용 안전체계 구축 등을 논의할 계획이다. 김영훈 장관은 기업의 단기 이익을 넘어선 상생을 당부하며 '분배냐 투자냐의 낡은 이분법을 넘어 공정한 분배가 숙련공의 생산성 향상으로 이어져' 말했다.",경제|정치
"박홍근 기획처 장관 “내년 총지출 최소 800조...올해보다 10% 이상 늘릴... 박홍근 기획예산처 장관은 내년 국세 수입이 500조원에 달할 것과 총지출 규모를 올해 본예산보다 10% 늘려 800조원 플러스 알파로 역대 최대로 편성하겠다고 했다. 박 장관은 미래대응기금을 구상하여 세수 변동성을 완화하는 재정 안정화 장치로 활용할 계획이라고 했다. 박 장관은 내년도 50조원 규모의 재정 지출 구조조정을 추진하고, 모든 사업을 제로베이스에서 검토해 재량 지출 15%, 의무 지출 10%, 사업 폐지 10% 등 역대 최대 재정 지출 구조조정을 하겠다고 했다.",경제|정치
"기후장관 “신규 원전·SMR 공론화 통해 추진” 김성환 장관은 2026 국가재정전략회의서에서 신규 원전과 소형 모듈 원자로(SMR) 도입 여부를 전문가 의견과 국민 공론화 과정을 거쳐 12차 전력수급기본계획에 반영하겠다고 밝혔다. 김 장관은 용인과 호남 반도체 산단, 인공지능(AI) 데이터센터 등에서 전기 수요가 폭발적으로 늘어난다고 언급하며 이를 대응하기 위해 새로운 물그릇을 만들겠다고 했다. 김 장관은 가정용 전기 요금을 조정해야 하는 상황이라고 밝혔으며, 산업용 전기 요금 체계를 바꿔야 한다고 말했다.",정치|IT/과학
"[티조챗] ""안규백? 차라리 유승준 장관시켜라""…이런 국방장관 앞으로 ... 안규백 국방부 장관이 방위병 복무 당시 '탈영 의혹'으로 재점화된 논란이 있으며, 정부가 추진하는 육·해·공군 사관학교 통합 계획 등 국방 정책들까지 거센 반발에 직면하고 있다. 야권은 안 장관의 병역 의혹을 받는 사람이 국방개혁을 주도하는 것이 맞느냐며 공세를 이어가고 있으며, 국민동의청원에는 안 장관의 탄핵 요구가 31만 명을 넘어서는 등 의혹이 쉽게 가라앉지 않고 있다. 국방부는 '탈영 주장은 명백한 허위'라는 공식 입장을 밝히며 의혹 가라 앉히기에 나섰지만, 야권은 병적기록 공개를 요구하고 있으며, 국회 국민동의청원에는 안 장관의 탄핵 요구가 31만 명을 넘어서는 등 의혹이 쉽게 가라앉지 않고 있다.",정치
"배재고 야구부 불송치 가닥 “광주일고가 처벌 원치 않아” 서울경찰청은 배재고 야구부원들에 대한 모욕 혐의 수사에서 광주일고 측이 처벌을 원치 않는다는 의사를 밝혔다.  경찰은 이에 따라 '검찰 불송치'할 것이라고 밝혔다. 배재고는 지난달 29일 경기 중 광주일고 선수들에게 구호를 외쳤으며, 이에 대해 배재고 야구부원들이 광주일고 측을 모욕했다는 취지의 고발이 접수된 상태다.",사회/세계
"경찰, 배재고 수사 종결할 듯…“광주일고가 처벌 원치 않아” 서울 배재고등학교 야구부가 6일 광주제일고등학교를 찾아 사과를 하여 모욕 혐의 진정 사건이 처벌 없이 종결될 전망이다. 배재고등학교 측은 재심 청구 기간인 8일 해당 징계에 대해 재심 청구를 결정했으며, 대한야구소프트볼협회(KBSA)는 전국대회 출전 정지 6개월을 통보했다. 경찰은 사건을 공소권 없음으로 불송치할 것으로 보이며, 배재고 야구부원들에 대해 ‘검찰 불송치’로 가닥을 잡은 것으로 알려졌다.",사회/세계
"경찰, 배재고 선수들 불송치할 듯…""광주일고가 처벌 원치 않아"" 광주일고에 사과문 건네는 배재고가 경찰 수사 방향을 잡았다. 박정보 서울경찰청장은 피해자인 광주일고 측이 처벌을 원하지 않으면 처벌할 수 없다고 말했다. 광주일고 측이 진정 취소장을 제출하면 경찰은 '공소권 없음'으로 불송치 처분할 것으로 예상된다.",사회/세계
“얼마나 부자 돼야 만족하려나”…고영욱이 저격한 연예인의 정체 고영욱이 유재석과 신동엽을 겨냥한 듯한 글을 올렸다. 그는 KBS 2TV '불후의 명곡' 방송 화면을 캡처해,문화/트렌드
"최유정 ""연예계 있어도 괜찮은지 고민""…무속인 위로에 눈물 한국어 뉴스 요약 전문가가 제공하는 뉴스 본문을 분석하여 가장 중요한 핵심 내용을 요약합니다. 본문 듣기를종료하였습니다. 본문의 검색 링크는 AI 자동 인식으로 제공됩니다. 오분류 제보하기 개별 기사의 섹션 정보는 해당 언론사의 분류를 따르고 있습니다.",IT/과학
‘쥬라기 공원’ 샘 닐 혈액암 완치 후 별세…향년 78세 [IS해외연예] 한국어 뉴스 요약 전문가가 제공하는 본문 분석 결과입니다. 본문은 언론사 페이지의 링크를 포함하여 AI 자동 인식으로 검색할 수 있습니다. 해당 언론사는 분류를 따르며 페이지(아웃링크)로 이동할 수 있습니다.,IT/과학
"최유정, 눈물의 고민 고백 “멘탈 강하지 못해…연예계 계속해도 될까” 한국어 뉴스 요약 전문가가 제공하는 본문 분석 결과입니다. 본문은 언론사 페이지로 이동할 수 있는 링크를 포함하고 있습니다. 해당 언론사는 분류를 따르며, 각 기사의 섹션 정보는 해당 언론사의 분류를 따릅니다.",라이프
"최유정, 연예계 고민 토로하며 눈물 “멘탈 강하지 못 해” 한국어 뉴스 요약 전문가가 제공하는 본문 분석 결과입니다. 본문은 언론사 페이지로 이동할 수 있는 링크를 제공합니다. 해당 언론사는 분류를 따르며 페이지(아웃링크)로 이동할 수 있습니다.",라이프
"구윤철 ""2030년까지 청년 AI인재 20만·창업가 10만 양성"" 정부는 2030년까지 인공지능(AI)·반도체·녹색전환(GX) 분야 청년 전문인력을 20만명 이상 양성하고, 민간과 공공 부문에서 각각 10만개씩 모두 20만개의 청년 일자리를 만들기로 했다. 청년에게 우선 배정하는 신유형 공공임대주택을 공급하고 청년형 개인종합자산관리계좌(ISA)를 출시해 자산 형성도 지원한다. 정부는 주거 지원 확대, 퇴직연금 조기 도입, 가입 활성화 등을 통해 청년의 자산 격차를 줄이기 위해 노력하고 있다.",정치
"당정 ""3대 메가프로젝트 신속히…중동戰 후 경제전략 적극추진"" 더불어민주당과 정부는 올 하반기 3대 메가프로젝트를 속도감 있게 추진하는 데 역량을 모으기로 했다. 정부는 경제 리스크에 대한 통합 대응 체계를 구축하고 양극화 등 구조적 문제에 적극적으로 대응해 올해를 경제 대도약 원년으로 삼겠다고 했다. 정부는 3대 메가프로젝트를 신속하게 추진해 글로벌 초격차 성장 동력을 육성하겠다고 밝혔다.",정치
"""부산 이전 기관 부산은행 예치율 저조…지역순환경제 구축 난항"" 부산의 공공기관이 지역은행 대신 시중은행 위주로 거래하고 있어 지역 재투자가 이뤄지지 못하고 있는 것으로 나타났다. 부산경실련은 예치율 10%대로 시 산하 기관과 뚜렷한 격차를 보였다고 지적하며, 지방은행 거래의 법적 근거를 마련해야 한다고 제언했다. 부산경실련은 공공기관 경영평가에 지방은행 거래 실적을 반영해야 한다고 제언하고, 상생 협력 및 지역발전 항목에 지방은행 거래 규모에 따른 가점을 신설할 계획이다.",경제
"당정, 3대 메가프로젝트 등 경제성장전략 논의 ""메가특구법 연내 처리"" 2026 하반기 경제성장전략 당정협의에서 구윤철 부총리는 '경제 대도약 원년'으로 3대 메가프로젝트를 속도감 있게 추진하고 글로벌 초격차 성장동력을 육성하겠다고 밝혔다. 당정은 올해 하반기를 '대체불가 대한민국'으로 나아가기 위한 경제 대도약 원년으로 삼겠다고 약속하며, 물가와 환율 등 민생 리스크를 철저히 관리하고 양극화 등 구조적 문제 해결에 정책 역량을 집중하겠다고 했다. 구 부총리는 2026년을 경제 대도약 원년으로 완성하기 위해 중동전쟁 이후 경제전략, 잠재성장률 반등을 위한 경제전략, 양극화 등 구조적 문제 대응을 위한 경제전략 등을 중심으로 하반기 경제성장 전략을 마련했다고 밝혔다.",사회/세계
"광양대전환 시민보고회 15일 개최…재정·경제 상황 설명 광양시는 15일 '민선9기 광양대전환 미래비전과 비상경제 시민보고회'를 개최하여 시정 운영 방향을 설명하고 위기 극복을 위한 대응 방향을 제시할 계획입니다. 시는 재정·경제 여건 악화를 진단하고 재정혁신을 추진하며, 지역경제 회복을 위한 대응 방향을 설명할 것입니다. 민선9기 5대 대전환 전략은 △경제대전환 △산업대전환 △행정대전환 △생활SOC대전환 △AI첨단도시대전환으로, 시는 새로운 미래비전을 제시하고 있습니다.",사회/세계
"[단독] 경기도자원봉사센터 무더기 징계 의결 전 ‘인사위원 증원’ 논... 경기자원봉사센터가 직원 11명을 징계한 가운데 인사위원회 구성 및 진행 과정을 둘러싼 논란이 벌어지고 있다. 징계 의결을 위한 인사위원회 운영과 관련, 기존 위원 정수의 절반 이상 추가 위원이 징계 의결을 앞두고 갑작스럽게 이뤄진 데다 일부 위원들이 회의 내용과 운영 방식 등을 놓고 이의를 제기한 사실이 알려지면서다. 징계 대상자들은 센터측의 징계 처분이 '이사장과 센터장을 상대로 한 직장내 괴롭힘 신고'에 따른 보복성 징계라고 주장하고 있다.",정치
"경기일자리재단, ‘데이터로 보는 시군’ 발간 경기일자리재단이 '데이터로 보는 시군'을 발간하여 도내 31개 시군의 인구·산업·일자리 변화를 확인할 수 있도록 했다. 보고서는 총 33개 주요 통계 지표를 종합 분석하여 지역 경제 구조를 살필 수 있는 유용한 지표를 구성했다. 시군별 읍면동 현황을 지도 형태로 구현해 거주지 외 통근 패턴, 행정구역별 인구 밀집도 등 지역별 특성을 직관적으로 확인할 수 있다.",사회/세계
"3분기 유통 경기전망 반등…""외국인 관광객·휴가철 효과"" 대한상의 소매유통업 경기전망지수 92, 전분기 대비 12p↑으로 회복세를 보였다. 외국인 관광객 지출 금액이 역대 최대인 1조3천억원을 넘어선 것으로 집계된 9일 서울 중구 명동거리가 인파로 북적이고 있다. 2026년 3분기 소매유통업 경기전망지수(RBSI)가 92로 집계됐으며, 이에 대한상의는 '호전'으로 전망한 업체들이 '여름 휴가철 및 명절 등 수요 증가'를 주요 배경으로 꼽았다.",경제
"반도체 경기 따라 세수 널뛰기…임광현 ""미래대응기금 꼭 필요"" 임광현 국세청장이 '미래대응기금' 조성을 제시하여 세수 포트폴리오 다변화와 산업 경쟁력 강화를 위해 추가세수를 활용할 필요성을 제기했다. 국세청장은 반도체 호황으로 인한 초과세수의 활용 방안으로 미래대응기금을 조성하고, 이를 통해 재정의 지속가능성과 내일의 경쟁력을 동시에 확보할 수 있을 것으로 기대한다. 임광현 국세청장은 세수 포트폴리오 다변화 측면에서 새로운 전략산업을 적극 투자 육성해야 한다고 강조하며, 이를 통해 미래 성장동력을 확보하고 산업구조를 다변화할 수 있을 것으로 기대한다.",경제|IT/과학
"김용범 ""성장률 반등, 단순 경기 회복 아닌 추세 변화 초입"" 김용범 정책실장은 한국 경제의 성장률 반등 흐름을 '단순한 경기 회복이 아니라 장기 추세 자체가 달라지고 있음을 보여주는 초기 국면'이라고 말했다. 2025년은 한국 경제의 장기 추세선이 방향을 바꾸기 시작한 해로 기억될 가능성이 충분하다 자본시장 개혁은 단순히 주가를 올리는 정책이 아니라 생산의 성과를 국민경제 전체로 퍼뜨리려는 성장 메커니즘의 일부",경제
"""尹 처벌 불가피"" 징역 2년‥명태균도 유죄 '법정구속' 서울중앙지법 형사합의33부 이진관 부장판사는 윤 전 대통령에게 징역 2년을 선고하고, 1천390만여 원을 추징했다. 윤석열 부부가 공모해 명 씨로부터 제공받은 여론조사 가운데 14차례의 무상 수수에 대해 유죄를 인정하고, 그 대가로 명 씨에게 김영선 전 의원의 공천을 약속했다. 재판부는 '여론조사는 유권자의 표심에 영향을 미칠 수 있는 것으로, 이에 대한 신뢰성은 민주주의에서 중요한 기초'라며 '여론을 왜곡할 수 있고 선거 전체의 공정성을 저해한다'고 질타했다.",정치
"장윤기 ""여고생 강간 등 살인 공소사실 모두 인정""(종합) 장윤기(23)가 일면식도 없는 여고생을 살해한 혐의를 받는 가운데, 그는 법정에서 성폭행 목적으로 접근했다가 저항하자 살해했다는 검찰 공소사실을 처음으로 모두 시인했다. 검찰은 장윤기의 이양에 대한 범행 장면이 담긴 블랙박스 영상 등 추가 증거를 제시하여 '강간 등 살인' 혐의로 기소한 것 같다. 장윤기가 성범죄 고의를 인정하면서 경찰 초동 수사 부실 논란은 더욱 거세질 전망이다.",사회/세계
"[속보]장윤기, 강간 등 살인 혐의 공소사실 인정 검찰은 리얼돌 감식 결과와 차량 감식 영상 등을 추가로 제출하여 장윤기 2차 공판을 열었다. 재판부는 차량 관련 증거 조사가 늦어지는 것은 바람직하지 않아 오는 23일과 27일 가운데 하루를 정해 증거조사와 증인신문을 진행하는 방안을 검토하기로 했다. 장윤기는 강간 등 살인 혐의로 기소된 공소사실을 인정하고, 재판부는 이를 토대로 심리를 이어갔다.",사회/세계
"장윤기 성범죄 자백, 책임 더 커진 경찰 '부실 수사' 경찰이 놓친 단서 모두 '강간살인' 결정적 증거들 장윤기는 13일 광주지법 형사13부 심리로 열린 자신의 '강간살인' 등 혐의 2차 공판에서 검찰 측 공소사실을 전부 시인했다. 경찰은 형량 하한선이 징역 5년인 '일반 살인죄'로 장윤기를 검찰에 송치했으며, 경찰 윗선에 대한 유착 의혹 수사에 어떤 영향을 미칠지도 주목된다.",사회/세계
"[속보] ‘여고생 살해’ 장윤기, 법정서 강간 목적 범행 인정 장윤기씨가 여고생 살인 사건의 피의자로 검찰에 송치됐다. 장윤기는 공소사실을 인정해 성폭력범죄의 처벌에 관한 특례법상 강간 등 살인 혐의를 받게 되었다. 이 사건은 경찰 조직에 대한 불신을 초래하고, 수사팀의 증거 인멸 및 수사 기밀 유출 등의 의혹이 제기된다.",사회/세계
"[속보] 장윤기, '강간 목적 살인' 혐의에 ""공소사실 모두 인정"" 장윤기(23) 씨가 '여고생 살해 사건'의 범행 목적이 성범죄였음을 공식적으로 인정했다. 광주지법 형사13부는 장윤기에 대한 2차 공판을 진행하고, 검찰은 추가 증거를 신청하겠다고 밝혔다. 장윤기는 '강간 등 살인' 혐의를 공식적으로 인정한 것은 사건 당일인 지난 5월 5일 경찰에 체포된 이후 처음이다.",사회/세계
"'安장관 군무이탈' 주장에‥국방부 ""85년 소집해제·재소집 모두 기록"" 안규백 국방부 장관은 방위병 복무 시절 군무이탈 의혹을 부인하며, 1985년 소집해제 일자와 재소집·소집해제 일자가 세부 병적기록에 모두 기록돼 있다고 주장합니다. 국방부는 안 장관의 탈영 의혹을 '명백한 허위'라며, 40년 전 잘못된 기록을 공개하면 오해만 더 키울 것이어서 비공개한 것이라고 밝혔습니다. 안 장관이 국방장관 신분으로 병적기록 정정 청구를 한다면 또 다른 논란이 제기될 수 있으며, 장관 임기가 끝난 뒤 이같은 기록 오류에 대해 정정을 청구할 계획입니다.",정치
"광주일고 ""처벌 원치 않아""…배재고 야구부 불송치 북구 국립 5·18 민주묘지에서 광주제일고등학교·배재고등학교 야구부 학생들이 참배하고 있다. 박정보 서울경찰청장은 배재고 야구부원들의 모욕 혐의 수사와 관련해 '피해자가 처벌을 원치 않으면 처벌할 수 없는 범죄이기 때문에 그렇게 정리가 될 거 같다'며 '진정을 제기한 본인이 진정 취소장을 제출하겠다는 의사를 밝혔다'. 모욕죄는 피해자의 고소가 있어야 처벌할 수 있는 친고죄로, 피해자가 진정을 취소하면 경찰은 '공소권 없음'으로 사건을 검찰에 송치하지 않고 불송치 처분할 예정이다.",사회/세계
"[2보] '명태균 여론조사 수수' 尹 징역2년…김건희 '무죄'와 충돌 윤석열 전 대통령이 14차례 여론조사를 무상으로 받은 혐의로 기소되어 징역 2년에 추징금 1천396만여원을 선고받았다. 명태균씨는 법정에서 구속됐으며, 윤 전 대통령 부부와 명씨 사이 여론조사 제공에 관해 순차적·암묵적인 의사 합치가 있었다. 윤석열 전 대통령은 배우자 김건희 여사와 공모해 2천792만여원 상당의 재산상 이익을 얻었다는 혐의사실이 인정됐다.",정치
"'공짜 여론조사' 윤석열 징역2년…김건희 '무죄'와 충돌 윤 전 대통령이 2천800만원의 이익을 받은 혐의로 실형을 선고받았다. 명태균씨가 윤 전 대통령 부부에게 여론조사를 무상으로 제공한 혐의를 인정하고, 윤 전 대통령이 이를 통해 2천792만여원의 재산상 이익을 얻었다. 윤 전 대통령과 명태균씨는 여론조사 제공에 관해 순차적·암묵적인 의사 합치가 있었다고 판결됐다.",정치
"호르무즈 충돌 격화…美 연쇄 공습에 이란 보복 타격, 확전 우려(종합2... 도널드 트럼프 미국 행정부가 이란의 호르무즈 해협 통과 상선 공격을 문제 삼으며 해협 일대에 연쇄 폭격을 가했다. 이란 정권은 바레인, 요르단 등 걸프 각국의 미군 기지에 보복 공격을 가했다고 밝혔다. 미국 중부사령부(CENTCOM)는 추가 공습을 개시하며 이란의 호르무즈 해협 통항 상선 공격 능력을 약화시키기 위해 수십 개 표적을 정밀 유도무기로 타격했다.",사회/세계
"종전 합의 25일 만에 깨졌다…미·이란 다시 전면 충돌 미국이 호르무즈 해협에서 이란을 겨냥해 네번째 공습을 단행하고, 이란도 걸프 지역 미군 기지를 향해 미사일과 드론 공격에 나서며 맞대응했다. 호르무즈 해협 통제권 문제를 둘러싸고 양국의 갈등이 호르무즈 해협에서 군사 충돌로 확산되는 양상이다. 미국은 이란의 해상 공격 능력을 약화시키고 국제 상선의 자유로운 항행을 보장하기 위한 조치라고 강조하며, 이란도 추가 보복 가능성을 경고하고 있다.",사회/세계
영광 송이도 반값으로 즐긴다…섬 관광 활성화 시동 전남 영광군이 8월29일부터 '2026 전남 섬 반값여행' 사업을 시작해 관광객의 여행 비용 부담을 줄이고 지역 내 체류를 늘리기 위한 것이다. 송이도 해수욕장과 가마미 해수욕장이 8월17일까지 순차 개장하여 관광객들이 안전하고 편안하게 머물 수 있도록 준비에 최선을 다하겠다. 참여 관광객은 'JN TOUR' 앱을 통해 신청한 뒤 여행 종료 후 정산 절차를 거쳐 모바일 영광사랑상품권으로 환급받을 수 있다.,라이프
"KT, 챗GPT 등 '생성AI 6종' 구독료 최대 반값 할인...휴대폰 결제 시 KT는 7월에 '모든 구독 50% 할인' 이벤트를 진행하여 구글플레이 스토어 구독 상품 결제 가입자에게 구독료를 최대 50% 할인하는 방식으로 할인을 적용할 것이다. 이벤트 대상은 생성형 AI 서비스 6종과 유튜브 프리미엄, 구글원, 카카오톡 톡서랍플러스 등이며, KT 콘텐츠페이 홈페이지에서 응모하면 결제 금액의 50%, 최대 5000원을 청구 할인 받을 수 있다. KT는 생성형 AI 서비스 이용이 늘어나는 점을 고려해 AI 6종 결제 가입자에겐 50%할인에 더해 5000원을 추가 할인하며, 신규·재이용 가입자 모두 다양한 구독 서비스를 경험할 수 있도록 했다.",IT/과학
"영광 송이도 반값여행…최대 10만원까지 환급 전남 영광군은 13일부터 낙월면 송이도 관광객을 대상으로 전남 섬 반값 여행 사업을 추진한다. 사업에서는 운임·숙박비·식비 등 여행경비의 절반을 1인당 최대 10만원까지 모바일 지역화폐로 환급해 준다. 관광객은 'JN TOUR' 앱을 통해 신청하고, '영광 쉼표 여행' 앱에서 안내를 받을 수 있다.",라이프
챗GPT 최대 반값 할인…'KT 콘텐츠페이'로 결제 시 청구할인 혜택 KT는 7월 한 달간 구글플레이 스토어에서 구독 상품을 결제하는 고객에게 최대 50% 할인 혜택을 제공한다. 이벤트 참여를 원하는 고객은 KT 콘텐츠페이 홈페이지에서 '모든 구독 50% 할인' 이벤트에 응모하면 결제 금액의 50%(최대 5000원)를 청구할인 받을 수 있다. KT는 최근 이용자가 급증하고 있는 생성형 AI 서비스 6종 결제 고객에게 50% 할인 혜택에 더해 5000원의 추가 할인 혜택을 제공한다.,라이프
"울산 김상욱의 '반값 선거비' 울산시장 김상욱은 지난달 지방선거에서 법정 선거비용 제한액의 64.1%만 쓰고도 당선된 것으로 나타났다. 김 시장은 울산시장 선거비용 상한액인 6억896만원 중 3억9027만원을 썼다. 김 후보는 유세차량 관련 비용으로만 1억원 이상을 지출했지만, 김 시장은 차량 6대를 빌려 홍보 차량에 4300만원 선에서 방어했다.",사회/세계
"'쥬라기 공원 그랜트 박사' 샘 닐 별세…향년 78세 샘 닐이 78세의 나이에 시드니에서 세상을 떠났다. 유족은 그의 죽음은 갑작스럽고 예상치 못한 일이었지만, 암이 재발하지 않았다는 점은 위안이라고 밝혔다. 닐은 영화계 공로를 인정받아 2022년 뉴질랜드 공로훈장 기사동반자 작위를 받았으며, 4명 자녀와 8명의 손주가 있다.",문화/트렌드|사회/세계
"'쥬라기 공원' 그랜트 박사님 배우 샘 닐, 호주서 78세로 별세 뉴질랜드 출신 세계적 배우 샘 닐이 78세로 별세했다. 닐은 4년 전 혈액암 진단받고 투병 끝나지만 갑작스럽게 숨져갔다. 그는 50년가량 배우로 활동하면서 '쥬라기 공원' 등 세계적으로 인기를 얻은 영화와 TV 드라마 150편에 출연했다.",문화/트렌드|사회/세계
"“암세포 하나도 없다”…완치판정 좋아했는데, 쥬라기공원 박사 별세 샘 닐, 1992년 영화 '쥬라기 공원'에서 알란 그랜트 박사 역을 맡은 뉴진랜드 출신 배우가 13일 세상을 떠났다. 그는 5년간의 투병 끝에 혈액암 완치 판정을 받았으며, 자신의 치료 과정을 털어놓았다. 샘 닐은 암이 완치됐지만 갑작스럽고 예상치 못한 죽음으로 세상을 떠났다.",문화/트렌드
구윤철 “물가·환율 리스크 철저관리…주택공급도 확대 나설것” 구윤철 부총리는 하반기 경제성장전략을 마련하여 중동 전쟁 이후의 전략을 적극 추진하겠다고 밝혔다. 경제 운영에 총력을 다할 것으로 2026년을 경제 대도약 원년으로 완성하기 위해 3대 분야 6대 과제 중심으로 하반기 경제성장전략을 마련하겠다. 구 부총리는 양극화 등 구조적 문제에도 적극 대응해 나가겠다고 밝혔다.,경제
"[현장]""언제 다시 열어요?""…홈플러스 기습 휴업에 '혼란' 홈플러스가 13일부터 본사와 대형마트 매장 영업을 임시 중단, 운영자금 고갈과 시설 유지, 관리 어려움으로 인한 조치다. 쇼핑몰 부문은 입점 점주가 희망할 경우 정상 영업한다고 밝혔다. 홈플러스는 20일까지 운영자금 확보 상황과 법원의 판단을 지켜본 뒤 영업 재개 여부를 결정할 계획이다.",경제
"""할인 행사로 버텼지만""...홈플러스 결국 임시 휴업 홈플러스가 전국 대형마트 매장을 임시 중단, 운영자금이 모두 고갈돼 상품 대금 지급도 어려워졌습니다. 소비자들은 발길을 돌려야 했으며, 일부 매장에서는 할인 행사까지 진행해 재고를 처분하고자 했습니다. 오는 20일까지 상황과 법원의 최종 결정을 지켜본 뒤 영업 재개 여부를 결정할 계획입니다.",경제
"홈플러스, 오늘부터 대형마트 임시 휴업한다 홈플러스가 13일 대형 마트 임시 휴업을 결정, 운영 자금 고갈과 시설 유지·관리 어려움으로 인한 조치다. 회사는 마지막까지 포기하지 않고 회생을 이어갈 방법을 찾을 것, 비록 회사 자체적으로 해결할 방법이 없지만 수많은 이해관계자의 지지와 협력을 바탕으로 해결 방안을 찾기 위해 최선을 다하겠다. 이달 20일까지 홈플러스가 2000억원을 확보할 경우 항고가 가능하지만, 유통 업계에서는 최대 주주와 채권자 간의 입장 차를 좁히지 못해 이 가능성이 낮다고 보고 있다.",경제
"홈플러스 오늘부터 임시 휴업…다음 주까지 파산 기로 홈플러스가 오늘부터 임시 휴업을 시작하여 정상적인 운영이 불가능한 상태입니다. 운영자금 부족으로 상품 대금 지급이 불가능하고, 물류센터도 중단하여 각 매장 물품 공급이 끊어졌습니다. 회생 여부는 오는 20일까지 긴급 운영자금 2천억 원을 마련할 수 있는지에 달렸으며, 실패하면 사실상 파산절차에 들어가게 됩니다.",경제
"김윤덕 국토장관 “호남 반도체산단 신속 조성…산단 지정 1개월 내 추... 김윤덕 국토교통부 장관이 호남 반도체 첨단산업단지 조성을 위한 지원 방안을 제시했다. 국토부는 공공기관 예비타당성조사 면제를 추진하고 인허가 절차도 패스트트랙으로 진행할 방침이다. 호남권 반도체 국가산단은 산업과 혁신, 정주 기능을 교통 인프라로 연결한 '기업형 첨단도시'로 조성된다.",경제|IT/과학|정치
"경찰, 배재고 야구부 불송치 가닥…""광주일고가 처벌 원치 않아"" 스타벅스 수사가 진행 중으로, 배재고등학교 야구부원들이 모욕 혐의를 받게 되었다. 서소문 고가차도 붕괴 사고가 나서 40시간에 걸친 완전 철거 작업이 들어갈 예정이다. 방시혁 하이브 의장에 대한 사기적 부정거래 혐의 수사는 진행 중으로, 보완수사가 마무리되면 신병처리 여부에 대해 판단하겠다.",사회/세계
"트럼프의 호르무즈 합의 '역풍'…이란에 해협 통제 명분 줬나 트럼프 대통령이 호르무즈 해협 재개방을 선언했지만, 이란의 해협 통제권 주장을 강화하는 결과를 낳았다는 비판이 나오고 있다. 미국과 이란 간 기본 합의가 새로운 갈등의 씨앗이 됐다는 지적이 나온다. 트럼프 대통령은 호르무즈 해협 재개방을 의미한다고 평가하며 '전 세계 선박들이여, 엔진을 가동하라! 석유가 흐르게 하라!'고 밝혔다. 호르무즈 해협을 둘러싼 갈등은 단순한 항로 문제가 아니라, 중동에서 이란의 영향력 확대와 미국의 해상 통제권 유지가 충돌하는 새로운 전략 경쟁으로 번지고 있다.",사회/세계
"美 ""이란, 호르무즈 통제하지않아…미군이 항행자유 보장 대비""(종합) 미군은 호르무즈 해협에서 민간 선박 통항이 자유롭게 이뤄지도록 대비하고 있으며, 이란의 공격 등에 불구하고 항행의 자유가 보장될 수 있도록 배치돼 있다. 중부사령부는 이란이 호르무즈 해협을 통제하지 않는다고 밝혔으며, 실제로 800척 이상의 선박과 4억 배럴 이상의 원유가 해협을 통과하도록 지원했다. 이란 PGSA는 최근에 출범시킨 페르시아만해협청으로 호르무즈 해협 통항이 현재 불가능하다고 재반박했으며, 상황이 안정되고 평온해지는 대로 모든 신청 건을 검토해 일정에 따라 필요한 허가를 발급할 예정이다.",사회/세계
"미군 “호르무즈 해협 열려있다···이란 통제권 없어” 미군 CENTCOM은 호르무즈 해협이 모든 선박에 개방돼 있다고 밝혔다. 미국 중부사령부(CENTCOM)는 이란의 부당한 공격과 위협, 괴롭힘, 임의적 선언에도 불구하고 항행의 자유를 보장하기 위해 배치됐다. 호르무즈 해협은 여전히 국제 수로로 이란이 통제하지 않는다.",사회/세계
미국·이란 충돌 격화…호르무즈 통제권 건 이란의 ‘위험한 승부수’ 미국과 이란이 호르무즈해협의 통제권을 둘러싸고 공습과 보복을 주고받으면서 전면전 재발 가능성이 커지고 있다. 양측은 휴전 협상을 중재해 온 카타르와 UAE까지 포함되면서 충돌의 범위가 한층 넓어졌다. 미국과 이란이 고위급 대화는 전면 중단된 상태로 접점이 없는 대치에 빠진 양측은 외교적 타협이 쉽지 않을 것이라는 분석이 지배적이다.,사회/세계
"트럼프 ""호르무즈 열려 있다""…美, 이란 해협 통제 거점 공습 트럼프 대통령은 호르무즈 해협이 열려 있다고 주장하지만, 실제로는 선박 운항이 급감하고 이란이 통제권을 포기하지 않는다. 미국과 이란의 대립이 장기화할 경우 국제유가와 금융시장의 변동성도 더욱 커질 전망이다. 호르무즈 해협은 전쟁 이전 전 세계 원유와 액화천연가스의 약 20%가 통과하던 핵심 에너지 수송로다.",사회/세계
"[단독]강호필, 국회의 계엄 해제 의결 전에 참모에게 “2사단 출동 가능... 강호필 전 육군 지상작전사령관이 '내란 가담 의혹'과 관련해 구속 전 피의자 심문(영장실질심사)을 받고 있다. 특검은 강 전 사령관이 계엄군을 지휘한 김용현 당시 국방부 장관의 지시로 이를 검토한 것으로 의심한다. 강 전 사령관은 12·3 내란 당시 계엄에 가담하려 한 정황이 나온 것은 이번이 처음으로, 특검은 이를 중대하다고 강조했다.",정치
"[오늘의 국회일정] (13일, 월) 국회는 2025.4.8일 국회의사당에서 의원실 세미나를 열어 공공기관 개혁의 전략과 방향을 논의했다. 의원들은 다양한 주제에 대한 토론회를 열어 AI가 삼킨 일자리?, 교권과 촉법소년 제도 개선 과제, 형사소송법 등에 대해 논의했다. 이날 국회는 의원실 세미나와 기자회견을 통해 공공기관 개혁, 일자리 문제, 형사소송법 등 다양한 주제를 다뤘다.",정치
"'반쪽 국회' 언제까지...이번 주 제헌절이 분수령 국민의힘이 국회 일정 '전면 보이콧'을 유지하면서, 후반기 국회는 2주째 반쪽으로 운영되고 있습니다. 민주당이 단독으로 상임위 11곳 위원장 선출을 강행하자, 국민의힘은 2주째 국회 일정을 거부하고 있습니다. 제헌절이 반쪽 국회 장기화 여부의 분수령이 될 전망입니다.",정치
"[단독] 정청래, 오늘 국회에서 당대표 연임 도전 공식화 정청래 더불어민주당 전 대표가 13일 국회에서 당권 연임 도전을 공식화했다. 정 전 대표는 이날 오후 국회 기자회견장에서 8월 전당대회 출마를 선언하고, 민주당 정신을 계승하겠다는 의지를 강조했다. 정 전 대표는 경쟁자인 김 전 총리의 탈당 전력 등을 부각해 당심에서 우위를 점하려는 전략으로 풀이된다.",정치
"조선업 첫 노사정 대화협의체 출범…양대 노총 모두 참여 산업·고용부는 '조선업 노사정 협의체'를 발족시키고, 정부와 노동계, 경영계가 서로 의견을 모아 조선업의 지속 가능한 성장 기반을 마련하기 위함이다. 이번 협의체는 노동계와 한국조선해양플랜트협회, HD현대중공업·삼성중공업·한화오션 등 주요 조선사가 참여하고, 실무협의체에서는 △조선업 지속 성장 생태계 구축 △청년 조기 입직 및 장기근속 지원 △노사 협의를 통한 인공지능(AI) 기반 사업장 안전체계 구축 등을 중심으로 현장의 의견을 수렴해 구체적인 정책 과제를 논의할 예정이다. 협의체는 일회성이 아닌 상설 협의체로 운영되며, 합의된 과제는 단계적으로 추진하고 입법이나 예산이 필요한 사안은 국회와 협력해 추진할 계획이다.",경제|IT/과학
"국토장관 ""호남 반도체산단 조성, 기업 시간표에 맞출 것"" 김윤덕 국토교통부 장관은 반도체 첨단산업단지 조성 기간을 10년 이상에서 1개월 내로 단축할 계획이다. 국토부는 호남권 반도체 국가산단을 '기업형 첨단도시'로 조성할 계획으로, 수도권인 용인 반도체 국가산단 조성에도 속도를 낼 계획이다. 김 장관은 기업 투자계획에 맞춰 단축 방안을 긴밀히 논의하고, 협의 보상과 수용재결 절차를 병행하며 연내 반드시 토지 보상을 마무리하고 공사에 착수하겠다.",경제|IT/과학|정치
"트럼프, ‘정치적 우군’ 린지 그레이엄 별세 직전 통화 “피곤한 것 빼... 트럼프 대통령은 린지 그레이엄 상원의원과 마지막으로 통화했으며, 그에게 '가족과도 같은 존재였다'고 표현했다. 그레이엄 의원은 11일 저녁 짧고 갑작스러운 질병으로 숨졌으며, 트럼프 대통령은 그를 '무언가를 얻고 싶어 하거나 자신이 옳다고 생각하고 반대하는 사람들이 있을 때는 실제로 매우 강경한 태도를 보이기도 했다'고 말했다. 트럼프 대통령은 린지 그레이엄 상원의원에 대한 추모를 표하며, '그는 정말 훌륭한 지지자였다. 그와 같은 사람을 어떻게 찾을 수 있을지 모르겠다'고 말했다.",문화/트렌드
"'성남 교제살인' 피의자 스토킹 사건도 정식 재판 50대 남성 A씨가 옛 연인을 스토킹한 혐의로 약식기소됐다가, 살해한 혐의를 받는 사건이 정식 재판에 넘겨졌다. A씨는 4년간 교제하다 헤어진 60대 여성 B씨를 흉기로 찔러 살해한 혐의를 받으며, 경찰은 불구속 송치하고 검찰은 살인 사건을 기소했다. 법원은 사안의 심각성을 고려해 기존 스토킹 사건을 정식 재판에서 다루기로 결정했으며, 향후 살인 등 혐의로 추가 기소될 경우 기존 스토킹 사건과 병합돼 심리가 이뤄질 가능성도 있다.",사회/세계
"""좀비영화 한 장면인 줄""…휴업 전 홈플러스의 마지막 주말 풍경 홈플러스 방학점이 13일 임시휴업을 공식 발표해 기습으로 대형마트의 폐업을 공식화했다. 임시휴업은 운영자금 고갈과 시설 유지, 관리 어려움으로 대형마트가 정상적으로 운영할 수 없다는 판단에 따라 내린 결정이었다. 이러한 상황에서 홈플러스 방학점 풍경은 분위기가 무거웠으며, 고객들은 혼란스러워하고 직원들도 출근한 뒤에야 이 사실을 알게 돼 당혹해하는 모습이 곳곳에서 전해졌다.",경제
"FIFA 회장 ""월드컵 64개국 확대 검토"" FIFA 회장은 2030년 월드컵부터 본선 진출국을 64개국으로 대폭 확대하는 방안을 추진할 것이라고 밝혔다. 이번 북중미 대회가 끝나면 관련 위원회를 통해 64개국 체제 월드컵의 가능성을 확실히 논의할 것",문화/트렌드
"[월드컵] FIFA 인판티노 회장 ""이번 대회 끝나고 64개국 확대 방안 논의... FIFA 회장은 2030년 월드컵부터 출전국을 64개국으로 대폭 늘리는 방안을 본격적으로 검토하겠다고 밝혔다. 월드컵은 전 세계를 위한 대회여야 하며, 모든 국가가 참가의 꿈을 꿀 수 있어야 한다 64개국 체제 월드컵이면 총 128경기가 치러지게 되며, 32개국 체제 때보다 2배가 늘어나는 수치다",문화/트렌드
"FIFA 인판티노 회장 ""이번 대회 후 월드컵 64개국 참가 확대 방안 논의"" FIFA 회장은 2030년 월드컵부터 출전국을 64개국으로 대폭 늘리는 방안을 본격적으로 검토하겠다고 밝혔다. 인판티노 회장은 모든 국가가 월드컵 참가의 꿈을 꿀 수 있어야 한다고 강조하며, 작은 국가들이 월드컵 참가 기회를 얻지 못하면 발전을 위한 동기부여를 잃게 된다 월드컵 본선 참가국이 64개국으로 늘면 총 128경기가 치러지게 되며, 32개국 체제 때보다 2배가 늘어나는 수치다",문화/트렌드
인판티노 FIFA 회장 “월드컵 출전국 64개국으로 확대 방안 논의” FIFA 회장은 2030년 월드컵부터 출전국을 64개국으로 늘리는 방안을 검토하겠다고 밝혔다. 월드컵은 유럽과 남미뿐만 아니라 사실상 전 세계를 위한 것이어야 한다. 모든 국가가 월드컵 참가의 꿈을 꿀 수 있어야 한다 월드컵 본선 참가국이 64개국으로 늘면 총 128경기가 치러진다.,문화/트렌드
"'64개국 월드컵' 시대 열리나…FIFA 회장 ""이번 대회 끝나고 본격 논의"" FIFA 회장 잔니 인판티노가 2030년 월드컵부터 출전국을 64개국으로 대폭 늘리는 방안을 본격적으로 검토하겠다고 밝혔다. 인판티노 회장은 모든 국가가 월드컵 참가의 꿈을 꿀 수 있어야 한다고 강조하며, 작은 국가들이 월드컵 참가 기회를 얻지 못하면 발전을 위한 동기부여를 잃게 된다 월드컵 본선 참가국이 64개국으로 늘면 총 128경기가 치러지게 되며, 이는 32개국 체제 때보다 2배가 늘어나는 수치",문화/트렌드
"유해란 메이저 2연승한 날, 김주형도 PGA서 웃었다 한국 골프가 PGA·LPGA 투어에서 동반 우승한 건 5년 만에 다시 나타났다. 유해란이 에비앙 챔피언십 우승을 이뤄냈으며, 김주형은 스코틀랜드에서 PGA 투어 우승컵을 들었다. 유해란은 LPGA 투어 메이저 대회 에비앙 챔피언십에서 연장 끝에 우승을 이뤄냈다. 최종 4라운드에서 버디 1개와 보기 1개를 맞바꿔 이븐파 71타를 기록했다. 김주형은 PGA 투어에서 2년 9개월 만에 우승을 추가했다. 13일 스코틀랜드 르네상스 클럽(파70)에서 열린 제네시스 스코티시 오픈 4라운드에서 버디만 6개 잡아냈다.",문화/트렌드
"유해란, LPGA 에비앙 챔피언십 우승…2회 연속 메이저 제패(종합) 유해란이 2회 연속 미국여자프로골프(LPGA) 투어 메이저 대회를 제패하며 새 메이저 퀸의 탄생을 알렸다. 헨더슨과 연장 접전 끝에 승리한 유해란은 우승 상금 140만 달러(약 21억원)를 받았다. 유해란은 이 대회가 메이저 대회로 승격된 2013년 이후 김효주, 전인지, 고진영에 이어 우승한 네 번째 한국 선수로 기록됐다.",문화/트렌드
“유해란은 쉬지 않는다” 복통에도 퍼터 잡아…‘메이저퀸’ 뒤엔 무수... 유해란이 12일 프랑스 에비앙 리조트 골프클럽에서 열린 미국여자프로골프(LPGA) 메이저 대회 아문디 에비アン 챔피언십 정상에 올라 트로피를 들었다. 유해란은 최종 합계 19언더파 265타로 브룩 헨더슨과 동타를 이뤄 연장 끝에 우승을 차지했다. 유해란은 쉬지 않는다.'메이저 여왕' 유해란의 탄생에는 무수한 땀방울이 있었다.,문화/트렌드
"유해란, 에비앙 챔피언십 정상…메이저대회 2연속 우승 유해란이 미국여자프로골프(LPGA) 투어 메이저 대회에서 2회 연속 우승했습니다. 유해란은 72홀 합계 19언더파 265타 동타인 캐나다 브룩 헨더슨과 연장전 접전을 벌인 끝에 버디를 잡아 파에 그친 헨더슨을 따돌렸습니다. 한국 선수가 한 시즌에 메이저 대회 2승 이상을 기록한 건 2019년 고진영 이후 7년 만입니다.",문화/트렌드
"신네르, 츠베레프 꺾고 윔블던 2연패…메이저 5승째 네이버스포츠가 언론사 분류와 기술 기반의 자동 분류 시스템을 사용하여 스포츠 기사 섹션 정보를 제공합니다. 오분류 제보는 네이버스포츠로 제보할 수 있습니다. 언론사 페이지(아웃링크)로 이동해 볼 수도 있습니다.",문화/트렌드
"[속보]박홍근 예산처 장관 “내년 예산 800조원대로”···올해보다 10%... 박홍근 기획예산처 장관은 2027년 예산안을 발표하여 내년도 총지출을 올해 본예산보다 10% 이상 늘린 800조원 플러스알파 규모로 편성하겠다고 밝혔다. 정부는 재정투자를 반도체, AI 데이터센터, 피지컬 AI 등 ‘3대 메가 프로젝트’에 우선 배분하고, 지방 주도 성장과 양극화 구조 개선을 위한 ‘모두의 성장’, 국민 안전과 평화 기반 구축에도 집중할 방침이다. 박 장관은 내년 국세수입은 500조원 이상이 될 것으로 전망하며, 세수 증가분은 미래대응기금에 적립해 중장기 투자 재원으로 활용할 계획이라고 말했다.",경제|IT/과학|정치
카트로 출입구 막은 홈플러스…직원들 “출근 뒤 휴업 통보 받아” 홈플러스가 대형마트 임시 휴업을 시작해 시민들의 혼란을 부추겼다. 직원들도 출근한 뒤에야 사실을 파악한 것으로 알려졌다. 민주노총 서비스연맹 마트산업노조 홈플러스지부장은 '전 매장 임시 휴업이라는 결정을 회사는 노조와 직원에게 단 한마디 공지도 없이 통보했다'고 비판했다.,경제
"한국 골프 '역사적인 날'···김주형 3년 만에 웃은 날, 유해란은 2주 ... 김주형은 PGA 제네시스 스코틀랜드 오픈에서 우승을 차지하며 통산 4승째를 달성했다. 유해란은 LPGA 아문디 에비앙 챔피언십에서 우승을 차지하며 세계 여자 골프 최강자로 올라섰다. 한국 남녀 골프가 미국프로골프(PGA) 투어와 미국여자프로골프(LPGA) 투어에서 나란히 정상에 올랐다.",문화/트렌드
"[단독]배재고 학생 만나는 이재오 ""민주화 운동 알려줄 것""(종합) 이재오 이사장은 15일까지 배재고등학교 전교생 대상 민주화 교육을 진행하고, 학생들에게 민주화 운동과 한국 민주주의 발전 과정에 대한 역사적 사실을 설명할 것이라고 말했다. 배재고등학교는 1~3학년 전교생 대상 민주시민 교육을 실시하고, 이사장이 직접 강연에 나선다. 특히 정근식 서울시교육감의 요청으로 진행된 이번 교육은 학급별 2시간씩 진행되고 있다. 시교육청은 배재고 사태를 계기로 혐오 발언 관련 가이드라인 등을 포함한 민주시민교육 종합 계획 준비에 박차를 가하고 있다. 특히 정근식 교육감은 학생선수 뿐 아니라 모든 학생들이 사회적 약자나 누굴 조롱, 비난, 비방하거나 혐오 발언을 하는 것에 대한 가이드라인을 만들어야 한다고 말했다.",사회/세계
"17곳 총상 입고도 항일투쟁…독립운동가 마춘걸 생애 재조명 광주 고려인마을은 고려신문과 공동 추진하는 '연해주 고려인 독립유공자 후손 발굴 및 지원사업'의 26번째 인물로 마춘걸 선생을 선정했다. 마춘걸 선생은 일제강점기 연해주와 만주 일대에서 무장투쟁과 독립운동 조직 활동에 헌신했으며, 1923년에는 블라디보스토크 신한촌에서 무장단체 '적기단'을 조직해 항일투쟁을 이어갔다. 마춘걸 선생은 1957년 소련 군사법원 재심에서 무죄를 선고받아 명예를 회복했으며, 대한민국 정부도 여러 차례 심사와 재심 끝에 항일독립운동 공적을 인정해 2019년 건국훈장 애국장을 추서했다.",사회/세계
"""스트리머 모여""...씨미, 게임 랜선 운동회 연다 마플코퍼레이션은 '씨너지'라는 종합 게임 랜선 운동회를 개최, 스트리머 간 유대감을 다지는 동시에 색다른 시청 묘미를 제공하고자 한다. 씨너지는 다양한 스트리머들이 참가해 활동 장르를 불문하고, 국내 인기 스트리머들과 방송하는 신인 스트리머들에게는 인지도를 쌓을 수 있는 기회가 될 것으로 기대된다. 이번 콘텐츠는 누구나 쉽게 참여하고 몰입할 수 있도록 난이도가 높지 않은 게임으로 구성해 진입장벽을 낮춘 점이 특징이다.",문화/트렌드
"화성시, 경마공원 유치 범시민 서명운동 돌입…20만 명 목표 화성시가 서울경마공원 이전 유치를 위한 본격적인 여론 결집에 나섰다. 시민 공감대를 확대하기 위해 '화성경마공원 유치를 위한 범시민 서명운동'을 시작했다. 20만 명 참여를 목표로 하며, 접수된 서명을 향후 한국마사회 등 관계기관에 전달해 화성시의 유치 의지를 적극 알릴 방침이다.",사회/세계
"호르무즈 긴장 격화에 국제유가 4%대 급등 호르무즈 해협 둘러싼 미국과 이란의 공방이 격화하면서 국제 유가가 4%대 급등했습니다. 블룸버그 단말기에 따르면 이날 오후 1시46분 기준 9월 인도분 브렌트유 선물은 전 거래일 대비 4.26%(3.24달러) 오른 배럴당 79.25달러에 있습니다. 이달 들어 원유는 중동 긴장이 다시 고조되며 반등세를 이어가고 있으며, 이는 종전 양해각서(MOU) 합의로 공급 확대 기대가 커지며 나타났던 하락분 일부를 되돌린 겁니다.",경제|사회/세계
민주 ‘선호투표제’ 결정 또 불발…전대룰 놓고 계파 갈등 격화 더불어민주당이 8·17 전당대회 당대표 선출 방식인 ‘선호투표제’ 도입 여부를 놓고 주말 동안 논의를 이어갔지만 끝내 결론을 내리지 못했다. 친명계와 친청계가 제도 도입을 둘러싸고 맞서면서 전당대회 룰을 둘러싼 계파 갈등도 계속되는 모습이다. 민주당은 오는 16~17일 당대표·최고위원 후보 등록 전까지 선호투표제 도입 여부를 최종 정리한다는 방침이다.,정치
"김영훈 노동장관 ""노조 없는 노동자 위한 K-노동회의소 설립"" 김영훈 고용노동부 장관이 'K-노동회의소' 설립을 제안하여 비정형 노동자를 포괄하기 위한 기반을 마련하겠다는 구상이다. 이러한 방안으로 전통적 고용 관계를 중심으로 만들어진 사회 안전망을 '모든 일하는 사람을 위한 사회안전 매트'로 확장하는 첫걸음이라고 밝혔다. 노동부는 이와 함께 비정형 노무 제공자에 대한 사회보험 적용도 확대하기로 했다.",경제|정치
"'폭염' 속 길 잃은 치매노인…7시간만에 수색견이 찾았다 A씨(70대)씨가 인천 강화도 요양원에서 실종됐으나 7시간여만에 구조됐다. 경찰은 신고를 받고 출동해 인근 지역을 수색, A씨를 2.5㎞ 거리 야산 능선에 쓰러져있는 상태로 발견했다. A씨는 탈수 등 온열증상도 보였으나 치료를 받고 가족 확인 후 다시 요양원으로 복귀한 것으로 알려졌다.",사회/세계
"영동 텃밭서 80대 노인 숨진 채 발견…온열질환 의심 80대 남성이 충북 영동군에서 무더위 속 밭일을 하다가 숨졌다. 경찰은 A씨가 텃밭에서 홀로 일을 하다가 온열질환에 의해 숨졌을 가능성에 무게를 두고 있다. 당시 영동에는 폭염경보가 발효 중이었으며, 한낮 최고 기온은 35.2도였다.",라이프|사회/세계
"29년간 홀몸노인 안부 물었다… hy 프레시 매니저, 복지부 장관 표창 탁정숙 프레시 매니저가 보건복지부 장관 표창을 받았다. 그는 홀몸노인 안부를 꾸준히 살피며 지역사회 안전망을 구축한 공로로 표창을 받았다. 프레시 매니저는 29년 동안 프레시 매니저로 활동하며 홀몸노인 안부를 챙겨왔다. 그는 작은 관심이 어르신들께는 큰 힘이 된다고 생각한다. 현재 전국 1만1000여 명 프레시 매니저가 6만4000여 명 홀몸노인을 정기적으로 살피고 있으며, 누적 지원금은 220억 원을 넘어섰다.",경제|정치
"관광객 들이받은 성난 야생 들소…노인 2.4m 공중으로 '붕' 떴다 미국 옐로스톤 국립공원에서 야생 들소가 관광객을 공격해 공중으로 내던지는 사고가 발생했다. 들소는 사납게 머리로 노년의 남성을 들이받았으며, 이 충격으로 남성은 약 2.4미터 높이 공중으로 솟구쳤다가 바닥으로 추락했다. 피해 남성은 엉덩이와 다리에 심한 통증을 호소했으나, 다행히 외관상으로 드러나는 큰 출혈이나 부상은 발견되지 않은 것으로 알려졌다.",사회/세계
"美 옐로스톤 캠핑장서 날벼락…들소가 노인 들이받아 미국 옐로스톤 국립공원에서 할아버지가 갑자기 들소의 공격을 받아 공중으로 튕겨 올라간 사고의 영상이 퍼져 화제다. 들소는 캠핑장 곳곳을 돌아다니며 방문객들을 위협한 것으로 전해졌으며, 이번 사고는 들소의 번식기 기간에 발생했다. 할아버지가 상당히 심각한 부상을 입었으며 아직 안심할 수 있는 상태는 아니다",사회/세계
"'쥬라기 공원 그랜트 박사' 샘 닐, 별세…향년 78세 [N해외연예] 한국어 뉴스 요약 전문가가 제공하는 본문 분석 결과는 없습니다. 본문은 검색 링크와 언론사 페이지의 정보를 제공합니다. 해당 언론사는 분류 제보하기 개별 기사의 섹션 정보를 따르며 선정합니다.",문화/트렌드
"""욕심이 끝이 없구나"" 고영욱이 겨냥한 연예인은? 한국어 뉴스 요약 전문가가 제공하는 뉴스 본문을 분석하여 가장 중요한 핵심 내용을 요약합니다. 본문 듣기를종료하였습니다. 본문의 검색 링크는 AI 자동 인식으로 제공됩니다. 오분류 제보하기 개별 기사의 섹션 정보는 해당 언론사의 분류를 따르고 있습니다.",라이프
"최유정, 연예계 생활 고민 “성향이 맞는지…” 결국 눈물 (귀묘한 이야... 한국어 뉴스 요약 전문가가 제공하는 뉴스 본문을 분석하여 가장 중요한 핵심 내용을 요약합니다. 본문 듣기를종료하였습니다. 본문의 검색 링크는 AI 자동 인식으로 제공됩니다. 오분류 제보하기 개별 기사의 섹션 정보는 해당 언론사의 분류를 따르고 있습니다.",문화/트렌드
"“계엄 당일 국회 CCTV, 김민석이 미리 준비한 것”[정치를 부탁해] 김준일: 정치인을 하게 되면 의도적으로 의도를 가지고 하는 것 같아요. 본인은 정치를 하게 되면 의도적으로 의도를 가지고 하는 것 같아요. 정광재: 미국 금리가 우리나라 금리보다 높습니다. 따라서 환율이 잡기 어려울 것 같습니다. 김준일: 보수 언론을 많이 보고, 제가 출연하는 방송이 한 17개 정도 됩니다. 저는 다 봐요. 솔직히 얘기하면은 동아일보 많이 봐요.",정치
"박지성 ""축구협회 청문회 안 간다""…불참 이유 들어보니 박지성 K-축구혁신위원회 위원장이 대한축구협회 대상 국회 청문회에 불참 의사를 밝혔다. 박 위원장은 '굳이 나갈 이유가 없다'며 축구협회와 관련해 할 이야기가 없다고 말했다. 북중미 월드컵 32강 진출 실패를 계기로 대한축구협회 운영 실태와 국가대표팀 감독 선임 절차 등을 점검하기 위해 청문회가 열린다.",문화/트렌드
"포천시, 하반기 인문아카데미… 자녀교육·정신건강·경제 강연 포천시가 8월부터 11월까지 '2026년 하반기 포천 인문아카데미'를 개최, 시민들의 인문학적 소양을 높이기 위해 다양한 강연을 준비했다. 첫 강연은 다음달 19일 오후 7시 반월아트홀 소극장에서 열리며, 자라다남아미술연구소 대표 최민준 대표가 '자존감을 키워주는 소통 양육법'을 주제로 강연할 예정이다. 마지막 강연은 11월17일 열리며, 머니트레이닝랩 대표 김경필 경제전문가가 '불확실성 시대 속 개인 자산관리'를 주제로 강연할 예정이다.",문화/트렌드
"김하수 전 청도군수, 부친 묘소 인근서 숨진 채 발견 김하수 전 청도군수가 13일 경북 청도군 청도읍의 한 야산에서 숨진 채 발견됐다. 김 전 군수의 유서가 발견된 것으로 추정되며, 경찰은 정확한 사망 경위를 조사하고 있다. 김 전 군수는 지난 6·3 지방선거에서 재선에 도전했으나 낙선했다.",사회/세계
"장윤기 부친 ""짐 정리했을 뿐"" 해명…수사단 확대 편성 경찰청은 '장윤기 사건'의 부실 수사 의혹을 파헤치기 위해 기존 특별수사팀을 '특별수사단'으로 확대 편성했습니다. 수사단은 광주경찰청장실과 경찰서장실 등을 압수수색하고, 당시 지휘부가 부실·은폐 수사에 조직적으로 개입했는지를 조사할 방침입니다. 장윤기의 아버지인 장 모 경감은 증거인멸의 고의성을 전면 부인한 것으로 확인됐습니다.",사회/세계
"부친 장례식 불참 모즈타바, 서면 메시지 ""반드시 복수"" 아야톨라 모즈타바는 아버지의 장례식에도 모습을 드러내지 않아 건강 이상설 등 의혹이 끊이지 않는 가운데, 아버지와 전쟁 희생자에 대한 복수를 다짐하는 서면 메시지를 내놨다. 모즈타바는 '복수는 우리 국민의 요구이며 반드시 실행되어야만 한다'며, 이 복수가 본인이나 다른 고위 관리들의 생존 여부와는 무관하다는 사실을 분명히 알아야 한다고 경고했다. 모즈타바는 부친의 죽음에 대한 복수를 다짐하며, 이맘 호메이니와 아야톨라 하메네이의 가르침에 새로운 차원을 부여한 것 같았다.",라이프
"김창옥, 박세리 부친 고소 기자회견 언급 ""플래시가 너무 잔인해"" (남겨... 한국어 뉴스 요약 전문가가 제공하는 본문 분석 결과입니다. 본문은 언론사의 분류를 따르며, 각 기사에 대한 섹션 정보를 제공합니다. 해당 언론사는 선정하여 언론사 페이지(아웃링크)로 이동할 수 있습니다.",문화/트렌드
"""장윤기 '강간·살인' 서장이 반대했다"" 증언… 부친 ""증거인멸은 짐 정... 경찰청 국가수사본부 특별수사팀이 11일 광주경찰청 압수수색을 진행하여 장윤기에게 대한 '봐주기 수사'를 수사 중인 것으로 전해졌다. 장윤기 부친은 경찰에 출석해 증거인멸 의도를 부인하며, 중요 증거물을 치운 데 대해 '짐 정리 차원이었다'고 진술한 것으로 알려졌다. 경찰이 장윤기에 대한 일반 살인죄를 적용했으나, 보완수사에 나선 검찰이 강간 등 살인죄로 혐의를 변경해 재판에 넘겼다.",사회/세계
"홈플러스, 오늘부터 전 점포 임시휴업 홈플러스가 운영자금 고갈로 대형마트 임시휴업을 결정했다. 몰 부문은 입점주들이 원하는 경우 영업을 계속할 예정으로, 사고 방지를 위해 안전관리에 만전을 기할 것 20일까지 운영자금 확보 상황과 법원의 최종 결정을 지켜본 뒤 영업 재개 여부를 결정할 계획이다.",경제
"술집서 불붙은 채 탈출…비상구 찾다 화장실 앞 숨졌다 태국 방콕의 술집에서 대형 화재가 발생해 최소 27명이 숨지고 60명 넘게 다쳤습니다. 술집에 비상구가 있었지만, 테이블과 의자들로 막히거나 아예 잠겨 있었다는 의혹이 제기돼 당국이 수사하고 있습니다. 이번 화재는 태국에서 17년 만의 참사로 기록됐습니다.",사회/세계
"“시신 대부분 화장실서 발견됐다”…술집 화재 27명 사망, 태국 ‘발칵... 태국 방콕의 술집에서 큰 불이 나 27명이 숨지고 60명 이상이 다쳤다. 술집 내부에 많은 손님이 갇혀 있었고 비상구가 없는 쪽으로 많은 손님이 몰리면서 인명피해가 컸다. 화재는 최초 신고 후 30분 만에 진화됐으나 술집의 라이브 공연 홍보 게시물에 따르면 내부 수용 인원은 300명이 넘고 비상구도 4곳이 있었다.",사회/세계
"술집 화재에 최소 27명 사망…시신 대부분 화장실서 발견, 태국 발칵 태국 방콕 북부의 술집에서 불이 나 최소 27명이 사망한 대형 화재가 발생했다. 아누틴 찬위라꾼 태국 총리는 이날 발생한 화재로 최소 27명이 사망했으며, 원인은 조사 중이라고 밝혔다. 화재 진압 후 술집은 새까맣게 그을렸으며, 많은 사람이 실종 상태라는 보도가 나왔다.",사회/세계
"""화장실서도 말 못 해""…'김부장' 윤경호, '13시간 묵언수행' 시작했다 한국어 뉴스 요약 전문가가 제공하는 본문 분석 결과입니다. 본문은 언론사 페이지의 링크를 제공하며, 일부는 미제공될 수 있습니다. 해당 언론사는 분류를 따르며, 각 기사의 섹션 정보를 제공합니다.",문화/트렌드
"리센느, 67평 새 숙소에 감격…""화장실에 욕조도 있다"" 한국어 뉴스 요약 전문가가 제공하는 정보는 AI 자동 인식으로 검색 링크를 제공합니다. 일부 기사는 미제공될 수 있고 동일한 명칭이 다수 존재하는 경우에는 전체 검색 결과로 연결됩니다. 언론사 페이지(아웃링크)로 이동해 볼 수 있습니다.",문화/트렌드
"월드컵 파이널4 빅매치, 프랑스와 잉글랜드 결승행?[한국스포츠레저·스... 네이버스포츠가 언론사 분류와 기술 기반의 자동 분류 시스템을 사용하여 스포츠 기사 섹션 정보를 제공합니다. 오분류 제보는 네이버스포츠로 제보를 부탁드립니다. 언론사 페이지(아웃링크)로 이동해 볼 수 있습니다.",문화/트렌드
"코바코 ""스포츠 중계 채널 다변화, 대중적 확산·시청 만족도 높인다"" 올림픽·월드컵 등 대형 국제 스포츠 경기를 중계하는 채널이 다양해질수록, 해당 이벤트의 대중적 확산과 시청자 만족도에 긍정적인 영향을 미친다. 시청자가 체감한 '채널 접근 편의성' 지표는 3.17점에서 3.39점으로 유의미하게 상승했고, '대중적 화제성' 인식은 2.43점에서 3.03점으로 수직 상승했다. 국민들은 '보편적 시청권' 요구가 매우 높아, 올림픽이나 월드컵 같은 국제 스포츠 경기는 누구나 무료로 볼 수 있어야 한다고 생각하고 있다.",문화/트렌드
"홍명보가 괴물인가? 비판 못 견디는 엘리트 스포츠의 한계. 홍명보 감독은 수비 축구를 하다가 변화를 주지 못한 채 실패했다. 김세훈 스포츠부장은 홍명보가 가장 큰 잘못을 했지만 인격 모독까지 하면서 무릎 꿇리는 게 한국 축구에 어떤 도움이 되는가 손흥민은 국대 뽑지 말았어야했음, 경기장 안에서나 경기장 밖 락커룸에서의 행동 모두 수준 이하의 행동을 한 선수다",문화/트렌드
"스포츠경향 양승남 기자·MBN 이규연 기자, 2026년 2분기 체육기자상 수... 네이버스포츠가 언론사 분류와 기술 기반의 자동 분류 시스템을 사용하여 스포츠 기사 섹션 정보를 제공합니다. 오분류 제보는 네이버스포츠로 제보를 부탁드립니다. 언론사 페이지(아웃링크)로 이동해 볼 수 있습니다.",문화/트렌드
"[박성률의 스포츠&의학 칼럼] 근육보다 중요한 것 근육은 특정 부위만 키운다고 완성되지 않는다. 심폐기능과 전신의 균형을 함께 단련할 때 운동 효과는 더욱 커진다는 사실을 이번 연구는 다시 한번 보여줬다. 체중 1kg당 3.2g을 섭취한 그룹은 최대 근력에서 다소 빠른 증가를 보였다. 그러나 하루 1.6g을 섭취한 그룹 역시 근육량과 근력, 운동 수행능력 모두에서 충분한 향상을 나타냈다. 운동의 목적은 근육을 키우는 것이 아니다. 건강하게 오래 살아가는 것이다. 오늘도 운동을 마치고 쉐이크를 흔드는 사람들에게 전하고 싶다. 조금 덜 먹어도 괜찮다. 조금 천천히 변해도 괜찮다.",라이프
"트럼프 “美가 아마도 호르무즈 통제… 대가 받아야” 미국과 이란이 최근 4번째 충돌하여 긴장이 고조되고 있다. 미국은 이란의 방공망 등에 추가 공습을 개시했으며, 이란도 보복에 나섰다. 호르무즈해협 통항량이 대폭 감소하고 있는 가운데, 국내 해운업계는 선박 안전 확인과 운항 차질 가능성 점검에 촉각을 기울이고 있다. 원유 수급은 7·8월 국내 도입 물량을 충분히 확보한 터라 당장 문제가 없지만 사태가 장기화할 경우 얘기가 달라진다.",사회/세계
"미군, 이란 추가 공습 시작…""호르무즈 자유항행 위협 능력 약화 목표"" 미군이 이란에 대한 새로운 공습을 시작했다. 호르무즈 해협을 자유롭게 통항하는 민간 선원과 상선을 공격하는 이란의 능력을 계속 약화하기 위한 것 도널드 트럼프 대통령은 이란군에 책임을 묻기 위해 이번 타격을 지시했다.",사회/세계
"""잠깐 음료 마시다""…화물차가 시내버스 추돌해 16명 부상(종합) 울산에서 시내버스와 화물차가 충돌해 16명이 다쳤으며, 부상자 수는 중상 2명·경상 10명 등 12명으로 집계됐다. 사고를 낸 화물차 운전자 A씨는 음주와 약물 운전 정황은 없는 것으로 조사됐으며, 경찰에",사회/세계
'태국 방콕 술집 화재 참사' 27명 사망·63명 부상 태국 방콕의 한 펍에서 대형 화재가 발생해 최소 27명이 사망하고 63명이 부상을 입었다. 화재 당시 생존자들은 연기를 피해 술집 뒤편 화장실 쪽으로 몸을 피했지만 그곳에는 비상구가 없어 다수가 고립됐다고 진술했다. 방콕 당국은 정확한 화재 원인과 함께 비상구 운영 및 안전관리 규정 준수 여부를 집중 조사하고 있다.,사회/세계
"태국 방콕 술집서 한밤중 화재…27명 숨지고 63명 부상 방콕 술집에서 불이 나 최소 27명이 숨지고 60여 명이 다쳤다. 불길은 신고 약 30분 만에 진화됐지만 술집 안에 짙은 연기가 순식간에 퍼지면서 손님들이 출구를 찾지 못한 것으로 파악됐다. 당국은 피해자 신원 확인 작업을 진행 중이며, 아직 한국인 인명피해 여부는 확인되지 않았다.",사회/세계
“음료 마시다 앞을 못 봤다”···울산서 화물차가 시내버스 들이받아... 울산에서 시내버스와 화물차가 충돌해 16명이 다치는 사고가 발생했다. 화물차 운전자는 '잠깐 음료를 마시다가 미처 앞을 못 봤다'고 진술한 것으로 알려졌다. 경찰은 화물차 운전자 A씨(50대)를 교통사고처리 특례법상 치상 혐의로 입건하고 정확한 사고 원인을 조사할 예정이다.,사회/세계
"트럼프 ""미, 호르무즈 해협 통제할 것‥그 대가 받아야"" 도널드 트럼프 미국 대통령이 호르무즈 해협을 통제할 수 있다고 밝혔다. 트럼프 대통령은 이 해협의 수호자가 될 것이라며 대가를 받아야 한다고 강조했다. 미국이 호르무즈 해협의 안전한 통행을 보장하는 대가로 통행료를 부과할 수 있다는 뜻을 시사하고 있다.",사회/세계
"현대모비스 램프 매각해도 직원 30%는 안 옮긴다…가처분 소송도 현대모비스가 프랑스 회사 오피모빌리티에 램프사업을 매각하는 과정에서 인수한 전적 인력이 30% 줄어든 390여 명으로 최종 확정됐다. 전적 제외 인력들은 모비스 소속으로 추후 분할 매각을 위해 신설될 법인을 위한 기술 지원 업무를 하게 될 것으로 알려졌으며, 노조는 이달 3일 강제 전적 반대 등을 요구하며 총력 결의대회를 개최했다. 사무직 노조는 이달 3일 사옥에서 반대 시위에 나선 상황으로 법적 대응까지 준비하고 있으며, 본계약이 성사된다고 해도 법적 리스크가 불거질 수밖에 없다.",경제
"여행하는 기분…오피와 베네치아 골목을 걷다 줄리안 오피 작가의 작품이 울산시립미술관에서 열리는 전시회에 시민들의 관심이 이어졌다. 전시회에서는 30m 규모의 미디어 스크린과 4m 규모의 LED 파사드에 단순한 선과 색, 형태로 표현된 사람들의 얼굴이 담긴 영상이 가로, 세로로 지나가고 있었다. 울산시립미술관은 이날부터 10월5일까지 XR Lab과 잔디마당에서 진행되는 전시회를 연장하기로 했다.",문화/트렌드
"가상현실 속 베네치아 걷다…줄리안 오피, 울산서 '예술 변주' 울산시립미술관은 줄리안 오피의 개인전을 열어 세계적인 현대미술가의 작품 세계를 조망하게 된다. 이 전시는 VR 설치 작품 '오피.가상현실/베네치아'와 LED 조각, 옥외 미디어 스크린 등 다양한 매체를 활용해 현대 도시인의 모습을 표현하게 된다. 줄리안 오피는 예술은 새로운 기술과 만나왔다고 생각하며, 단순한 선에 대한 중요성을 강조했다.",문화/트렌드
"부산바다와 미술관…가장 감성적인 여름 휴가 부산의 휴양지에서 예술의 장이 마련됐다. 21명의 작가가 참여한 특별전으로, 다양한 작품을 볼 수 있다. 아스티 호텔 부산에서는 'THE ART OF REST'라는 주제로 웰니스 아트 전시를 개최한다. 세계적인 명성의 현대미술 작가 6명의 작품이 소개된다. 달튼 회고전은 1960년대 초기작부터 최근작까지 120여 점을 선보이며 그의 작품 세계를 오롯이 즐길 수 있는 대형 회고전이다.",라이프|문화/트렌드
"""AI 시대, 기획자의 생존과 성장을 논하다""…'제13회 한국 IT기획자 컨퍼... 맥비기획이 제13회 한국 IT기획자 컨퍼런스 2026을 개최하여 인공지능(AI) 기술 확산에 따른 현업 전문가들의 실무 경험과 전략을 공유하는 자리를 마련했다. 컨퍼런스는 총 13개의 전문 세션으로 구성됐으며, 주요 강연으로는 AI를 업무 프로세스에 적용한 사례를 다룬 로디의 '차세대 PM의 기준' 등이 진행됐다. 맥비기획 관계자는 '앞으로도 IT 기획 생태계의 발전과 기획자들의 성장을 돕기 위한 지식 공유의 장을 꾸준히 이어가겠다'고 말했다.",IT/과학
"'제명 의결' 국민의힘 장용식 음성군의원 ""소명 노력할 것"" 박재천 음성군의원은 제명 징계를 받고 '소명 노력을 하겠다'고 밝혔다. 장 의원은 도당 윤리위원회의 결정에 불복해 이의신청할 것이냐는 견해를 밝혀 왔다. 군의회 의석수는 더불어민주당과 국민의힘이 4대 4 동수이며, 민주당이 10대 의회 전반기 의장과 부의장을 모두 차지했다.",정치
"'제명 징계' 국힘 장용식 음성군의원 ""억울, 최대한 소명"" 국민의힘 장용식 의원은 의장단 선출 과정에서 당론을 역행한 의혹으로 제명 징계를 받았다. 장 의원은 16년간 정당생활을 하며 억울한 심정을 느끼고 최대한 소명을 하겠다고 밝혔다. 민주당 후보에게 표를 주어 당론을 역행한 의혹이 있으며, 이에 대한 제명 결정에 대해 끝까지 소명을 할 것이라고 말했다.",정치
"나경원 ""해군 병사 실종 때 대통령·국방장관 골프 의혹… 진위 소명하... 나경원 국민의힘 의원은 안규백 국방부 장관과 이재명 대통령이 태릉CC에서 라운딩을 한 것에 대한 의혹을 제기하고 있다. 안규백 장관과 이 대통령이 골프를 친 것으로 의심되는 때는 해군 장병이 경비 임무 수행 중 실종, 차디찬 바다에서 안타깝게 목숨을 잃은 그 시간 나 의원은 국방부에 해당 골프장 출입 기록 등 자료 제출을 요구하고 이 대통령과 안규백 장관이 진위를 국민 앞에 직접 소명해야 한다고 강조했다.",정치
"롯데웰푸드 인도법인, 초코파이 '100% 채식' 표기 논란…FSSAI 소명 요구 롯데인디아에 제품 표시·광고와 관련한 소명을 요구한 인도 식품안전기준청(FSSAI)가 있다. FSSAI는 롯데인디아의 제품 표시 방식과 영양정보 표기 방식을 점검 대상으로 제시했다. 롯데인디아는 통지를 받은 날부터 7일 안에 답변해야 하며, FSSAI와 소명 절차를 진행할 계획이다.",사회/세계
"롯데웰푸드, 인도 식품당국 제동…소명 실패 땐 허가정지 가능 롯데웰푸드 인도법인이 인도식품안전기준청(FSSAI)으로부터 제품 표시·광고 규정 위반 행정명령을 받았다. FSSAI는 롯데인디아가 일부 제품의 라벨과 영양성분 표기 등이 현지 기준에 부합하지 않는다는 판단을 내렸다. 롯데인디아는 기한 내 소명을 요구받았으며, 제출 내용이 미흡하거나 제출되지 않을 경우 관련 법령에 따라 추가 행정조치를 검토할 수 있다고 전했다.",사회/세계
"종합특검, 김건희 19일 소환…나경원·김기현 20일 출석통보 권창영 2차 종합특별검사팀은 윤석열 정부 대통령실 관저 이전 관련 특혜 의혹을 수사 중인 상태에서 김건희 여사를 오는 19일 소환해 조사할 계획이다. 특검팀은 나경원·김기현 국민의힘 의원에게는 다음 날인 20일에 출석하라고 통보했으며, 윤 전 대통령에 대한 체포영장 집행을 방해한 혐의를 받고 있다. 21그램이 무자격 업체로 관저 이전 공사를 수주한 의혹과 관련해 특검팀은 김 여사와 21그램 간의 관계를 조사할 계획이다.",정치
"특검 ""김기현·나경원 출석 통보""…尹체포방해 수사 속도 윤석열 전 대통령에 대한 수사당국의 체포를 막은 혐의를 받는 국민의힘 김기현 의원과 나경원 의원에게 출석해 조사받으라고 통보했다. 권영진·윤상현 의원은 서면진술서를 냈지만, 김기현·나경원 의원은 제출 안 해 출석을 통보받았다. 종합특검은 윤 전 대통령에 대한 수사에 속도가 붙을 것으로 보이며, 관련 수사에 속도가 붙을 것으로 보인다.",정치
"특검, 김건희 여사 19일 첫 소환조사…나경원·김기현 20일 출석통보 김 여사는 144일 만에 대면 조사를 받게 되며, 대통령 관저 공사 업체 선정에 관여한 혐의를 조사할 예정입니다. 2차 종합특검은 김 여사 외에도 조성현 전 육군 수도방위사령부 제1경비단장과 나경원·김기현 의원을 소환할 계획입니다. 윤석열 전 대통령 체포를 방해한 혐의를 받는 나경원·김기현 의원은 20일 소환 조사를 받을 예정이며, 다른 국회의원 2명도 서면 진술서를 제출했습니다.",정치
"“출근했더니 휴업통보”…홈플러스, 운영자금 고갈에 매장 셧다운 홈플러스는 운영자금 부족으로 전국 대형마트 영업을 임시 중단했다. 대형마트 입구에는 '홈플러스 마트는 임시 휴업합니다'라는 안내문이 걸려 있었다. MBK·메리츠 여전히 줄다리기, DIP 마련 협상은 아직 돌파구를 찾지 못하고 있다.",경제
"홈플러스, 오늘부터 대형마트 임시 휴업…""운영비 감당 못해""(종합) 홈플러스가 운영자금 고갈에 따른 대형마트 영업을 13일부터 임시 중단, 법원 최종 결정 후 재개 여부 결정. 임직원에게 보낸 서한에서 '회사는 마지막까지 포기하지 않고 회생을 이어갈 수 있는 방법을 찾을 것'이라고 전했다. 회생절차 폐지에 대한 즉시항고 기한인 20일까지 상황과 법원의 최종 결정을 지켜보고 영업 재개 여부를 결정하겠다고 밝혔다.",경제
"트럼프 ""미국이 호르무즈 통제…대가 받을 것"" 도널드 트럼프 미국 대통령이 호르무즈 해협을 통제하게 될 수 있다고 말했습니다. 트럼프 대통령은 그 대가를 받아야 한다고 덧붙였습니다. 미국이 해협의 안전한 통행을 보장하는 대가로 통행료를 부과할 수 있다는 뜻을 시사했습니다.",사회/세계
"트럼프 ""호즈무즈 이란 봉쇄 재개…통과 화물에 20% 통행료 징수"" 도널드 트럼프 미국 대통령이 이란에 대한 해상 봉쇄를 재개하고, 호르무즈 해협을 통과하는 화물에 20%의 '안전 비용'을 부과하겠다고 밝혔다. 트럼프 대통령은 이란의 선박이나 고객들만 출입하는 것을 막기 위해 '이란 봉쇄' 조치를 재개하고, 다른 모든 국가는 공정하게 호르무즈 해협을 이용할 수 있을 것이라고 말했다. 트럼프 대통령은 미국이 앞으로 '호르무즈 해협의 수호자'로서의 역할을 수행할 것과, 관련 절차와 체계 구축은 즉시 시작될 것이라고 밝혔다.",사회/세계
"트럼프 “이란 봉쇄 재개…호르무즈 통과 선박은 20% 내라” 트럼프 대통령이 호르무즈 해협을 통과하는 민간 선박에 대한 통행료를 받겠다고 밝혔다. 미국은 이란 봉쇄를 재개하고, 대이란 해상 봉쇄를 재개할 것이라고 말했다. 트럼프 대통령은 미국이 호르무즈 해협을 지키는 데 필요한 모든 비용에 대해 선적된 모든 화물의 20%를 보상받을 것이라고 말했다.",사회/세계
"추경호, 대구~경북 광역철도 예타 통과 총력전 대구시장이 4개 중앙부처 차관들과 잇달아 면담을 갖고 대구 지역의 핵심 사업에 대한 정부의 적극적인 지원과 협력을 강력히 요청했다. 추 시장은 ‘대구~경북 광역철도’ 사업 추진의 당위성을 적극 강조하며, 예비타당성조사 신청 당시 사업비는 2조6485억원 규모였다. 추 시장은 중앙부처와 국회를 직접 찾아 지역 현안을 적극 설명하면서 지역 발전을 위한 해법을 끝까지 챙겨 나가겠다고 말했다.",사회/세계
"트럼프 ""호르무즈 해협 통과 화물 20% 보상받겠다""…이란 선박 봉쇄 재개... 미국은 호르무즈 해협의 항행 안전을 책임지는 대가로 이 해협을 통과하는 화물에 대해 20%의 비율로 보상받을 것이라고 트럼프 대통령이 주장했다. 트럼프 대통령은 호르무즈 해협을 통과하는 모든 선박에 대해 운송 비용의 20%를 보상받아야 한다고 주장하며, 이란 선박에 대한 봉쇄도 다시 시행하겠다고 밝혔다. 호르무즈 해협은 세계 원유 물동량의 약 20%가 통과하는 세계 최대 에너지 수송로로, 국제법상 국제 항행에 이용되는 해협에서는 모든 선박의 통과통항권이 보장되며, 연안국이나 제3국이 단순히 해협을 통과한다는 이유만으로 통행료를 부과하는 것은 허용되지 않는다.",사회/세계
"김 '세계규격 초안' 중간심의 통과…""2030년 18억불 수출 탄력"" 한국 해수부는 'K-김' 제품 세계규격 초안이 중간 심의를 통과했다. 해양수산부는 2025년까지 김 수출 18억달러를 달성하는 데에도 탄력이 붙을 것으로 내다봤다. 해수부 장관은 안정적인 김 공급망 구축과 산업 고도화를 통해 세계 시장에서 우리 김의 위상을 더욱 강화해 나가겠다고 말했다.",경제
"사라진 운동화에 유족 울분...형사과장 검찰 소환 검찰은 장윤기 아버지·큰아버지 경찰을 소환 조사 중으로, 부실 수사와 은폐 의혹이 확산하고 있습니다. 유족은 마지막 유품인 운동화를 돌려받지 못해 울분을 토했습니다.옷은 혈흔 분석을 위해 조각난 채 폐기됐고, 운동화는 병원 이송 과정에서 사라진 겁니다. 검찰은 차량 감식 영상·성인용품 감식 보고서를 다음 재판에 증거로 제출할 예정으로, 수사 지휘선에 있었던 광산서 전 형사과장을 소환 조사 중입니다.",사회/세계
"현대차 '더 뉴 아반떼 N TCR', 포르투갈 월드투어 4라운드 우승 현대자동차의 '더 뉴 엘란트라 N TCR'가 2026 TCR 월드투어 4라운드 포르투갈 대회에서 우승을 차지했다. BRC 현대 N 스쿼드라 코르세 팀의 노버트 미첼리즈 선수는 두 번째 결승 레이스 1위에 오르며 팀에 시즌 세 번째 우승컵을 안겼다. 이로써 소속 팀은 총 424포인트로 팀 부문 종합 2위를 이어갔다.",라이프|문화/트렌드
"현대차, TCR 월드투어 4라운드 우승 현대자동차의 '더 뉴 엘란트라 N TCR'가 2026 TCR 월드투어 4라운드에서 우승했다. 이번 대회에서는 BRC 현대 N 스쿼드라 코르세 소속 노버트 미첼리즈와 미켈 아즈코나가 좋은 성적을 기록해 팀 부문 종합 2위를 유지했다. 현대차 관계자는 남은 시즌에도 좋은 성적을 이어갈 수 있도록 노력하겠다고 말했다.",문화/트렌드
"""그레이엄 사망에 상원 법무장관 인준·국방예산 통과 불투명"" 트럼프 대통령의 최대 우군 린지 그레이엄 미 상원의원이 갑작스레 숨졌고, 그의 사망으로 트럼프표 주요 입법 안건의 향방이 불투명해졌다. 그레이엄 의원은 차지했던 위상 탓에 여러 주요 입법과제의 운명이 불확실해졌으며, 공화당 지도부는 오는 15일 열리는 청문회를 앞두고 그레이엄 의원의 도움을 기대하고 있었다. 트럼프 대통령은 그레이엄 의원의 여동생 달린 그레이엄을 임시 상원의원 지명권으로 추천했으며, 맥매스터 주지사는 이날 오후 그레이엄 의원의 후임 상원의원을 발표할 예정이다.",정치
"호르무즈 통제하며 돈 받겠다는 트럼프…전쟁 재개 임박했나 트럼프 대통령이 '호르무즈 해협의 수호자'를 자처하며 20%의 통행료를 받겠다고 밝히면서 이란과의 긴장도를 최고조로 끌어올렸다. 미국이 종전 MOU에 구속되지 않겠다는 입장을 분명히 한 셈으로 대이란 해상봉쇄 해제도 파기, 전쟁 재개가 시간문제라는 전망이 나온다. 트럼프 대통령의 '통행료 부과'는 호르무즈 해협에 투입되는 미국의 군사적 비용을 '부유한 국가들'에 부담시키면 된다는 인식에서 출발한 것으로 보인다.",사회/세계
"국힘, 김어준 유튜브 '김민석 CCTV' 공개에 ""유출경로 위법 밝혀야"" 김민석 전 국무총리는 12·3 계엄 해제 표결 당시 본회의장 출입문이 잠겨 표결에 참석하지 못한 것이라고 설명했다. 국민의힘은 김어준씨 유튜브 채널을 통해 공개된 국회 CCTV 영상과 관련해 수사기관이 즉각 수사를 시작해야 한다고 주장했다. 김 전 총리는 본인의 결백을 증명하고 싶다면 즉각 수사에 동의하고 휴대폰과 통화 내역부터 수사기관에 자진 제출해야 할 것이라고 말했다.",정치
"GPS로 ‘가짜 구급차’ 잡는다…이동 경로 실시간 확인 보건복지부는 구급차 운행 정보를 GPS 기반으로 실시간 관리하는 내용의 관련 시행규칙을 13일 공포·시행한다. 구급차의 출발지와 도착지, 이동 경로, 운행 시간 등이 자동으로 기록되고 이 정보는 구급차기록관리시스템(AiR)에 전송된다. 정부는 앞으로 구급차의 이동 경로와 운행 시간을 실시간으로 남겨 이런 문제를 줄이겠다는 방침이다.",IT/과학
"환자 안태운 ‘가짜 구급차’ GPS로 잡는다…이동 경로 실시간 추적 보건복지부는 '가짜 구급차'를 근절하기 위해 위성위치확인시스템(GPS)을 도입해 이동 경로를 관리하기로 했다. 구급차 서비스 품질을 높이기 위해 이송 처치료 인상, 대기 요금 신설, 할증제 확대 등 조치를 취할 계획이다. 의무화된 에피네프린 자동주입펜 구비와 환자 인계 서명을 받을 수 있는 대상이 넓혀지게 된다.",IT/과학
"김용범 ""韓, 한 번도 안 가본 성장경로 들어서…장기 추세선 다시 그리... 김용범 청와대 정책실장이 '한국이 한 번도 가보지 않은 성장경로에 이미 들어섰는지도 모르겠다'고 말했다. 한국은 2026~2027년 선진국 중 가장 높은 성장률이 예상되는 국가로 재평가되기 시작한 것과, 정책과 산업 사이클이 맞물린 강도는 최근 수십 년 한국 경제에서 쉽게 찾아보기 어려운 수준 김 실장은 AI 생산 혁명과 자본시장 개혁이 함께 작동하고 공급망의 핵심 노드가 새 성장 원천이 되며, 3대 메가 프로젝트가 생산 능력 자체를 다시 끌어올린다면 강한 제조업에서 자본시장의 성장으로 넘어가지 못한 일본의 길을 가장 먼저 벗어나는 나라가 될 수 있다고 했다.",경제
"김용범 ""'바이바이' 동아시아 정체론…韓, 日 장기 저성장 경로 벗어날... 2025년 중반 성장 추세선이 변곡할 것 같아, 정책·AI 반도체 슈퍼사이클과 자본시장 개혁이 생산능력을 끌어올리고 국민 자산으로 순환시키는 구조적 변곡점에 들어섰다. 한국은 더 이상 과거의 추세선 위에 있지 않다, 새로운 성장축을 얹으려는 시도다. 제조업이 엔진이라면 자본시장은 변속기, 강한 제조업 위에 강한 자본시장이 새로운 성장축을 얹으려는 시도다.",경제
"카카오게임즈 ‘오딘’, 5주년 역주행…구글 매출 1위 등극 카카오게임즈의 MMORPG '오딘: 발할라 라이징'이 구글 플레이 매출 1위를 달성했다. 이번 성과는 신규 전직 클래스 '알케미스트', 대규모 PvP 콘텐츠 '월드 거점 점령전', 신규 서버 '스카디' 등 다양한 콘텐츠 업데이트가 좋은 반응을 얻은 결과로 분석된다. 카카오게임즈는 이 성과를 기념해 특별 접속 보상 이벤트를 진행하며 앞으로도 이용자분들의 기대에 부응하는 콘텐츠와 서비스로 보답하겠다.",IT/과학|문화/트렌드
"카카오게임즈 '오딘' 출시 5주년 업데이트로 양대 마켓 '매출 1위' 카카오게임즈의 다중접속역할수행게임 '오딘'이 서비스 5주년 업데이트를 계기로 구글 매출 1위를 달성했다. 오딘은 지난달 24일 서비스 5주년 업데이트 이후 하루 만에 애플 앱스토어 매출 순위 1위를 기록했고, 이어 약 2주 만인 지난 10일 구글 플레이에서도 매출 1위를 기록했다. 카카오게임즈는 양대 마켓 매출 1위 달성을 기념해 특별 접속 보상 이벤트를 진행하기로 했다.",IT/과학
카카오게임즈 '오딘' 5주년 업데이트 통했다…구글 매출 1위 달성 카카오게임즈의 MMORPG '오딘: 발할라 라이징'이 10일 구글 플레이 매출 1위를 달성했다. 서비스 5주년 업데이트가 좋은 반응을 이끌어낸 덕분에 오딘이 최상위권을 유지하고 있다. 카카오게임즈는 양대 마켓 매출 순위 1위 달성을 기념해 특별 접속 보상 이벤트를 진행할 예정이다.,IT/과학
"5주년 업데이트 힘받은 '오딘', 구글 플레이 매출 1위 카카오게임즈의 대표 MMORPG '오딘: 발할라 라이징'이 5주년 업데이트를 통해 국내 모바일 게임 시장에서 다시 존재감을 드러냈다. 업데이트 효과에 힘입어 양대 앱 마켓 최상위권을 석권하며 흥행세를 이어가고 있다. 카카오게임즈는 5주년 업데이트를 기념해 이용자를 위한 특별 접속 보상 이벤트도 진행하고, 앞으로도 이용자들의 기대에 부응하는 콘텐츠와 안정적인 서비스로 보답하겠다.",IT/과학|문화/트렌드
"""전례없는 AI 경제전환""…노벨상 학자 등 200명, 제도구축 호소 인공지능(AI)이 향후 10년 동안 훨씬 더 급진적으로 강력해질 수 있으며, 이는 산업혁명보다도 크면서도 훨씬 더 짧은 기간에 걸쳐 전개될 것 AI는 대규모 일자리 대체 위험도 물론 생활 수준 향상 등 기회를 가져올 수 있지만, 경제학자와 정책수립자는 변혁적인 AI 경제학을 이해하고 유인책과 안전장치를 만들기 위해 지금 행동해야 한다 경제학자 15명이 포함된 학자·IT업계 연구자 등 200명이 '지금 행동해야만 한다'는 제목의 연명 서한을 통해 AI 관련 정책의 조속한 마련을 촉구했다",IT/과학
호르무즈 통제하며 돈 받겠다는 트럼프…전쟁 재개 임박했나(종합) 트럼프 대통령이 호르무즈 해협에서 대이란 해상봉쇄를 복원하고 미국이 상선에 사실상 통행세를 부과하는 초강수를 뒀다. 이란이 호르무즈 해협의 통제권을 주장하지 못하도록 하려는 의도로 보이나 이란의 '호르무즈 통행세' 부과를 비난하던 미국이 도리어 국제수로에서 보장돼온 '항행의 자유'에 정면으로 도전하는 모양새다. 트럼프 대통령은 20%의 비율로 비용을 받겠다고 밝혔다. 호르무즈 해협을 이란이 통제하도록 놔두지 않겠다는 의도로 보인다.,사회/세계
"[사이테크+] 성간우주서 생명체 필수 '당' 분자 첫 검출…""생명 기원 단... 우리은하 중심부 분자구름에서 탄소 원자 4개짜리 당인 에리트룰로오스가 처음으로 직접 포착됐다. 에리트룰로오스는 생명체에서 대사에 필요한 에너지를 공급하고, 핵산의 골격을 이루는 필수 생체분자다. 이 발견은 성간우주가 최초 핵산을 만드는 데 필요한 당의 공급원이 될 수 있음을 시사하며, 우주의 다른 행성에서도 생명체 출현에 필요한 화학적 토대를 제공했을 가능성이 있다.",IT/과학
"'광시야' 우주관측 시대 열린다…'베라루빈' 이어 '로먼'도 출격 준비 NASA의 베라 C. 루빈 천문대와 낸시 그레이스 로먼 우주망원경이 남쪽 하늘을 대상으로 10년에 걸친 '시공간 유산 탐사(LSST)'를 시작했다. 베라 루빈 천문대는 세계 최대 디지털카메라인 32억 화소 'LSST 카메라'를 탑재해 보름달 면적의 45배에 달하는 하늘을 한 번에 촬영할 수 있다. 낸시 그레이스 로먼 우주망원경은 NASA의 차세대 주력 천체물리학 관측 임무를 맡고 있으며, 허블 우주 망원경보다 약 100배 넓은 영역을 한번에 관측할 수 있는 적외선 망원경으로 설계됐다.",문화/트렌드
우주를 통째로 스캔… ‘광시야 시대’ 개막 NASA는 플로리다주 케네디우주센터에서 낸시 그레이스 로먼 우주망원경을 수직으로 세웠다고 발표했다. 베라 루빈 천문대와 로먼 우주망원경은 넓은 하늘을 반복해서 훑으며 우주의 변화를 기록하는 ‘광시야 관측’에 초점을 맞췄다. 로먼 우주망원경은 허블 우주망원경보다 약 100배 넓은 영역을 한 번에 관측할 수 있는 적외선 망원경으로 넓고 깊은 우주 영역을 한 번에 촬영하도록 설계됐다.,문화/트렌드
"잠들었던 뉴호라이즌스 탐사선, 태양계 끝에서 다시 눈 떴다 [우주로 간... NASA의 뉴호라이즌스 탐사선이 명왕성 너머 약 95억㎞ 떨어진 심우주에서 정상 가동을 시작했다. 탐사선은 지난달 23일 동면 상태에서 안전하게 깨어난 것을 확인했고, 현재 지구에서 약 95억㎞ 떨어진 곳을 비행 중이다. 뉴 호라이즌스는 장기간 순항하는 동안 전력과 시스템 자원을 절약하기 위해 동면 모드로 전환된다.",문화/트렌드
"지구는 초신성 폭발 안전지대에 있을까 The Local Bubble is a region of space that was formed by a series of supernovae explosions about 1.4 billion years ago, and the Sun entered this bubble about 500 million years ago. The Local Bubble is a distorted ellipsoidal shape with a diameter of about 1000 light-years. It is thought to have been created by the explosion of massive stars that ended their lives in supernovae. The iron-60 produced by these explosions has been found in sedimentary rocks on Earth and may have had an impact on human evolution. If the Sun were to pass through a nearby supernova remnant, it could potentially affect the Earth's environment and even human evolution.",사회/세계
"[단독]국회법 ‘숙려기간’ 무시, 법안 330건 과속 통과 22대 전반기 국회에서 330건의 법안이 졸속으로 처리되며, '숙의 없는 입법'이 일상화됐다. 국민의힘 위원들은 원구성에 반대하며 국회 일정을 보이콧 중인 상태다. 현행 국회법 59조는 제정·전부 개정안은 20일, 일부 개정 법률안은 15일의 숙려기간을 거치도록 규정하고 있다.",정치
"[오늘의 국회일정] (14일, 화) 국회의장 조정식은 지난 10일 오전 서울 여의도 국회 의장집무실에서 과 김영훈 고용노동부 장관과 대화를 나누고 있다. 국정조사 특별위원회 전체 회의를 열어 제9회 전국동시지방선거 투표용지 부족 사태 등 국민참정권 침해 진상 규명 및 선거관리 개혁을 논의할 예정이다. 의원실 세미나에서는 전월세 시장 불안, 핵심광물 공급망 안정화와 재자원화 산업 육성을 위한 정책토론회를 열어 다양한 문제를 해결하기 위해 노력하고 있다.",정치
"[오늘의 국회일정](13일·월) 국회에서 공공기관 개혁의 전략과 방향을 논의하는 세미나가 열렸으며, 이에 대한 의견이 나왔다. 국내 1위 채용 데이터를 분석한 결과 AI가 먼저 삼킨 일자리가 있다는 사실이 드러났다. 국회의장의장주재 기관장 업무보고와 위원회법제사법위원회 법안심사 제1소위원회 등 다양한 회의가 열렸다.",정치
"86세 사미자, 심근경색 당시 회상 ""동맥 3개가 다 막혀"" 한국어 뉴스 요약 전문가가 제공하는 본문 분석 결과는 없습니다. 본문은 검색 링크와 언론사 페이지를 제공하며, 각 기사의 섹션 정보는 해당 언론사의 분류를 따릅니다. 해당 언론사는 선정하여 언론사 페이지로 이동할 수 있습니다.",정치
"‘86세’ 사미자, 심근경색→낙상 사고 회상…“동맥 3개 다 막혀” 한국어 뉴스 요약 전문가가 제공하는 서비스는 AI 자동 인식으로 검색 링크를 제공합니다. 언론사 페이지로 이동해 볼 수 있는 기사의 섹션 정보는 해당 언론사의 분류를 따릅니다. 기사가 선정된 언론사 페이지에서 확인할 수 있습니다.",IT/과학
"86세 사미자, 낙상 사고 뒤 꺼낸 심근경색 악몽…“동맥 3개 막혀” 한국어 뉴스 요약 전문가가 제공하는 서비스는 AI 자동 인식으로 검색 링크를 제공합니다. 언론사 페이지로 이동해 볼 수 있는 기사의 섹션 정보는 해당 언론사의 분류를 따릅니다. 기사가 선정된 언론사 페이지에서 확인할 수 있습니다.",IT/과학
"‘국민 엄마’ 사미자, 뇌경색 투병부터 낙상 사고까지→안 보였던 진짜... 한국어 뉴스 요약 전문가가 제공하는 뉴스 본문을 분석하여 가장 중요한 핵심 내용을 요약합니다. 본문 듣기를종료하였습니다. 본문의 검색 링크는 AI 자동 인식으로 제공됩니다. 해당 언론사에서 선정하며 언론사 페이지(아웃링크)로 이동해 볼 수 있습니다.",문화/트렌드
"'86세' 사미자, 낙상 사고 후 생사 고비 회상…""동맥 3개 막히면 숨 못 ... 한국어 뉴스 요약 전문가가 제공하는 뉴스 본문을 분석하여 가장 중요한 핵심 내용을 요약합니다. 본문 듣기를종료하고 검색 링크를 제공하며 일부는 미제공될 수 있습니다. 언론사 페이지로 이동해 볼 수 있는 개별 기사의 섹션 정보를 제공합니다.",문화/트렌드
"트럼프, 호르무즈 통행료 받나…""안전 항행 대가로 美에 화물 요금 20% 내... 트럼프 대통령이 호르무즈 해협 통제권을 둘러싸고 이란과 갈등이 깊어지자 다시 이란을 봉쇄하겠다고 밝혔다. 이란은 해협을 통제하는 것은 트럼프가 아닌 자신들의 의지에 달린 것이라고 대응했다. 트럼프 대통령은 호르무즈 해협을 통과하는 선박들의 안전을 보장해주고 그 대가로 수수료를 받겠다고 밝혔다.",사회/세계
"트럼프 '호르무즈 통제·20% 통행료' 선언 미국과 이란 사이의 종전 양해 각서가 사실상 붕괴되고 있습니다. 트럼프 미국 대통령이 호르무즈 해협을 통제하고 20%의 통행료를 징수하겠다고 선언했습니다. 트럼프는 '호르무즈 해협의 수호자'를 하겠다면서, 민간 선박의 안전을 보장하는 대가로 운송 화물 가액의 20%를 통행료 명목으로 받겠다고도 주장했습니다.",사회/세계
"[단독] 평균 42일 '늑장국회'…세금 55억 '허공' 13대~22대 전반기까지 원구성협상평균 41.6일 소요, 국민혈세 55억 낭비 국회법 어긴 불법 늑장 국회. 국회의원 연봉이 1억6000억원으로 국민세금 55억원이 여야 일할 채비 준비에만 쓰인 셈. 늑장 국회는 불법, 상임위원장을 자동으로 배분해야 한다는 지적이며 세비 감액 등 국회가 공전을 거듭하는 데 대해 스스로 책임을 지는 장치를 마련해야 한다.",정치
"박지성, 국회 청문회 불참…“축구협회 관련 할 말 없다” 박지성 K-축구 혁신위원장은 22일 예정된 대한축구협회 관련 국회 청문회에 출석하지 않겠다고 밝혔다. 이러한 결정은 2026 박지성컵 U-12 국제유소년 축구대회가 열리는 데다, 축구협회와 관련해 본인이 할 이야기가 없다는 이유 때문이다. 박 위원장은 '유소년 대회도 있지만, 제가 축구협회 일과 관련해서 할 수 있는 이야기가 없어서 청문회까지 나가서 이야기할 이유는 없다는 결론을 내렸다'고 언급했다.",문화/트렌드|정치
우주 분자운서 '당류' 검출…당의 '우주 기원설' 뒷받침 우주 분자 구름에서 당류가 검출됐다. 지구에 존재하는 당이 우주에서 기원했을 가능성에 무게를 더한 연구 결과다. 연구팀은 세계 최초로 분자운에서 ‘에리트룰로오스’라는 당을 확인하는 데 성공했다. 에리트룰로오스는 탄소 원자 4개로 이뤄진 케토스 계열의 천연 단당류다. 연구팀은 약 41억~38억년 전 발생한 후기 대폭격기에 50만~5000만톤의 에리트룰로오스가 지구 표면에 도달했을 것으로 추정했다.,IT/과학
"손화정 “영종, 공항경제수도로 키울 것” 인천 영종구청장은 '아플 때 걱정 없는 도시'를 구현하는 것이 목표로, GTX·KTX 국가철도계획을 반영하여 교통 및 의료 서비스 접근성을 개선하겠다고 밝혔다. 손 구청장은 4년 동안 '대한민국 공항경제수도'를 거듭나겠다는 의지를 밝혔다. 또한, 신설 영종구의 성공적인 안착 여부에는 조직이 얼마나 전문성을 갖고 체계적으로 움직이느냐에 달려 있다고 판단했다. 손 구청장은 '영종안심24' 중심의 잠들지 않는 행정을 펼치겠다는 계획을 밝혔다. 또한, 교통·의료 문제를 포함한 숙원사업을 속도감 있게 풀어나갈 것이라고 말했다.",사회/세계
"열돔·블로킹·폭염중대경보…세계 경제 덮친 '새로운 더위' 한국의 기후변화는 이제 구조적 경제 변수가 되었다. 대응책이 필요하다. 유럽 주요 경제국의 성장률까지 위협하고 있는 폭염으로 GDP도 줄어들게 된다. 기업들은 이미 폭염의 충격에 고스란히 노출됐으며, 전력 공급 안정성이 산업 경쟁력의 핵심 변수가 되었다.",사회/세계
"[전문] 나경원 ""나라 구하는데 내가 할 수 있는 일 해왔다"" [정국 기상대... 나경원 의원은 '투쟁력 좋은 사람들'을 언급하며, 20년이 넘는 오랜 정치 여정을 통해 경각에 달린 상황에서 막아내셨다고 말했다. 그는 정권교체가 되고서도 굉장히 치욕적이고 모멸을 많이 당하셨다고 회고했다. 나경원 의원은 '원칙 있는 통합'을 강조하며, 이념적인 지표는 자유민주주의와 헌법 가치겠다고 말했다. 그는 우리당의 비전을 반드시 제시해야 되며, 공천은 어쨌든 시스템 공천이 되어야 한다고 생각했다. 나경원 의원은 '보수 정당'에 대한 비판을 강조하며, 2016년·2020년·2024년 세 번의 총선을 보수 정당이 패배했는데, 그 중심에 이 공천 혼란, 잘못된 공천, 그게 있다는 거라고 말했다. 그는 이제 보수 정당에 대한 타협이 없는 그런 당대표가 제대로 서서 2028년 총선을 이끌기를 바라는 마음을 나타냈다.",문화/트렌드
"[이영웅 과학칼럼] 별빛이 건네는 우주의 일기장: 허블에서 거대마젤란... 우리는 우주 속에서 작고 연약한 존재임을 새삼 깨닫게 됩니다. 하지만 동시에 그 아득한 빛이 내 눈동자에 닿기까지 억겁의 시간을 견뎌왔다는 사실에 묘한 위로를 받기도 합니다. 인류는 우주를 읽어내기 위해 거대한 눈을 만들어왔습니다. 허블 우주망원경은 30년이 넘는 세월 동안 인류에게 우주의 황홀한 '졸업사진'을 선물해 주었습니다. 우리는 별먼지로 태어난 작은 행성의 존재들이, 빛을 통해 스스로의 기원을 찾아가며 우주가 지닌 위대한 비밀에 한 걸음 더 다가서는 눈부신 여정입니다.",문화/트렌드
"[단독] 송파구청, 선관위에 '위로금 달라' 공문‥진상규명도 '난항' 송파구청 파견 공무원은 6.3 지방선거 당시 잠실7동 제2투표소에서 23시간 가까이 갇혔으며, 응급실에 실려 가기도 했다. 송파구청은 선관위에 위로금을 공식적으로 요청했지만, 국가기관끼리 또는 공무원을 대상으로 위로금을 지급할 수 있는 규정이 없어 난감한 입장이다. 송파구청 측은 선관위의 공식적인 조사 요청이 없었다고 반박하고, 해당 투표관리관들은 검경 합동수사본부에 참고인으로 출석해 당시 상황을 진술했다.",정치
"김창옥, 박세리 눈물 기자회견 ""플래시가 잔인해 보였다""…진심 어린 위... 한국어 뉴스 요약 전문가가 제공하는 본문 분석 결과입니다. 본문은 언론사의 분류를 따르는 개별 기사 섹션 정보를 제공합니다. 해당 언론사는 선정하여 언론사 페이지로 이동할 수 있습니다.",문화/트렌드
"안철수 ""한동훈 복당 공식 반대""…국힘 차기 당권 경쟁 수면 위로 안 의원은 한 의원의 복당에 대해 공개적으로 반대 입장을 밝혔다. 그는 '사실을 있는 그대로 말한 증언을 허위로 둔갑시키는 것이야말로 명백한 허위사실 유포이자 명예훼손'이라고 주장했다. 안 의원은 한 의원이 계엄 해제 표결 참여를 자신의 '영웅 서사'로 만들고 있다고도 비판했다. 그는 '계엄을 막는 데 한 의원이 역할을 한 것은 사실이지만, 그날 밤 계엄을 막은 사람이 한 의원 혼자였던 것은 아니다'라며 '국회에서 표결에 참여한 의원들도 있었고...'라고 말했다. 안 의원은 한 의원을 향해서는 '할 말이 있다면 뒤에 숨지 말고 법정에 출석해 직접 증언하라'고 촉구했다. 그는 '본인의 주장을 입증하려면 지금이라도 법정에서 증언해야 한다'며 '창당을 생각하고 있다면 오히려 응원하겠다'고 말했다.",정치
"'남겨서' 박세리, 김창옥 위로에 ""기자회견장 앉아 있던 상황이 쉽지 않... 한국어 뉴스 요약 전문가가 제공하는 본문 분석 결과입니다. 본문은 언론사 페이지의 링크를 포함하여 AI 자동 인식으로 검색할 수 있습니다. 해당 언론사는 분류를 따르며 각 기사의 섹션 정보를 제공합니다.",문화/트렌드
축구토토 승무패 38회차 1등 미적중… 4억 1000여만 원 차회 이월 네이버스포츠는 언론사 분류와 기술 기반의 자동 분류 시스템을 사용하여 스포츠 기사 섹션 정보를 제공합니다. 오분류 제보는 네이버스포츠로 제보를 부탁드립니다. 언론사 페이지(아웃링크)로 이동해 볼 수 있습니다.,IT/과학
"사유리, 만원짜리 밀착 원피스도 완벽 소화..황금 골반+애플힙 감탄 한국어 뉴스 요약 전문가가 제공하는 본문 분석 결과입니다. 본문은 언론사 페이지로 이동할 수 있는 링크를 포함하고 있습니다. 해당 언론사는 분류를 따르며, 각 기사의 섹션 정보를 제공합니다.",라이프
"축구토토 승무패 4억1000여만 원 이월된다…38회차 1등 미적중, 2등부터... 네이버스포츠가 언론사 분류와 기술 기반의 자동 분류 시스템을 사용하여 스포츠 기사 섹션 정보를 제공합니다. 오분류 제보는 네이버스포츠로 제보를 부탁드립니다. 언론사 페이지(아웃링크)로 이동해 볼 수 있습니다.",문화/트렌드
‘국내·외 프로축구 14경기 대상’ 축구토토 승무패 38회차 1등 미적중... 네이버스포츠가 언론사 분류와 기술 기반의 자동 분류 시스템을 사용하여 스포츠 기사 섹션 정보를 제공합니다. 오분류 제보는 네이버스포츠로 제보를 부탁드립니다. 언론사 페이지(아웃링크)로 이동해 볼 수 있습니다.,문화/트렌드
포항서 소방관 사칭 사기 기승…4건에 2천여만원 피해 포항에서 소방관을 사칭한 사기 범죄가 4건 발생해 총 2천여만원의 피해를 낸 것으로 확인됐다. 사기범들은 소상공인에게 전화나 문자를 보내 '소화기를 교체해야 한다'거나 'AI 화재 감지기를 설치해야 한다'며 계좌로 물품 대금을 받은 뒤 잠적했다. 포항북부소방서 관계자는 '소방관서나 소방공무원은 일반 시민이나 자영업자를 대상으로 소방용품을 직접 판매하지 않고 특정 계좌로 대금을 요구하거나 송금을 유도하지 않는다'고 주의를 당부했다.,사회/세계
"'집행유예' 유아인, 석방된 후 포착…모자 쓴 채 환한 웃음 배우 유아인이 마약 투약 혐의로 대법원에서 징역형의 집행유예를 확정받은 후 첫 공식 영화 행사에 참석해 이목을 집중시켰다. 이날 행사에는 국내 정상급 스타들이 대거 출석해 자리를 빛냈다. 유아인은 지인들과 반갑게 인사를 나눴다. 유아인의 복귀는 공식적인 연예계 복귀는 아니지만 논란 이후 관객이 몰리는 대형 행사에 직접 발걸음을 했다는 점에서 업계의 시선이 쏠렸다.",문화/트렌드
"‘마약 투약’ 유아인, 석방 후 근황…장재현 감독과 ‘호프’ 행사 참... 한국어 뉴스 요약 전문가가 제공하는 본문 분석 결과는 없습니다. 본문은 검색 링크와 언론사 페이지의 정보를 제공합니다. 해당 언론사는 분류 제보하기에 대한 정보를 제공합니다.",문화/트렌드
"北 핵실험 탐지 연구 지진학자, 중국에 구금…美, 석방 요청 북한의 핵실험 탐지를 연구하던 미국인 지진학자 여우린 천이 20개월 넘게 중국에 구금된 상태다. 천은 가족을 만나고 미 매사추세츠주 보스턴의 집으로 돌아오려는 데 도움을 요청하고 있다. 트럼프 대통령의 요청에 시 주석은 검토하겠다고 답변한 것으로 전해졌다.",정치
"'지인에 필로폰 투약' 황하나 1심서 벌금형 석방 법원은 마약류 관리에 관한 법률 위반 혐의로 벌금 4천만원을 선고하고 2만원 추징을 명령했다. 황하나씨는 지인 부탁을 받아 투약해준 점, 필로폰 사용량이 비교적 소량인 점 등으로 볼 때 상대적으로 범행의 중대성이 크지 않다고 판시했다. 황씨는 2023년 7월 서울 강남의 한 아파트에서 지인 2명에게 필로폰 투약을 권유하며 직접 주사기로 투약시킨 혐의로 구속기소 됐다.",사회/세계
"마약 혐의 황하나, 벌금형 그쳐 석방…“투약 증명 안돼” 남양유업 창업주의 외손녀 황하나 씨가 1심에서 벌금형을 선고받고 석방됐다. 재판부는 마약 투약 혐의에 대해선 무죄 취지로 판단했지만, 해외 도피 부분은 유죄로 봤다. 황 씨는 4000만원의 벌금과 20000원의 추징을 명령받아 석방됐다.",사회/세계
"""매출 폭발적 증가""…홀란의 애착 머리끈 '끄네끼' 품절대란 노르웨이 축구대표팀 공격수 엘링 홀란이 착용한 머리끈은 한국 기업에서 시작된 브랜드 제품으로, 매출이 폭발적으로 늘어났다. 홀란이 맨체스터 시티에서 끄네끼를 착용하기 시작한 이후 브랜드 성장률이 400~500%에 달했다. 한국 기업 '두지'에서 탄생한 노르웨이 브랜드 '끄네끼'는 현재 글로벌 브랜드 운영을 본뎁이 맡고 있지만 특허와 핵심 제조 기술은 두지가 보유하고 있다.",경제
"홀란의 애착 머리끈은 경남 함양 출신…‘끄네끼’ 매출 400% 급증 노르웨이 엘링 홀란이 2026 북중미 월드컵에서 '끄네끼' 머리끈을 착용해 화제다. 홀란은 노르웨이 브랜드 '끄네끼(KKNEKKI)'의 제품을 착용해 1987년 한국에서 탄생한 브랜드의 특허·기술 보유를 강조했다. 두지 회사는 2015년 노르웨이 기업 '본뎁'과 라이선스 계약을 맺었으며, 현재 끄네끼 제품에 대한 독점 생산권을 가지고 베트남, 중국 등의 공장에서 제품을 만드는 중이다.",문화/트렌드
"[영상] ""머리 불붙은 손님 끌어내기도""…한밤 방콕 술집 화재 27명 사망 태국 방콕 북부의 술집에서 큰불이 나 20명 넘게 숨지고 60여 명이 중경상을 입었습니다. 술집 내부 대피로가 없는 쪽으로 많은 손님이 몰리면서 인명피해가 컸습니다. 방콕 당국은 화재 당시 비상구를 장애물이 막고 있었을 가능성을 열어 놓고 조사하고 있습니다.",사회/세계
"""머리에 얼음팩"" 일하면서 땀 뻘뻘…땡볕 아래서 배달 서울의 낮 최고 기온이 33도까지 올랐고, 동대문구를 비롯한 서울 동북권에는 폭염 경보가 발령됐습니다. 폭염과 사투를 벌이는 노동자들은 땀으로 젖은 옷을 말리고, 목에 냉풍기를 두른 채 일하고 있습니다. 하루 최대 10시간씩 땡볕 아래 달궈진 도로를 달리다보면 땀은 비 오듯 흘러내립니다.",라이프|사회/세계
"‘패자의 품격’ 홀란이 질끈 묶은 머리끈…경남 함양서 태어났다 엘링 홀란이 잉글랜드와의 8강전에서 머리를 정리하고 있는 등 '패자의 품격'을 보여준 노르웨이의 '괴물 공격수'가 주목받았다. 홀란은 경기 후 판정에 불만을 드러내는 대신 잉글랜드 선수들을 찾아갔다. 그는 잉글랜드 주장 해리 케인과 이날 2골을 넣은 주드 벨링엄을 안아주며 승리를 축하했다. 홀란이 즐겨 사용하는 머리끈 브랜드 '끄네끼(KKNEKKI)'는 1987년 경남 함양에서 탄생한 제품으로, 현재도 한국에서 생산돼 노르웨이로 수출되고 있다.",문화/트렌드
"""은하에 대한 이해가 좀 더 달콤해졌다"" 우리 은하 성간 물질에 당 분자 존재 확인, 지구의 생명 기원 이해 첫 걸음. 성간 우주에서 당 성분이 처음으로 발견돼 지구에 있는 당 성분의 기원, 나아가 생명의 출현에 관한 중요한 단서를 제공. 은하 중심부 가까운 곳의 한 성운에서 나온 주파수 패턴 중 하나가 에리트룰로스라는 당의 패턴과 일치해 성간 물질 속 당의 존재를 확인.",라이프
"리센느 발탁한 도미노, 이번엔 무신사 감성 입은 '무진장 피자' 굽는다 도미노피자가 16일 한정판 신메뉴 '무진장 슈림프 스테이크 피자'를 출시, 무신사의 대표 키워드인 '무진장'을 재해석해 개발했다. 무신사는 도미노피자의 글로벌 헤리티지를 1990년대 아메리칸 빈티지 무드로 재해석한 '무신사 에디션' 한정판 컬렉션 7종을 단독 발매한다. 도미노피자는 리센느를 새로운 전속 모델로 발탁, 신규 TV CF를 론칭하고, 이번 신메뉴 출시를 기념해 프로모션을 진행하며 행운 상품권 이벤트를 제공할 예정이다.",라이프
"세븐틴 디노, 이문세와 감성 협업 세븐틴 디노가 새로운 페르소나 '피철인'으로 본격적인 활동에 나선다. 디노는 15일 오후 6시 선공개곡 '아프지 않은 이별은 없다(내레이션 이문세)'를 발표하고, 8월 3일 미니앨범 '길보드'를 발매한다. 피철인은 대중의 일상에 자연스럽게 스며드는 페르소나로, 사람들의 삶에 흥겨운 리듬을 더하는 존재로 다가갈 것",문화/트렌드
"""막걸리에 와인 감성을"" 서울장수, CU와 '샤인블랑스파클링' 출시 서울장수주식회사는 스파클링 와인의 세련된 감성을 담은 신제품 '샤인블랑스파클링'을 출시했다. 이번에 선보이는 '샤인블랑스파클링'은 알코올 도수를 3%로 낮춰 일상 속에서 ‘가볍게 즐기는 술’이라는 캐주얼하고 트렌디한 음용 문화를 제안한다. 서울장수는 이 제품을 통해 기존 막걸리보다 한층 가볍고 세련된 선택지를 원하는 2030 소비자들에게 대안이 될 것으로 기대된다.",라이프
"데이식스 영케이, 푸른빛 감성 물들었다…'YOUNGEST' 첫 콘셉트 포토 공... 한국어 뉴스 요약 전문가가 제공하는 본문은 검색 링크를 포함하여 AI 자동 인식으로 제공됩니다. 언론사 페이지로 이동해 볼 수 있는 기사의 섹션 정보는 해당 언론사의 분류를 따릅니다. 기사는 언론사에서 선정하며 전체 검색 결과로 연결될 수 있습니다.",문화/트렌드
"오뚜기, '동대문식 닭한마리 칼국수' 출시…""집에서 노포 감성 즐긴다"" 오뚜기는 동대문 닭한마리 골목의 맛을 담은 신제품 '동대문식 닭한마리 칼국수'를 출시했다. 이 신제품은 로컬 맛집 트렌드를 반영해 기획됐으며, 깊고 진한 국물 맛과 노포 감성을 간편하게 즐길 수 있도록 구현했다. 오뚜기는 앞으로도 전국 각지의 로컬 미식과 K-푸드의 매력을 간편식으로 선보이며 소비자들에게 다양한 미식 경험을 제공해 나갈 계획이다.",라이프
"'모친상' 신기루 ""장례지도사 말에 위로받아..母, 빨리 갈 줄 몰랐다"" [... 한국어 뉴스 요약 전문가가 제공하는 뉴스 본문을 분석하여 가장 중요한 핵심 내용을 요약합니다. 본문 듣기를종료하고 검색 링크를 제공하며 일부는 미제공될 수 있습니다. 언론사 페이지로 이동해 볼 수 있는 개별 기사의 섹션 정보를 제공합니다.",문화/트렌드
"에펠탑 위로 열린 빛의 장막 프랑스 파리 에펠탑에서 열린 불꽃놀이에서는 드론과 불꽃이 밤하늘을 수놓고 있다. 올해 불꽃놀이는 2016년 니스 테러 10주기를 맞아 희생자들을 추모하기 위해 예년보다 하루 앞당겨 열렸다. 파리시는 ‘함께, 행복하게’를 주제로 1600대의 드론과 불꽃을 결합한 공연을 선보였다.",사회/세계
"우리은행-서울경제진흥원, 금융취약계층 대상 금융교육 나선다 우리은행과 서울경제진흥원은 청년 및 금융취약계층을 대상으로 한 금융교육을 실시하기로 했다. 이번 협약을 통해 두 기관은 경제·금융교육 프로그램 공동 기획 및 운영, 계층별 금융교육 제공, 온라인 교육채널 공동 운영 등 다양한 분야에서 협력할 예정이다. 우리은행은 금융교육 전문인력을 활용해 실생활에 밀접한 금융교육을 제공하며, 이를 통해 취약계층의 금융역량 강화를 위해 노력할 계획이다.",경제
눈 감은 송강·이준영…피아노로 하나된 청춘들 한국어 뉴스 요약 전문가가 제공하는 본문 분석 결과는 없습니다. 본문은 검색 링크와 언론사 페이지의 정보를 제공합니다. 해당 언론사는 분류를 따르며 페이지로 이동할 수 있습니다.,문화/트렌드
"‘포핸즈’ 송강·이준영, 듀오 포스터 공개 한국어 뉴스 요약 전문가가 제공하는 뉴스 본문을 분석하여 가장 중요한 핵심 내용을 요약합니다. 본문 듣기를종료하고 검색 링크를 제공하며 일부는 미제공될 수 있습니다. 언론사 페이지로 이동해 볼 수 있는 개별 기사의 섹션 정보를 제공합니다.",문화/트렌드
"‘포핸즈’ 송강·이준영 협주 포스터 tvN 새 토일드라마 '포핸즈'는 예술고등학교를 배경으로 음악 천재들의 우정과 사랑, 경쟁, 성장을 그리는 청춘 드라마다. 송강과 이준영의 듀오 포스터에는 피아니스트가 한 대의 피아노 앞에 나란히 앉아 '포핸즈' 연주를 펼치는 모습이 담겼다. 두 피아니스트가 함께할수록 깊어지는 우정과 치열한 경쟁이 극의 주요 축을 이룰 것으로 보인다.",문화/트렌드
"‘강회장’ PD “이준영, 지구 끝까지 갈 파트너십” 한국어 뉴스 요약 전문가가 제공하는 뉴스 본문을 분석하여 가장 중요한 핵심 내용을 요약합니다. 본문 듣기를종료하였습니다. 본문의 검색 링크는 AI 자동 인식으로 제공됩니다. 오분류 제보하기 개별 기사의 섹션 정보는 해당 언론사의 분류를 따르고 있습니다.",라이프
"흑 이준영X백 송강, 은혜로운 투샷 완성..'포핸즈' 듀오 포스터로 시청... 한국어 뉴스 요약 전문가가 제공하는 뉴스 본문을 분석하여 가장 중요한 핵심 내용을 요약합니다. 본문 듣기를종료하고 검색 링크를 제공하며 일부는 미제공될 수 있습니다. 언론사 페이지로 이동해 볼 수 있는 개별 기사의 섹션 정보를 제공합니다.",문화/트렌드
"롯데월드 역대 최대 투자…‘콩X고질라 : 더 라이드’ 24일 오픈 롯데월드 어드벤처가 24일 '콩X고질라 : 더 라이드'를 오픈, 멀티미디어 다크라이드를 선보인다. 이번 어트랙션은 미국 엔터테인먼트사 레전더리 엔터테인먼트, 일본 도호, 샐리 다크라이드 등과 협업해 만든다. 이용객들은 콘텐츠와 공간, 이야기를 유기적으로 연결해 몬스터버스의 주인공이 된 듯한 몰입형 경험을 제공할 것",라이프|문화/트렌드
"추락사고 나고 이틀 만에 롤러코스터도…경주월드 결국 경주월드의 대관람차 '타임라이더'에서 추락사고가 발생해 탑승객 5명이 병원으로 이송됐다. 이틀 만인 11일, 롤러코스터 '드라켄'이 멈춰 섰으며 탑승객 24명은 공중에 약 10분 동안 고립됐다. 경주월드는 16일까지 영업을 전면 중단하고 안전진단과 교육을 실시할 계획으로, 휴장 기간 예매한 입장권은 수수료 없이 전액 환불받을 수 있다.",사회/세계
일본 술 빚던 미생물이 폐배터리에서 리튬 캤다 낙동강생물자원관은 리튬 90% 이상 회수 기술을 개발했다. 이 기술은 폐배터리 블랙파우더 내에서 리튬을 회수할 수 있는 미생물을 찾았다. 아스퍼질러스 루추엔시스는 일본 오키나와의 옛 이름인 ‘류큐’에서 유래됐다.,IT/과학
"KBSI, 우울행동 완화하는 장내 미생물 2종 발견 한국기초과학지원연구원(KBSI)은 호남권센터 정혜종 박사팀이 만성 스트레스 환경에서 우울 유사 행동과 밀접한 관련이 있는 장내 미생물 2종을 찾아내고 이들 미생물이 뇌 신경세포의 산화스트레스와 신경영양 신호전달체계를 회복시키는 분자 기전을 규명했다. 인테스티니모나스 부티리시프로듀센스(Intestinimonas butyriciproducens)와 파라박테로이데스 메르다에(Parabacteroides merdae)를 우울 행동과 연관된 핵심 후보 균주로 발굴했다. 두 균주는 신경세포 내 활성산소 생성을 줄여 산화스트레스를 완화하고 미토콘드리아 기능 저하와 세포사멸 신호를 억제하는 것으로 확인됐다.",IT/과학
"낙동강생물자원관, 폐배터리서 리튬 90% 회수하는 미생물 확인 국립낙동강생물자원관이 미생물을 통해 폐배터리에서 더 많은 리튬을 회수할 수 있다고 밝혔다. 아스퍼질러스 루추엔시스 배양액과 유기산을 사용하면 리튬을 90.3%와 87.8% 용출할 수 있었다. 자원관은 이번 연구 결과를 토대로 특허를 등록하고, 미생물 배양시설이 없는 산업현장에서 실용성을 고려해 기술 개발에 속도를 낼 계획이다.",IT/과학
"황산보다 회수율 높였다…폐배터리 리튬, 미생물로 90.3% 회수 낙동강생물자원관이 개발한 기술로 폐배터리 속 리튬을 90% 이상 회수할 수 있다. 이 기술은 전기차와 에너지저장장치 보급 확대로 핵심 광물 수요가 늘어나는 상황에서 활용될 수 있을지 주목된다. 연구진은 미생물 배양액을 활용한 실험에서는 폐배터리 블랙 파우더 안의 리튬을 최대 90.3%까지 회수했다.",IT/과학
"미생물로 폐배터리 리튬 90% 이상 회수 기술 개발 국립낙동강생물자원관이 리튬 회수 기술을 개발해 90% 이상 회수하는 친환경 기술을 갖추게 되었다. 연구진은 아스퍼질러스 루추엔시스를 활용해 폐배터리 블랙파우더 속 리튬을 최대 23%↑까지 회수할 수 있는 미생물을 찾았다. 국립낙동강생물자원관은 이 기술을 바탕으로 특허를 등록하고, 향후 폐배터리 재활용 산업 활성화와 핵심 광물 공급망 안정화를 목표로 추진할 계획이다.",IT/과학
"급사한 ‘트럼프 우군’ 그레이엄 미 상원의원 후임에 여동생 임명  린지 그레이엄 미국 상원의원의 후임으로 그의 여동생 달린 그레이엄 노르돈(58)이 임명됐다. 그레이엄의 여동생은 2027년까지 상원의원직을 수행하게 되며, 이례적인 가족 승계 발표를 받았다. 달린 그레이엄 노르돈은 오빠를 잃은 후에 그의 곁을 지켰으며, 이제는 그의 정치 인생을 이어받게 되었다.",사회/세계
"노조가 성과급 넘어 경영에도 개입?…삼성전자 주주들 뿔났다 삼성전자 노동조합이 호남 반도체 투자 계획을 노사 간 단체교섭 의제로 삼겠다는 방침을 밝히자 주주단체가 강하게 반발했다. 주주운동본부는 '노동이 경영의 전면에 섰다'며 '이익을 나누는 일도, 그 이익을 미래에 투자하는 일도 종국에는 주주의 참여와 동의 위에서 정해져야 한다'고 강조했다. 고용노동부가 기업 투자·증설은 교섭 대상이 아니라고 선을 그은 데 대해 주주운동본부는 '(정부) 스스로 5·20의 과오를 자백한 것과 다르지 않다'고 꼬집었다.",경제
"홈플러스 노조, 청와대로 돌진했다 경찰 제지…정부 개입 촉구(종합) 홈플러스 마트노조가 13일 청와대 분수대 앞에서 기자회견을 열고, MBK의 사모펀드 민낯 백일하에 드러나며 정부 책임론도 제기했다. 이재명 정부는 즉각 범정부 비상대책기구를 구성하고, 홈플러스 영업 정상화와 노동자 고용보 장을 위한 긴급 대책을 내놓아야 한다고 강조했다. 노동자 5명은 회견장으로 이동하던 중 기습 시위를 하고 있어 경찰 제지됐다.",정치|경제|사회/세계
"이란군 ""미국 호르무즈 개입 용납 못해…에너지 안보 위협"" 군 당국은 미국의 호르무즈 해협 통제를 절대 용납하지 않겠다고 밝혔다. 이란 이슬람혁명수비대는 미국의 호르무즈 해협 관리에 개입하는 것을 결단코 허용하지 않을 것이라고 강조했다. 혁명수비대 대변인은 미국을 직접 겨냥해 새로운 침략 행위에 대해 과거보다 더 큰 굴욕과 패배를 안겨줄 것이라고 경고했다.",사회/세계
"이란군 “美 호르무즈 개입 용납 못해…반드시 책임져야 할것” I란군은 호르무즈 해협 통제에 미국의 개입을 절대 용납하지 않겠다는 입장을 밝혔다. Iran 이슬람혁명수비대(IRGC) 대변인은 미국의 호르무즈 해협 관리에 간섭하려는 군사적 모험주의를 비판했다. 호르무즈 해협에 대한 통제와 관리를 지속하고 있으며, 미국을 겨냥해 새로운 침략 행위에 대해 과거보다 더 큰 굴욕과 패배를 안겨줄 것이라고 경고했다.",사회/세계
"종합특검, 19일 김건희 소환 조사…관저 공사 개입·금품수수 혐의 윤석열 전 대통령의 체포 방해 혐의에 대한 수사를 진행하는 권창영 특별검사팀이 김건희 여사를 소환 조사를 요구했다. 나경원·김기현 의원에게는 20일 출석하여 조사받으라는 통보를 내렸으며, 이들 의원은 윤 전 대통령 체포영장 집행을 방해한 혐의로 입건된 바 있다. 종합특검팀은 또한 '양평 고속도로 노선 변경 의혹'과 관련해서는 원희룡 전 국토교통부 장관을 소환 통보했으나 폐문부재로 출석요구서가 송달되지 않았다고 밝혔다.",정치|사회/세계
"與내부 '보완수사권 존치' 목소리 커지는데…당권주자들, '선명성'에 몰... 더불어민주당 내부에서 검찰 보완수사권 완전 폐지를 다시 생각해야 한다는 목소리가 커지고 있다. 보완수사권 존치에 대한 국민 여론도 흐르고 있지만, 차기 당권주자들은 보완수사권 완전 폐지를 주장하며 선명성 부각에만 집중하고 있는 모양새다. 민주당 내부에서는 검찰 보완수사권 완전 폐지 가능성이 높아지는 건 이소영·고민정 의원의 지적대로 당권주자들의 선명성 경쟁 때문이다.",정치
"""대선 불출마"" 정청래 당권 도전‥5파전 확정 정청래 전 더불어민주당 대표가 당대표 연임 도전을 공식화했습니다. 이재명 대통령에게 끝까지 의리를 지킬 사람은 정청래",정치
"정청래 ""당대표직 이용해 대선 출마 생각없어""…당권도전 선언 정청래 전 대표가 13일 국회 소통관에서 더불어민주당 당대표 후보 연임 도전을 선언했다. 정 전 대표는 이재명 대통령 곁을 끝까지 지키겠다고 말하고, 이 대통령에게 의리를 지킬 사람은 자신이라고 강조했다. 정 전 대표는 모든 당권은 당원으로부터 나온다며, 당원의 뜻을 받들어 민주당을 더 강하고 더 유능하고 더 민주적인 당원주권 정당으로 만들겠다고 말했다.",정치
"안철수 vs 한동훈…서로 날카롭게 각 세우는 이유는? 안철수와 한동훈이 노골적인 설전을 벌이는 가운데 안 의원은 '계엄 당시 당대표였던 한 의원이 당사로 모이라는 지시를 내렸다'는 법정 증언을 놓고 반박하고 있다. 한 의원은 안 의원의 법정 증언을 '왜곡'이라고 하며, 안 의원은 정치적 의도를 갖고 한 의원을 저격하고 있다고 주장하고 있다. 두 사람의 갈등은 향후 보수 재편 과정에서 우위를 점하기 위해 벌이는 경쟁의 일환으로 보는 시각도 있으며, 본격적인 복당 논의가 시작되면 양측의 갈등이 더 첨예해질 것이라는 관측이 나온다.",정치
"“李 지킬 사람은 나…대선 출마 안 한다” 정청래, 당권 도전 선언 정 전 더불어민주당 대표가 8·17 전당대회에서 당대표 후보 연임 도전을 선언했다. 정 전 대표는 네거티브 안할 것과 부당한 돈을 쓰지 않을 것을 약속하며 이재명 정부의 경제 정책 뒷받침을 추진할 계획이다. 정 전 대표는 이재명 대통령과의 의리를 지키겠다고 강조하며 노무현 대통령께서 사람 대접 받고 싶으면 의리가 있어야 한다고 말씀하셨다.",정치
"불꽃 위로 열린 푸른빛 문 프랑스 파리에서 프랑스 혁명기념일을 하루 앞둔 13일, 에펠탑 상공에 드론으로 형상화한 푸른빛 구조물이 불꽃과 어우러졌다. 파리시는 이날 '함께, 행복하게' 주제로 12개 장면으로 구성된 불꽃·드론 공연을 선보였다. 이 공연은 프랑스 혁명기념일을 기념하는 의미 있는 행사였다.",사회/세계
"[게시판] 우리은행·서울경제진흥원, 청년·취약계층 금융교육 협약 우리은행과 서울경제진흥원은 청년 및 취약계층을 위한 금융교육 업무협약을 맺었다. 양 기관은 계층별 금융교육, 온·오프라인 교육 채널 운영, 금융교육 전문 강사 지원 등을 협력할 예정이다. 이번 협약으로 금융교육 사각지대를 해소하고 다양한 계층을 대상으로 금융교육을 제공할 계획이다.",경제
"자립준비청년, 전문 재무설계사 상담 받는다…경제적 자립 지원 복지부와 금융감독원은 28일까지 카카오톡과 온라인으로 자립준비청년 120명을 대상으로 비대면 온라인 재무상담을 실시한다. 이번 프로그램은 전문 재무설계사가 청년들의 재무상황을 종합적으로 진단하고, 개인별 재무목표에 맞는 자산관리 계획을 설계하는 맞춤형 상담 프로그램이다. 금융감독원과 복지부는 이 프로그램을 통해 자립준비청년들이 건강한 금융 습관을 형성하고 안정적인 경제적 자립을 지원하기 위해 노력한다.",라이프
"우리은행, 서울경제진흥원과 손잡고 금융교육 사각지대 없앤다 우리은행과 서울경제진흥원은 금융교육 업무협약을 체결하여 청년과 취약계층을 위한 금융교육을 공동 추진한다. 이번 협약으로 양 기관은 △청년 및 취약계층을 위한 경제⸱금융교육 프로그램 공동 기획 및 운영 등 다양한 분야에서 협력할 예정이다. 우리은행은 금융교육 전문인력을 활용해 실생활에 밀접한 금융교육을 제공하며, 이를 통해 그동안 청년 중심으로 이뤄지던 금융교육을 △자립청년 △은둔⸱고립청년 △한부모 및 미혼모 가정 △군장병 △특성화고 학생 △발달장애인 등 다양한 취약계층으로 넓혀 금융교육의 사각지대를 해소해 나갈 계획이다.",경제
"""암기형 대신 직무능력 평가""…간호사 국시 바뀐다 대한간호협회는 2026년 간호대학 교수 정책연수 개최, 간호사 국가시험의 대대적인 혁신을 추진할 것. 보건의료인국가시험원은 컴퓨터화 시험(CBT) 도입, 멀티미디어 및 사례형 문항 확대, 2028년 제68회 국가시험부터 과목 통합 및 문항 수 조정을 단계적으로 추진할 것. 간호대학 교수들은 간호교육 정책 현안에 관한 분임 토의를 통해 간호 정책이 교육 현장에 미치는 파급력을 재확인하고, 향후 간호교육 정책에 실질적으로 반영되기를 기대한다.",IT/과학
"""간호사국시 혁신, 단순 암기 위주 평가 탈피"" 간호사국가시험의 대대적 혁신이 필요해 간호교육의 질적 도약을 이룰 수 있다고 입을 모았다. 2028년부터 과목 통합·문항 수 조정-국제적 수준 합격선 설정 기법 도입할 예정이다. 간호대학 교수들은 학생들이 실무적 고민을 정책 의제로 확장하고 대안을 제시할 수 있도록 지도하는 ‘정책 교육자’ 역량이 교수의 새로운 핵심 과제라고 강조했다.",IT/과학
"간호사 국시, 암기형 벗어나 직무능력 평가 방식으로 전환한다 간호사 국가시험이 직무능력을 평가하는 방식으로 전환됩니다. 2028년 68회 간호사 국시부터 과목 통합과 문항 수 조정이 추진되며, 컴퓨터화 시험(CBT)을 도입할 계획입니다. 국제적 수준의 합격선 설정기법(Modified Angoff)도 도입하여 면허 시험의 공정성과 객관성을 확보할 것입니다.",사회/세계
신예은 “간호사 친구들에게 자문..하리의 따뜻함 담고 싶었죠” [IS인터... 한국어 뉴스 요약 전문가가 제공하는 뉴스 본문을 분석하여 가장 중요한 핵심 내용을 요약합니다. 본문 듣기를종료하고 검색 링크를 제공하며 일부는 미제공될 수 있습니다. 언론사 페이지로 이동해 볼 수 있는 개별 기사의 섹션 정보를 제공합니다.,문화/트렌드
"PA간호사 업무 제도화, 남은 과제는? 보건복지부는 간호사의 진료지원업무 수행에 관한 규칙과 목록 고시를 공포·발령했다. 진료지원업무는 의료기관 인증을 받은 병원·요양병원·종합병원에서 전문간호사와 전담간호사가 수행할 수 있다. 의료노동계에서는 사각지대 해소에 대해 긍정적으로 평가하면서도, 교육 격차와 업무·책임 전가를 막을 보완책이 필요하다고 우려했다.",사회/세계
"李대통령 ""계급장 떼고 토론해야…장관부터 직원까지 소통필요"" 이재명 대통령은 국무회의에서 '부·처·청'을 강조하며 소통의 중요성을 역설했다. 이 대통령은 최근 시·군 발주사업을 따기 위해 지역을 옮기며 법인을 세우는 문제를 거론하며 부처 간 소통의 필요성을 강조했다. 이 대통령은 정부 출범 2년째를 새로 시작하면서 더 성과를 내야 한다고 당부하며, 큰 돌을 집어내고 다음에 중간 돌을 집어내고 자갈까지 집어내야 옥토가 된다.",정치
"현업 AI 전문가들이 직접 초등학생 AI 코딩 가르치는 곳 신한은행 Tech봉사단이 3년째 AI 코딩 체험 교실을 운영하고 있어 주목된다. 이들은 초등학생들을 대상으로 AI 로봇을 직접 조립하고 프로그래밍하는 과정을 체험하게 하는 프로그램을 마련했다. 신한은행 Tech봉사단은 임직원들의 IT 전문성을 활용해 지역사회의 디지털 격차 해소에 기여하고 있다. 이들은 어린이들의 디지털 역량과 창의적 문제 해결 능력 향상을 지원하고 있다. 올해 하반기부터 신한은행은 지방까지 디지털 교육을 확대할 계획이다. 이들은 지역 어린이들에게 AI와 디지털 금융 교육 기회를 제공하며, 지역 간 디지털 교육 격차 해소에도 적극 나설 예정이다.",IT/과학
"[게시판] 신한은행, 어린이 AI 코딩 체험 교실 신한은행이 초등학생을 대상으로 어린이 인공지능(AI) 코딩 체험 교실을 열어 AI 기술 원리를 이해할 수 있도록 했다. 체험 교실에는 지역아동센터와 보육원 등에서 400여명의 어린이가 참여해 디지털 금융의 기초를 자연스럽게 익힐 수 있었다. 사내 봉사 조직인 '테크 봉사단'이 체험 교실을 도와 초등학생들이 AI 로봇을 직접 조립하고 프로그래밍할 수 있도록 했다.",IT/과학
"패스트캠퍼스 기업교육, 바이브코딩 교육 문의 373% 증가 패스트캠퍼스 기업교육이 올해 상반기 AI 교육 문의를 373% 증가시키는 등 기업들의 AI 역량 강화를 위한 교육 수요가 확대되고 있다. 기업들은 AI를 실제 업무 프로세스에 적용할 수 있는 역량을 확보하려는 데 초점을 맞추고 있으며, 바이브코딩 구현과 AI 에이전트 활용법 등을 익히는 교육에 대한 요구가 뚜렷하게 증가하고 있다. 패스트캠퍼스는 기업 현장에서 필요한 AI 역량을 가장 먼저 교육으로 체계화하며 변화하는 기업 수요에 대응해왔다, 앞으로도 최신 AI 기술을 실무 교육에 반영해 기업들이 AI를 실제 업무 경쟁력으로 연결할 수 있도록 지원해 나갈 계획이다.",IT/과학
"신한은행, 어린이 AI 코딩 교실…3년째 재능기부 신한은행은 초등학생을 대상으로 '어린이 AI 코딩 체험 교실'을 열어 디지털 금융 기초를 다졌다. Tech봉사단이 운영하는 교육은 AI 로봇 조립·프로그래밍 과정을 거치며 어린이들의 디지털 역량 향상을 지원하고 있다. 하반기부터는 지방으로 확대하여 '신한 학이재'와 연계해 지역 어린이에게 AI·디지털 금융 교육 기회를 제공할 계획이다.",IT/과학
"뉴욕서 투자유치전…경기도, 글로벌 진출 스타트업 모집 경기도와 경기도경제과학진흥원은 '투자유치 지원 프로그램'에 참여할 스타트업을 다음 달 7일까지 모집한다. 선정된 기업들은 3개월 동안 글로벌 진출 역량 진단, IR 피칭 자료 고도화 및 컨설팅 등을 지원받게 된다. 현지 프로그램을 성공적으로 마친 선정기업에는 총 5억원의 직접투자 검토와 팁스(TIPS) 지원이 계획된다.",IT/과학
너무 예뻐서 '방송 사고'…'월드컵 여신' 중계로 경기 놓쳤다 샤키라의 얼굴이 중계 카메라에 잡혀 2026 FIFA 월드컵 8강전 경기의 주요 장면을 놓치는 방송 사고가 발생했다. 샤키라는 월드컵 공식 주제가 'Dai Dai'를 가창하며 전 세계 음악 차트 정상을 휩쓸며 폭발적인 흥행 신화를 기록하고 있다. 샤키라는 20일 오전 4시 뉴욕 메트라이프 스타디움에서 개최되는 결승전의 사상 첫 하프타임 쇼 공동 헤드라이너로 출격하며 월드컵 시작과 끝을 장식하는 유일무이한 아티스트가 된다.,문화/트렌드|사회/세계
"[날씨] 경기 북부 최고 120mm 폭우...수도권 강풍 예비 특보 오늘 밤 수도권·강원 북부 등에서 많은 비가 쏟아질 것으로 예보됩니다. 태풍 바비의 열대 수증기와 찬 공기, 산맥이 만나 극한 호우 우려입니다. 강풍도 걱정으로 전국 곳곳이 초속 20m 이상 강풍 특보 수준의 돌풍이 우려됩니다.",사회/세계
"""얼마나 예쁘길래""…'월드컵 여신' 보느라 경기 놓친 카메라 프랑스와 모로코의 2026 FIFA 월드컵 8강전 경기 중 샤키라의 얼굴이 카메라에 잡혀 방송 사고가 발생했다. 중계 카메라는 한동안 샤키라의 모습을 비추느라 경기장으로 돌리지 못해 중요한 장면이 누락됐다. 프랑스는 2-0 완승을 이끌었으며, 샤키라는 북미 투어 중인 상태에서 보스턴 공연 일정을 소화하던 중 경기장을 찾은 것으로 알려졌다.",문화/트렌드|사회/세계
"'설록' 봉태규 ""야사 추가된 역사 이야기…더 흥미로워"" 한국어 뉴스 요약 전문가가 제공하는 뉴스 본문을 분석하여 가장 중요한 핵심 내용을 요약합니다. 본문 듣기를종료하였습니다. 본문의 검색 링크는 AI 자동 인식으로 제공됩니다. 해당 언론사에서 선정하며 언론사 페이지(아웃링크)로 이동해 볼 수 있습니다.",IT/과학
"'시간추적자 설록', 장항준→봉태규의 색다른 역사 읽기(종합) 한국어 뉴스 요약 전문가가 제공하는 본문 분석 결과입니다. 본문은 언론사의 분류를 따르는 개별 기사 섹션 정보를 제공합니다. 해당 언론사는 선정하여 언론사 페이지로 이동할 수 있습니다.",라이프
"장항준, 봉태규에 저격당했다…""녹화 시간 길어지면 불호령"" ('시간추적... 한국어 뉴스 요약 전문가가 제공하는 뉴스 본문을 분석하여 가장 중요한 핵심 내용을 요약합니다. 본문 듣기를종료하였습니다. 본문의 검색 링크는 AI 자동 인식으로 제공됩니다. 오분류 제보하기 개별 기사의 섹션 정보는 해당 언론사의 분류를 따르고 있습니다.",문화/트렌드
"'설록2' 봉태규 ""강의 아닌 대화로 풀어내는 역사"" 배우 봉태규가 '시간추적자 설록'에 새롭게 합류해 프로그램의 차별화된 매력을 강조했다. '시간추적자 설록'은 역사의 작은 단서에서 출발해 야사 속 숨은 이야기를 파헤치며, 우리가 미처 알지 못했던 반전과 흥미로운 역사의 이면을 생생하게 전달할 예정이다. 봉태규는 배우로서 프로그램에 임하는 남다른 시선으로 '녹화를 한다는 느낌보다는 정말 재미있는 옛날이야기를 들으러 와서 편하게 질문하는 기분'이라고 기대감을 드러냈다.",문화/트렌드
"봉태규 ""'시간추적자 설록', 드라마처럼 보는 재미 있어"" 한국어 뉴스 요약 전문가가 제공하는 뉴스 본문을 분석하여 가장 중요한 핵심 내용을 요약합니다. 본문 듣기를종료하였습니다. 본문의 검색 링크는 AI 자동 인식으로 제공됩니다. 언론사 페이지(아웃링크)로 이동해 볼 수 있습니다.",문화/트렌드
"검찰 압색한 곳 경찰이 또 압색… 자존심 대결로 번진 ‘장윤기 수사’ 장윤기(24)가 13일 법정에서 강간을 목적으로 살인을 저질렀다고 인정해졌다. 검찰과 경찰이 경쟁적으로 수사를 벌이고 있는 가운데, 장윤기의 아버지도 검찰과 경찰에 번갈아 불려가서 조사받고 있다. 법조계에서는 '정치권에서 검사 보완 수사권 폐지 문제 등을 두고 논란이 벌어지는 와중에 검경이 경쟁적으로 수사를 벌이고 있다'는 말이 나온다.",사회/세계
"노승열·배상문, PGA 푼타카나 챔피언십 출전…자존심 회복할까 네이버스포츠가 언론사 분류와 기술 기반의 자동 분류 시스템을 사용하여 스포츠 기사 섹션 정보를 제공합니다. 오분류 제보는 네이버스포츠로 제보를 부탁드립니다. 언론사 페이지(아웃링크)로 이동해 볼 수 있습니다.",문화/트렌드
"""수임료 최소 5억..자존심이 뭐라고"" 박나래 前매니저 변호인 직격탄[스... 한국어 뉴스 요약 전문가가 제공하는 본문 분석 결과입니다. 본문은 언론사 페이지의 링크를 제공하며, 일부는 미제공될 수 있습니다. 해당 언론사는 분류를 따르며, 페이지 이동이 가능합니다.",문화/트렌드
"“박나래 벌 받고 매니저들 2억 벌겠지, 자존심 뭐라고”…‘승리 확신... 한국어 뉴스 요약 전문가가 제공하는 본문 분석 결과입니다. 본문은 언론사의 분류를 따르는 개별 기사 섹션 정보를 제공합니다. 해당 언론사는 선정하여 언론사 페이지로 이동할 수 있습니다.",문화/트렌드
"[단독] ‘부부 동반 출장’ 노태악, 2억 혈세 ‘셀프 결재’ 했다 노태악 전 중앙선거관리위원장이 부부 동반으로 3회 해외출장을 가졌으며, 출장비용은 총 4129만원이었다. 선관위는 인사혁신처 '공무원 여비 규정상'에 따라 공무수행을 위해 출장한 경우만 여비를 수령할 수 있다고規定하고 있다. 검경 합동수사본부는 노 전 위원장을 업무상 횡령 혐의로 수사 중이며, 선관위 예산ㆍ인사 운영 전반으로 수사범위를 확장하고 있다.",정치
"英 앤 공주 부부, 14일 李대통령 만난다 이재명 대통령은 영국 찰스 3세 국왕의 동생 앤 공주 부부를 청와대에서 접견하여 한·영 우호협력 증진 논의를 진행할 예정입니다. 앤 공주는 남편 티머시 로런스 경과 함께 한국에 머문다며, 부산 유엔기념공원에서 영국·영연방 참전 장병들의 희생을 기리고 6·25전쟁 참전용사들과 만날 예정입니다. 한·영 협력 현장을 살펴보는 일정으로, 부산항에서는 양국이 바다를 매개로 이어온 교류의 역사를 되짚고 향후 해양 협력 비전을 공유할 예정입니다.",정치
"尹 부부 '명태균 게이트' 엇갈린 하급심...대법 판단 주목 윤석열 전 대통령과 명태균씨는 정치자금법 위반 혐의에 대해 유죄 판결을 받았다. 김건희 여사는 1, 2심 재판에서 무죄를 선고받았지만, 하급심 판결에서는 공동정범으로 처벌됐다. 윤 전 대통령 부부와 명씨 간의 여론조사 계약서가 없었다는 점과 김 여사가 공직선거 후보자의 배우자로서 정치자금법상 '정치활동을 하는 자'에는 해당하지 않는다고 봤다.",정치
"“윤석열 부부-명태균, 은밀한 합의”…김건희 무죄 판결 정면으로 뒤집... 윤석열 전 대통령이 명태균씨로부터 무상 여론조사 결과를 받은 혐의로 1심에서 실형을 선고받았다. 서울중앙지법 형사33부는 윤 전 대통령과 명씨의 정치자금법 위반죄를 인정하면서 여론조사 결과가 위법하게 제공된 기간을 2021년 6월26일~2021년 10월21일로 특정했다. 윤 전 대통령은 대선 경선을 유리하게 이끌기 위한 여론조사 결과가 필요했으며, 명씨는 윤 전 대통령 부부를 통해 정치적 영향력을 행사할 목적으로 여론조사 무상 제공에 관한 합의를 한 것이라고 판결했다.",정치
"노태악 전 선관위원장, '부부 동반 해외출장' 매번 '셀프 결재' 노 전 중앙선거관리위원장이 부부 동반으로 해외출장을 결재한 것으로 확인됐다. 선관위가 제출한 문건에 따르면 노 전 위원장은 세 번의 출장에서 항공비, 숙박비 등 4,129만 원을 지급받았다. 검경 합동수사본부는 노 전 위원장을 업무상 횡령 혐의로 수사 중이며, 국민의힘 측을 조사했다.",정치
"의사·간호사·사회복지사, 예산군 재택의료센터서 방문 진료·돌봄 지원 예산군은 장기요양 수급자에게 전문 의료서비스를 제공하는 재택의료센터 운영을 확대했다. 군은 24개월 이상 임상경력을 갖춘 간호직 공무원 6명을 새로 채용해 의료 인력을 보강했다. 군 관계자는 '재택의료는 병원에 가지 않고도 일상에서 건강을 지킬 수 있는 서비스'라며 지역 내 의료와 돌봄 자원을 긴밀히 연계할 계획이다.",라이프
"李대통령 ""장관부터 직원까지 소통필요…계급장 떼고 토론해야"" 이재명 대통령은 국무회의에서 '부·처·청'을 강조하며 소통의 중요성을 역선했다. 그는 최근 '메뚜기 산림법인' 문제를 거론하며 부처 간 소통의 필요성을 지적했다. 이 대통령은 정부 출범 2년째를 새로 시작하면서 성과를 내야 한다고 당부했으며, 더 신경을 써달라는 요구를 했다.",정치
"'노를 저어라~' 장관 펼쳐진 오슬로 광장…'출입 금지'와 너무 다른 귀국 노르웨이 축구대표팀은 사상 첫 8강의 역사를 썼으며, 국민들의 뜨거운 환영 속에 귀국했다. 선수단은 왕궁으로 이동해 하랄 5세 국왕과 환담한 뒤 왕실 근위대가 도열한 가운데 왕궁 밖으로 나와 팬들에게 인사했다. 바이킹 노 젓기 세리머니는 이번 대회 기간 노르웨이를 상징하는 응원 문화로 자리매김했으며, 전 세계 축구 팬들의 시선을 단숨에 사로잡았다.",문화/트렌드|정치
"반도체 훈풍에 주택사업 경기 '기지개'…7월 전망지수 12.2p↑ 수도권 주택사업 경기 전망지수가 23.5p 상승해 오름세를 이끌었다. 주택사업경기 전망지수의 상승은 반도체 사업장 배후지를 중심으로 거래량 증가와 가격 상승이 동반되는 데 기인했다. 비수도권 주택사업 전망도 개선된 배경에 '반도체'가 자리하고 있으며, 3대 메가 프로젝트의 발표로 주택 수요 회복 기대감이 작용한 모양새다.",경제|IT/과학
"“내 뜻 미리 밝힌 환자, 연명의료 덜 받고 의료비도 적었다” 사전연명의료의향서를 작성한 환자가 고강도 연명의료를 받을 가능성과 의료비가 모두 감소하는 반면, 가족이 대신 결정한 경우에는 오히려 증가하는 것으로 나타났다. 연구팀은 전국 중환자실 성인 환자 118만9042명을 분석하여 가족이 대신 결정한 경우 침습적 연명의료 시행 가능성이 2.35배 높아졌다고 밝혔다. 연명의료 유보·중단은 환자가 자신의 가치와 선호를 충분히 표현할 수 있을 때 가족과 의료진이 함께 논의해 결정하는 것이 바람직하다는 점을 강조했다.",라이프
"미용의학계, 한의사·치과의사에 미용의료기기 판매 규탄 대한미용성형레이저학회 등 미용의학계가 일부 미용의료기기업체의 무분별한 교육을 강하게 비판하고 나섰다. 이들 학회는 레이저와 EBD 등 미용 의료기기는 전문 의료장비라는 것을 강조하며, 안전한 시술을 위해서는 환자의 상태에 대한 정확한 진단과 해부학적 이해가 필수적이라고 설명했다. 의료계에서는 미용의료 역시 일반 진료와 마찬가지로 환자 안전을 최우선 가치로 삼아야 한다는 점을 지속적으로 강조해 왔다.",사회/세계
"전남광주 국립의대 신설 무산되나···목포대·순천대 통합 협상 ‘벼... 전남광주대전환기획위원회는 목포대·순천대 통합 관련 브리핑을 열고 '추가적인 배치안이나 새로운 중재안을 마련하지 않을 것'이라고 밝혔다. 인수위는 두 대학에 지난 13일까지 별도 수정 요구 없이 제안 수용 여부만 회신하도록 했다. 목포대는 조건 없이 받아들이겠다고 밝혔다. 국립의대 신설은 전남광주 지역 숙원으로, 정부는 2030년 개교하는 방안을 내놨다. 두 대학은 2024년 11월 통합대학에 국립의대를 설립하고 전남 동·서부에 대학병원을 각각 두기로 합의했다.",사회/세계
"전립선비대증, 초기 무증상 방치하면 합병증 위험 증가 한국 남성 중년층에서 전립선비대증이 증가하고 있어 주의가 필요하다. 이 질병은 40대 이후 서서히 진행되며 방치 시 방광결석, 요로감염 등 합병증을 초래할 수 있다. 전립선비대증은 초기엔 무증상이나 점차 전립선이 커지면 소변 줄기가 가늘고 힘이 없어지며 중간에 끊기는 증상이 나타난다. 특히 야간뇨는 삶의 질을 크게 떨어뜨린다. 전립선비대증은 노화로 인한 호르몬 변화에 의해 발생하므로 원인 자체를 차단하기는 어렵다. 따라서 식이요법과 운동으로 적정 체중을 유지하는 것이 예방에 도움이 된다.",라이프
"[AT 현장] ""객실부터 카지노까지""…제주 드림타워, 실적 비결은 '원스톱... 제주 드림타워 복합리조트가 올해 2분기 카지노와 호텔에서 1926억원의 역대 최대 매출을 거뒀다. 제주 드림타워는 1600실 전체를 스위트 콘셉트로 구성하고, 외국인 관광객의 하루를 한 건물 안에서 소비하게 만든 복합리조트 운영에서 이유를 찾을 수 있었다. 카지노와 호텔 매출은 1926억원으로 분기 기준 역대 최대를 기록했으며, 카지노 순매출은 1470억8800만원으로 전년 동기보다 33.7% 늘었다.",문화/트렌드
"“김해서 1박 2일” 역사·미식·자연 두루 만끽 김해시가 1박 2일 여행 코스를 소개하며, 가야 2000년의 역사와 미식, 자연이 어우러진 코스다. 첫날은 원도심 중심으로 꾸며진다. 대성동고분박물관에서 출발해 수로왕릉, 봉황동유적, 김해시립김영원미술관, 가야테마파크, 김해천문대, 뒷고기거리(저녁)를 거쳐 김해한옥체험관에서 하루를 마무리한다. 둘째 날은 여유로운 코스다. 낙동강레일파크에서 시작해 진영역사공원, 진영갈비(점심)를 거쳐 봉하마을에서 마무리한다.",라이프
"국민 잉꼬부부가 함께하는 에이스침대 할인전이 열린다 에이스침대가 14일 저녁 9시 '최양락 팽현숙의 영업 1번지'에서 모바일 라이브 방송을 진행한다. 방송에서는 인기 침대 세트 2종을 소개하며, 즉시 사용 가능한 할인쿠폰과 다양한 구매 혜택이 준비돼 있다. 에이스침대 관계자는 '최양락, 팽현숙 부부의 유쾌한 진행을 통해 에이스침대의 인기 제품을 부담 없이 알아보고 여름철 무더위까지 날리길 바란다'며, 이날 라이브 방송만의 전용 특별 혜택을 예고했다.",라이프
"성신여대, 영국 런던서 ‘2026학년도 하계 글로벌 연수 프로그램’ 성료 성신여대 융합보안공학과와 융합보안전문대학원은 영국 런던에서 '2026학년도 하계 글로벌 연수 프로그램'을 성공적으로 마무리했다. 이번 연수는 과학기술정보통신부의 'ICT 혁신인재 4.0 사업'과 '정보보호특성화대학사업'의 지원으로 운영됐으며, 학생들은 영국의 첨단 과학기술 교육과 사회과학 기반 범죄정책 연구를 직접 살피는 시간을 가졌다. 학생들은 런던 산업 현장 체험을 통해 정보보호·사이버보안 기술이 금융, 데이터 분석, 위협 인텔리전스, 리스크 관리 등 다양한 산업의 핵심 기술로 활용되고 있음을 확인했다.",IT/과학
"[분석_IPO예비심사 ①다비오] 박주흠 대표 체제의 다비오, 매출 성장에도... 다비오는 위성영상과 공간정보 AI 분석 소프트웨어를 주력으로 하는 기업으로, 2026년 5월 코스닥 기술특례 상장을 준비 중이다. 하지만, 다비오의 최근 실적은 수익성 문제가 지속되며, 안정적인 이익 창출 구조를 입증하지 못한 상황이다. 다비오는 성장 가능성이 높은 기술 기업이지만, 실제 이익 창출 능력과 흑자 전환 시점의 가시성에 의해 좌우될 것으로 보이며, 상장 이후에도 시장 신뢰를 확보하기 위해서는 수익 구조의 질적 개선이 핵심 과제가 될 전망이다.",경제
"문체부, 'AI 콘텐츠산업 진흥법' 연내 발의 추진…""규제보다 진흥 방점... 무단전재 및 수집, 복사, 재배포, AI 학습 이용 등 금지된 기사를 작성한 MTN은 열린보도원칙을 지키는 데 주력하고 있습니다. 이러한 원칙에 따라 반론이나 정정 보도 추후보도를 요청할 수 있는 창구를 열어두고 있습니다. 이러한 조치가 뉴스이용자의 권리를 보호하고 취재원 등에게 신뢰받을 수 있도록 하려는 것입니다.",문화/트렌드
"골드만 ""코스피 지지선 6,800…레버리지 기계적 매도가 낙폭키워"" 코스피가 6,800선을 지키지 못하면 다음 지지선은 6,500선으로 하락하며, 이마저 이탈할 경우 6,100∼6,000선까지 추가로 밀릴 수 있다고 분석했다. 최근 코스피의 하루 변동폭이 통상적인 표준편차를 크게 웃돌고 있다는 점을 고려하면 6100~6000선이 보다 강한 지지선으로 작용할 수 있다 밸류에이션 낮아진 메모리 반도체와 기술주 가운데 투자 확신이 높은 종목을 선별적으로 매수할 필요가 있다",경제
"신규 공급 PF 말랐다…""정상 건설사업장 지원해야"" 부동산 프로젝트 PF의 연착륙 국면에 접어들었지만 신규 주택사업으로 흘러가는 자금은 충분히 회복되지 못하고 있다. PF 리스크는 2년 넘게 이어진 연착륮 과정을 거치며 규모와 비중 측면에서 상당 부분 안정화됐다. 부실·위험 사업장 정리는 진행됐지만 신규 자금공급이 충분히 회복되지 않아 실물 부문으로의 자금 순환이 제약되고 있다.",경제
"경찰, 홍명보 선임 의혹 수사 잰걸음…박주호 등 전력강화위원 조사 홍명보 축구 국가대표팀 감독이 2026 북중미 월드컵 32강 진출에 실패한 후 귀국하고 있다. 경찰은 홍 전 감독의 선임 과정이 축구협회 규정과 절차에 맞게 진행됐는지 등을 확인할 것으로 보인다. 서울경찰청 금융범죄수사대는 정몽규 전 축구협회장, 이임생 전 축구협회 기술이사, 홍 전 감독 등을 업무방해·협박 등 혐의로 고발한 시민단체 관계자도 조사하고 있다.",사회/세계
"예스24 ‘젊은 작가 1위’에 소설가 청예 예스24는 '2026 한국문학의 미래가 될 젊은 작가' 투표에서 청예 작가가 1위에 선정됐다고 밝혔다. 청예 작가는 장르적 상상력과 섬세한 심리 묘사로 자신만의 작품 세계를 구축해왔다. 청예 작가는 '문학은 나에게 목격 가능한 기적이요, 실현 가능한 꿈'이라며 모든 독자에게 감사하다 말했다.",문화/트렌드
"[이원두 칼럼] '加 잠수함 수주 실패', 방산 도약의 발판으로 캐나다 잠수함 수주 실패는 안타까운 일이나 장기적으로 한국 방산이 도약하는 발판이 될 수 있다. 무기체계의 표준화가 이루어지지 않았다는 점이 가장 문제가 되는 것이며, 이를 해결하면 한국 방산의 역할도 커질 것이다. 한국은 방위산업을 세계 4위권에 올려놓는 것이 목표로, 유럽 시장 뚫는 것이 필수적이며, 무기체계 표준화가 열쇠가 될 것이다.",문화/트렌드
"“체코전 승리 뒤 훈련도 안 했다”…한국 축구 파국, 홍명보 아닌 ‘이... 홍명보 감독에게만 책임을 물을 수 없으며, 선수단에도 책임이 있다는 주장이 나왔다. 1차전 승리 이후 선수들은 안일해졌고, 훈련이 제대로 이뤄지지 않았다는 지적이 제기됐다. 홍 감독의 책임은 있지만, 선수들 스스로의 자기 관리 실패와 태만에서 비롯된 원인이 더 큰 문제라는 지적이다.",문화/트렌드
"안규백 국방장관 의혹 총정리… 병적·학적 기록 불일치. 1982년 사건의 ... 안규백 국방부 장관에 대한 군 복무 및 과거 행적 의혹이 거세지며 논란이 증폭되고 있다. 안규백 장관이 방위병 복무 시절의 '7개월 군무 이탈' 논란과 관련하여 해명이 시대적·법적 배경과 맞지 않는 명백한 모순으로 지적됐다. 국방부 장관의 병역 및 도덕성 의혹은 안보의 근간을 흔드는 중대한 사안으로, 투명한 원본 데이터의 공개가 요구된다.",정치
"특검, '尹 비화폰 삭제' 박종준 전 경호처장 1심 무죄에 ""납득 어려워"" 박종준 전 대통령 경호처장이 5월21일 1심 선고 공판에서 무죄를 받은 가운데, 특검팀 측은 항소심서 이를 납득하기 어렵다고 항변했다. 특검팀은 박 전 처장과 관련해 '증거인멸의 고의가 온전히 인정된다'면서 '증거인멸의 고의를 부정한 원심 판단은 납득하기 어렵다'고 지적했다. 박 전 처장은 12·3 비상계엄 사태 이후 윤석열 등에 대한 정보를 삭제해 증거를 인멸한 혐의로 기소됐다.",정치
"삼성·하이닉스 주가 출렁…수출 데이터는 ‘역대 최대’ 삼성전자와 SK하이닉스를 둘러싼 실적 고점 우려로 주가가 출렁이고 있지만, 반도체 수출은 여전히 우상향을 보이고 있다. 올해 상반기 ICT 수출은 2538억6000만달러로 역대 최고치를 찍었으며, 반도체가 차지하는 비중은 75.8%에 달한다. 6월 반도체 수출은 전년 동월 대비 199.4% 증가하며 사상 최대 기록을 다시 썼다.",경제
"與 최고위, 선호투표제 도입 당규 개정 의결…청년최고위원 도입은 부결 더불어민주당이 14일 비공개 최고위원회의를 열고 전당대회에서 결선투표 실시 방법으로 선호투표를 가능하게 하도록 당규를 개정하는 건을 의결했다. 친청계에서는 반대하는 선출직 청년 최고위원 제도 도입의 건은 부결됐다. 민주당은 이날 오전 서울 여의도 국회에서 최고위원회의를 열고 두 가지 안건을 논의했다.",정치
"충남교육청, 대학 연계 '충남 온돌봄' 고도화 나선다 충남교육청은 대학 중심 방과후·돌봄 생태계 구축을 위한 '충남 RISE늘봄' 운영 관계자 협의회를 열었다. 협의회에서는 지역 대학의 인적·물적 역량을 활용해 '충남 온돌봄' 사업의 질적 내실화와 지속 가능한 운영 체계 마련을 목적으로 진행됐다. 참석자들은 RISE늘봄 사업 운영 효율화, 우수 프로그램 등록 및 연계 활성화, 안정적 사업 추진을 위한 예산 확대 및 다각화를 심도 있게 논의했다.",IT/과학
"‘묻지마 해약’ 사전 차단? 건축물 분양법 개정 논란 A씨는 최씨에게 돈을 빌려줬는데, 실제로는 사채업자였다. A씨는 3억원가량의 돈을 빌렸고, 이자를 갚고 있는 중이다. 최씨는 A씨를 이용해 다른 피해자를 연결했고, 고객으로 또 다른 피해자를 만들었다.",경제
"이 대통령, 3대 메가프로젝트 조기 현실화 위해 '속도전' 재강조 이 대통령은 2027년 예산안을 편성하는 과정에서 대규모 추가 세수를 미래 대응을 위한 전략적 방안으로 강조했다. 정부는 낙후된 시설을 정비하고, 편의성을 높이는 시설 현대화 사업을 통해 전통시장을 거대한 유통 공룡들과 맞서기 위한 최소한의 방어선을 세웠다. 대전지역 주유소 휘발유 가격이 한 달 넘게 내림세를 이어가고 있지만, 최근 들어 하락 속도는 한풀 꺾인 모습이다.",정치
"단양교육지원청, 방학 취약계층 학생 위한 '찾아가는 한 끼' 지원 충북 도내 곳곳에 폭염특보가 발효되며 무더위쉼터를 찾는 시민들의 발길이 이어졌다. 충주시장 선거 재검표가 15일 오후 1시 국립한국교통대학교 충주캠퍼스 대강당에서 진행된다. 청주시가 앞으로 4년 동안 최소 1조원 수준의 법인지방소득세를 확보할 가능성이 충분하다고 내다봤다.",사회/세계
"네비게이션 임플란트, 첨단 기술에 의료진 노하우 더해져야 하는 이유 치아가 빠질 경우 음식 섭취에 큰 어려움을 겪게 되며, 이를 대체할 수 있는 대표적인 치료 방법이 임플란트다. 임플란트는 자연치아와 흡사한 심미성과 우수한 고정력을 지니고 있어 환자들의 선호도가 높지만, 부작용이나 감염에 대한 위험도 고려해야 한다. 네비게이션 임플란트를 사용하면 3D 디지털 모의수술로 최적의 수술 경로와 계획을 세워 정확하고 빠른 치과 치료를 가능하게 하지만, 의료진의 몫이므로 난케이스 식립 경험이 풍부하고 숙련된 의료진을 선택하는 것이 무엇보다 중요하다.",라이프
"여진에 물가도 '비상'…한국, 베네수엘라 지진 지원 잇따라 베네수엘라 연쇄 지진의 피해 규모가 갈수록 커지면서 한국의 지원도 이어지고 있다. 우리 정부는 총 850만 달러 규모의 인도적 지원에 나선 데 이어, 국내 시민들이 마련한 기부금도 현지 이재민의 식량과 위생용품을 지원하는 데 투입된다. 베네수엘라 중앙은행 자료에 따르면, 지난 6월 베네수엘라의 월간 물가상승률은 13.8%를 기록했다.",사회/세계
"신세계 사우스시티, 3040 타깃 고객 참여형 '스포츠크루' 멤버십 론칭 신세계백화점 사우스시티가 '스포츠크루' 멤버십 프로그램을 운영하여 3040 고객의 스포츠 전문관 경쟁력을 강화합니다. 이 프로그램은 스포츠를 즐길수록 혜택이 커지는 참여형으로, 구매 고객에게는 마일리지를 적립해 주며 다양한 할인 혜택을 제공합니다. 신세계 사우스시티는 이 프로그램을 통해 5~6월 관련 장르 매출이 14% 증가하고 핵심 브랜드의 3040 고객 수도 15% 늘어나는 등 선제적인 유입 효과를 확인했습니다.",문화/트렌드
"한화리조트 제주, 숙박+트레킹 ‘윗세오름 패키지’ 운영 한화리조트 제주는 8월27일까지 '윗세오름 힐링 패키지'를 운영하여, 초보자도 한라산의 자연경관을 체험할 수 있도록 구성해졌다. 이 패키지는 오전 7시 리조트 전용 셔틀을 타고 출발한 후 영실 탐방로를 따라 해발 1700m 윗세오름을 지나 어리목까지 이어지는 4시간 코스를 트레킹한다. 패키지 관련 더욱 자세한 사항은 한화리조트 홈페이지에서 확인 가능하다.",라이프
"감사원 ""사업수주 대가로 5천만 원 수수""‥공직기강 점검 결과 공개 감사원은 교수와 연구원을 적발해 고발, 보조금을 가로챈 사실을 확인했습니다. 한 대학 조교수는 인건비 일부까지 챙긴 것으로 나타났습니다. 인천광역시 전 부시장 등이 친분이 있는 인사를 채용하도록 청탁하거나, 향응을 수수한 사실도 확인했습니다.",사회/세계
"천안 시청·도시공사 노조 “파크골프협회, 좌표찍기 용납 못해”…고발... 천안시청노조와 천안도시공사노조 관계자들이 14일 기자회견을 열어 '좌표찍기' 선동 중지를 촉구했다. 이들은 특정 공무원의 개인정보를 다수에게 유포하고 조직적으로 민원을 집중시키는 행위를 비판하며, 파크골프 운영권을 시에서 받아내기 위해 집단 민원에 나선 것으로 파악하고 있다. 노조 측은 공무를 수행하는 노동자의 개인정보 유포, 조직적인 민원 선동, 반복적인 업무방해 행위에 대해서는 무관용 원칙으로 대응하겠다고 강조했다.",사회/세계
"보령 10개 기업·기관, '머드축제'에 4억1300만원 기부·협찬 보령시가 29회 보령머드축제 기부금 전달식을 열어 머드축제 운영의 내실을 높일 계획이다. 이날 기부·협찬한 총금액은 4억1300만 원으로 관내 10개 기업·기관이 참여했다. 올해 머드축제는 24일부터 8월 9일까지 17일간 대천해수욕장 머드엑스포광장 일원에서 펼쳐진다.",문화/트렌드
"병원협회, '병원 내 상호존중 문화 조성 실천 선언문' 채택 대한병원협회는 '병원 내 상호존중 문화 조성을 위한 실천 선언문'을 채택하여 병원 현장의 건강한 조직문화 확산을 추진하고 있다. 이번 선언문은 병원 구성원 모두가 존중받는 근무환경을 조성하기 위한 병원계의 공동 실천 의지를 담고 있으며, 7개 실천과제를 포함하고 있다. 병원협회는 이 선언에 그치지 않고 회원병원과 함께 건강한 병원문화 조성을 위한 다양한 후속 사업도 추진할 계획이다.",사회/세계
"민주당 최고위, '선호투표제' 도입 의결…'명청대결' 극한 더불어민주당이 지도부 내 '명청갈등' 끝에 당대표 선거 선호투표제 적용을 위한 당규 개정안을 의결했다. 친청계는 이성윤 최고위원이 사퇴하고 문정복·박지원·박규환 최고위원이 유감을 표명하는 등 극한 반발이 이어졌다. 선호투표제 도입에 대한 불쾌감을 드러내고 정 전 대표는 '쿨하게 수용하겠다'며 당의 결정을 존중하고 수용하겠다고 했다.",정치
"한민수, 민주당 최고위원 출마… ""친명·친청 잇는 통합 역할 하겠다"" 한민수 의원은 8.17 전당대회 최고위원 선거 출마를 선언하고, '통합과 개혁'을 내걸었다. 한 의원은 이 대통령의 실용 노선을 뒷받침하면서 전통적 민주개혁진영을 하나로 묶겠다고 밝혔다. 한 의원은 당내 세대통합위원회를 신설하고 주요 정책 결정 과정에서 당원 투표를 상시화하겠다고 했다.",정치
"[단독] 정부·홈쇼핑 '상생 선언' 나선다…산업혁신 가속 페달 정부가 TV홈쇼핑·데이터홈쇼핑 업계와 함께 '상생협력'을 선언, 홈쇼핑 산업의 경쟁력 회복에 속도를 내겠다는 구상이다. 방미통위는 오는 20일 서울 여의도 중소기업중앙회에서 '홈쇼핑 상생협력 선포식'을 개최, 정부가 추진하고 있는 홈쇼핑 규제 개선 정책의 연장선으로 평가된다. 업계는 이번 행사가 정부와 업계 간 정책 공감대를 공식화하는 계기가 될 것으로 보고, 방미통위도 이번 선포식을 시작으로 업계 의견을 수렴해 세부 제도 개선을 본격화할 것으로 전망된다.",경제
"[보라 컷] 유아인 '호프' 시사회 등장, 벌써 복귀 가능? 배우 유아인이 마약 혐의로 법정 구속됐던 상태에서 VIP 시사회에 참석해 화제성을 키웠다. 이날의 행보가 곧바로 ‘뱀피르‘ 출연 임박이라는 해석으로 이어지는 것은 대중이 이 사안을 예민하게 지켜보고 있다는 방증이다. 유아인의 복귀는 개인의 재기와 연예업계의 신뢰 회복, 그리고 대중의 정서적 수용을 고려해야 하며 성급한 반대나 환대를 요구하지 않는다.",문화/트렌드
"봉화군, AI 기반 수요 맞춤형 교통모델 실증사업 공모 선정 봉화군이 농촌 특화 AI 기반 수요 맞춤형 교통모델(DRT) 실증사업에 최종 선정돼, 농촌 교통 사각지대 해소에 본격적으로 나선다. 봉화군은 기존의 고정 노선 및 배차 시스템을 탈피하고, AI가 실시간 수요에 따라 경로를 최적화하는 ‘수요 기반 탄력 배차’ 시스템을 도입한다. 이번 사업은 첨단 기술과 아날로그적 사용 환경을 결합한 ‘하이브리드 디지털 포용’ 전략으로, 고령층의 디지털 격차 문제를 해결하려는 시도이자, 주민들이 기술의 변화를 체감하지 않고도 혜택을 누릴 수 있게 만든 세심한 설계",IT/과학
"평창군 독서마라톤 성료···참가자 매년 늘어 강원 평창군이 운영한 '제4회 평창군립도서관 리딩온 독서마라톤 대회'가 성황리에 마쳤다. 올해 대회에는 14% 증가한 총 262명이 참가했으며, 우수 완주자에게는 수상과 혜택이 주어졌다. 이번 독서마라톤은 지역 주민들에게 꾸준한 독서 습관을 길러주는 긍정적인 계기가 됐으며, 앞으로 오프라인 독서 모임이나 작가 초청 북토크 등 연계 행사를 늘려갈 계획이다.",문화/트렌드
"글로벌 스마트폰 출하량 11% 감소…2분기 기준 2013년 이후 최저 삼성전자는 2분기 글로벌 스마트폰 출하량이 11% 감소한데 이어 1위를 차지했으며, 애플은 20%를 기록해 2분기 기준 처음으로 점유율 20%를 넘었다. 갤럭시S26 시리즈 판매 확대와 인도·중동 시장의 안정적인 공급이 삼성전자의 실적을 뒷받침했으며, 애플은 아이폰 17 시리즈 판매가 견조해 실적을 개선했다. 메모리 공급 부족과 가격 상승으로 인해 소비자들이 구매를 미루거나 이전 세대 제품을 선택하는 현상이 뚜렷해졌으며, 카운터포인트는 올해 하반기에도 스마트폰 시장 부진이 이어질 것으로 전망했다.",경제|IT/과학
“AI에 메모리 뺏겼는데” 삼성전자 일냈네 삼성전자가 2026년 2분기 글로벌 스마트폰 시장에서 점유율 24%를 기록하며 1위 자리를 탈환했다. 갤럭시 S26 시리즈의 판매 호조와 인도·중동 시장에서의 공격적인 판촉이 실적을 견인했다. 2분기 글로벌 스마트폰 시장은 메모리 공급난의 직격탄을 맞으며 크게 위축됐다.,IT/과학
"AI 메모리 쏠림에 중저가폰 직격탄…삼성·애플만 버틴 스마트폰 시장 글로벌 스마트폰 시장은 메모리 공급난 여파로 빠르게 위축되고 있으며, 삼성전자와 애플 등 프리미엄 제품 경쟁력을 갖춘 업체들이 상대적으로 선전하는 흐름이 뚜렷해지고 있다. 메모리 가격 상승으로 제조사들의 원가 부담이 커진 상황에서 안정적인 부품 조달 능력은 제품 공급과 가격 전략 모두에 영향을 미칠 수 있다. 올해 스마트폰 시장의 핵심 변수는 판매량 확대보다 수익성 방어가 될 가능성이 크다. 제조사들은 저수익 보급형 모델을 줄이고 프리미엄 제품 비중을 높이는 방향으로 전략을 조정하고 있다.",경제|IT/과학
"한민수, 與 최고위원 출마 선언 ""나는 친명이자 친청…통합리더십 적임... 한민수 더불어민주당 의원은 최고위원 선거 출마를 공식 선언하며 '친명'과 '친청'을 강조했다. 한 의원은 이재명 대통령의 당선과, 국민 주권 정부의 탄생으로 집권 여당 민주당의 구성원 모두는 친이재명이라고 주장했다. 한 의원은 공약으로 모바일 및 온라인 당원 소통플랫폼 강화, 주요 정책·현안 결정 과정에 당원 투표 상시화 등을 내걸었다.",정치
"한민수, 최고위원 출마 선언…""민주개혁진영의 대동단결 밀알 되겠다"" 한민수 의원은 8·17 전당대회 최고위원 선거 출마를 공식 선언하며 '통합의 리더십'을 내세웠다. 한 의원은 이재명 대통령의 실용노선을 뒷받침하고 당의 외연을 확대하겠다고 밝혔다. 한 의원은 주요 정책·현안 결정 과정에 당원 투표 상시화, 세대통합위원회 신설 등 공약을 내걸었다.",정치
"한미반도체, 2분기 최대 매출에 장 초반 20%대 급등 한미반도체가 2026년 2분기 실적을 발표하면서 역대 최대 분기 매출을 기록했다. 주가는 20.48% 오른 25만원에 거래됐으며, 장 초반 한때 25만500원까지 오르며 20.72%의 상승률을 기록했다. 한미반도체의 2분기 실적이 시장 기대를 웃돈 데 따른 영향으로 풀이되는 주가 강세를 보였다.",경제|IT/과학
"에어서울, 11주년 기념 1000만원 규모 공모전 에어서울이 11주년을 맞아 고객 기획을 실제 비즈니스로 연결하는 참여형 공모전 '트래블 어워즈 2026'을 개최한다. 이번 공모전은 신규 코스를 기획하는 크리에이터 어워즈 부문으로 진행되며, 우수 기획안을 실제 여행 상품으로 출시할 계획이다. 공모전 참가 자격은 만 14세 이상으로, 수상자는 왕복 항공권과 2박 숙박권이 포함된 여행 상품을 받게 된다.",문화/트렌드
"업스케일링 사고법 인공지능 시대에 인간 고유의 가치와 역량을 키우려면 '생각의 해상도'를 높여야 하며, '업스케일링 사고법'이 필요하다. 저자는 뇌과학과 인지과학의 최근 연구를 인용하고, 교육과 대중 강연 현장의 경험을 살려 뇌가 스스로의 능력을 증강시킬 수 있는 방법을 전한다. 이 책은 업스케일링 사고법의 본질로, 좋은 질문을 던지는 힘, 흩어진 정보를 의미 있게 연결하는 힘, 효율을 넘어 인간다움을 지켜내는 힘을 키우는 사람을 위해 쓰였다.",IT/과학
"김보라 안성시장 ""통합돌봄은 의료·복지·지역사회 함께해야 완성"" 안성시가 통합돌봄을 지역 중심으로 구축하고 있으며, 의료기관과 복지기관, 사회연대경제 조직, 지역사회가 함께하는 협력체계를 강화하고 있다. 통합돌봄의 성공 여부는 의료기관의 적극적인 참여에 달려 있다고 판단해 안성시장은 의료와 복지가 하나의 체계 안에서 시민을 지원하는 것이 안성형 통합돌봄의 출발점이라고 설명했다. 안성시는 퇴원 이후 곧바로 집으로 돌아가기 어려운 시민들을 위한 '중간집' 조성도 함께 추진하고 있으며, 일정 기간 집중적인 돌봄과 회복 지원을 받은 뒤 지역사회로 복귀할 수 있도록 의료와 복지서비스를 연결하는 시설이다.",사회/세계
"[CJ올리브영 美 뷰티시장 물들이다] K뷰티 넘어 K웰니스까지…CJ올리브... 올리브영이 '사업 확장'을 선언하며 웰니스 시장 진출을 강조하고, 새로운 플랫폼인 '올리브베러(OLIVE BETTER)'를 론칭했다. 올리브영은 옴니채널 전략을 통해 소비자 접점을 확대하고, 온라인몰과 오프라인 매장을 연결해 심리스한 쇼핑 경험을 제공한다. 올리브영의 올리브베러 론칭은 CJ그룹의 포트폴리오와도 궤적을 같이 하며, 한국의 라이프스타일을 해외 시장에 이식하는 그룹 장기 비전의 연장선이라는 분석이다.",문화/트렌드|라이프
"인천서 밤 사이 강풍·호우 피해 잇따라··· 전봇대 쓰러짐 등 104건 피... 인천 전역에서 강풍주의보와 호우주의보가 발효된 14일과 15일 새벽 사이에 피해가 잇따랐다. 인천소방본부는 104건의 피해 신고에 대한 안전 조치 등을 완료했으며, 구조물 탈락, 수목전도, 배수지원 등 다양한 피해를 보였다. 14일 오후 6시 54분께에는 강화군 하점면에서 창고 울타리가 붕괴할 위험에 처하기도 했으며, 같은날 오후 10시 30분~11시 사이 영종구 을왕리해수욕장 일대와 제물포구 내동 일대 상가·주택 등에서 정전이 일시적으로 발생하기도 했다.",사회/세계
"'강풍·폭우' 덮친 인천…소방 안전조치 104건 인천 전역에 거센 비와 강한 바람이 몰아치면서 안전사고가 잇따랐다. 소방 안전조치는 104건으로 집계됐으며, 나무 전도 40건 등 다양한 유형의 사고가 있었다. 호우로 인한 도로 통제도 이어졌으며, 강풍경보가 내려질 정도로 매우 강한 바람이 불었다.",사회/세계
"황유민, LPGA 신인왕 경쟁에서 일본 하라에게 추월당했다…‘목표는 우... 네이버스포츠는 언론사 분류와 기술 기반의 자동 분류 시스템을 사용하여 스포츠 기사 섹션 정보를 제공합니다. 오분류 제보는 네이버스포츠로 제보를 부탁드립니다. 언론사 페이지(아웃링크)로 이동해 볼 수 있습니다.",문화/트렌드
"미래에셋생명, K-브랜드지수 보험사 부문 톱10 신규 진입...한화손해보험... 삼성생명이 K-브랜드지수 보험사 부문 1위를 차지했다. K-브랜드지수는 빅데이터 시스템으로, 후보 표본 추출부터 인덱스 선별까지 분야별 자문위원단의 검증을 토대로 진행된다. 삼성화재의 1위 수성과 삼성생명의 순위 상승은 안정적인 사업 기반과 소비자 신뢰가 재확인된 흐름으로 해석된다.",문화/트렌드
"손흥민, LAFC 복귀…LA 갤럭시와 엘 트라피코로 시즌 재개 네이버스포츠가 언론사 분류와 기술 기반의 자동 분류 시스템을 사용하여 스포츠 기사 섹션 정보를 제공합니다. 오분류 제보는 네이버스포츠로 제보를 부탁드립니다. 언론사 페이지(아웃링크)로 이동해 볼 수 있습니다.",문화/트렌드|IT/과학
내년 최저임금 1만700원 결정...월 환산 223만6300원 포인트경제가 발표한 최저임금은 내년도 일터에 적용될 1만700원으로 최종 결정됐다. 이번 최저임금 인상안으로 영향을 받는 근로자가 최대 297만8000명에 달할 것으로 추산된다. 최근 심의는 지난 3월31일 고용노동부 장관의 심의 요청 이후 타결까지 총 105일이 소요됐다.,경제
“다문화·청년 정착 도와…완도 활기 되찾길” 광주 반도체 클러스터가 조성되며 2030년 가동 목표를 세웠다. 순천대는 통합 본부와 의대를 순천에 배치해야 한다고 주장하고 있다. 국립의대 설립을 요구하는 민주당 최고위원 후보들이 잇따라 전남광주행을 시작했다.,정치
[E1 저평가 민낯] LS의 '아픈 손가락'…매출 10조에도 시총 5000억 E1은 LS그룹의 아픈 손가락으로 평가되며 만성적인 저평가로 신음하고 있다. LS그룹의 주요 상장사 시가총액을 보면 E1의 존재감이 찾기 어렵다. E1의 연간 연결 매출은 10조원가량에 시총은 5000억원대다.,경제
'와 미쳤다' 오타니·저지 없어도 이런 라인업이 나오다니…2026 MLB 올스... 네이버스포츠가 언론사 분류와 기술 기반의 자동 분류 시스템을 사용하여 스포츠 기사 섹션 정보를 제공합니다. 오분류 제보는 네이버스포츠로 제보를 부탁드립니다. 언론사 페이지(아웃링크)로 이동해 볼 수 있습니다.,문화/트렌드
"""1달러 붕괴 위기냐 반등이냐""… 리플, 1.02달러 선서 운명 가를 '하모닉... 리플이 1.02달러 선서 운명을 '하모닉 패턴'으로 공방전을 벌이고 있다. 1달러 붕괴 위기냐 반등이냐의 운명 가를 놓고 경쟁하고 있다. 하모닉 패턴을 사용하여 1.02달러 선서 운명을 예측하고 있다.",사회/세계
"""BTS 직관해야 해!"" 야말 여친, 스페인 결승행 환호 진짜 이유가... ""결승... 네이버스포츠는 언론사 분류와 기술 기반의 자동 분류 시스템을 사용하여 스포츠 기사 섹션 정보를 제공합니다. 오분류 제보는 네이버스포츠로 제보를 부탁드립니다. 언론사 페이지(아웃링크)로 이동해 볼 수 있습니다.",문화/트렌드
"'폭풍 영입' 맨유, 유리 틸레만스 영입...'중원 100% 보강' 네이버스포츠가 언론사 분류와 기술 기반의 자동 분류 시스템을 사용하여 스포츠 기사 섹션 정보를 제공합니다. 오분류 제보는 네이버스포츠로 제보를 부탁드립니다. 언론사 페이지(아웃링크)로 이동해 볼 수 있습니다.",문화/트렌드
"글로벌 댄스 리그 IDL, 8月 서울서 만난다! 글로벌 댄스 리그(IDL·International Dance League)가 8월 1일 서울 경희대학교 평화의전당에서 '서울 시리즈'를 개최한다. 총 6개국을 대표하는 팀이 참가해 세계적인 K-팝 안무가들이 포진해 있다. IDL은 세계 최초의 글로벌 프로 댄스 리그로, 'IDL 2026 챔피언십' 우승을 두고 경쟁하며 전 세계 누적 조회수와 노출수는 5억 회 이상을 달성했다.",문화/트렌드
"송영길, 정청래 향해 ""낙태""·""목을 잘라야"" 거친 비판…정청래 ""섬뜩"" 송영길이 정청래를 향해 '낙태'와 '목 잘라야'라는 거친 비판을 내렸다. 송영길 의원은 정 전 대표가 이재명 대통령을 낮춰보았으며, 정 전 대표는 이에 대해 '섬뜩하고 무섭다'고 반응했다. 이러한 분쟁은 더불어민주당의 당권 주자들 간의 갈등을 가중시켜 전당대회를 앞두고 있는 상황에서 심각한 문제가 되고 있다.",정치
"李 대통령 '낙태약' 언급에... 현대약품, 이틀째 급등 李 대통령이 국무회의에서 임신중절 약물 '미프진'의 적정 복용 필요성을 언급한 것에 따라 현대약품 주가가 상승세를 이어간다. 일 오전 11시 15분 기준 현대약품은 전일 대비 890원(14.66%) 상승한 6960원에 거래되고 있다. 이 대통령의 발언으로 미프지미소의 국내 품목허가가 빨라질 수 있다는 전망이 나온다.",경제|정치
송영길 “정청래 평택 공천 후회?···낙태했어야 하는데 낳았다는 말... 송영길 전 대표가 정청래 전 대표의 발언을 비판했다. 송 전 대표는 이재명 정부를 소중하게 생각하고 있다. 송 전 대표는 향후 당대표 선거 토론회에서 생산적 토론을 강조할 계획이다.,정치
"송영길 “정청래, 李대통령 약간 깔보는 느낌” 송영길 더불어민주당 의원이 정청래 전 민주당 대표를 향해 '이재명 대통령을 약간 깔보는 느낌'이라며 직격했다. 송 의원은 이날 MBC 라디오 인터뷰에서 '정 전 대표가 '정통' 모임을 할 때 (이 대통령보다) 더 높은 자리에 있었다'며 이같이 말했다. 송 의원은 '이재명 개인이 아니라 대한민국의 대통령, 국민이 선택한 국가 원수로서 존중이 있어야 하는데 그에 대한 존중이 좀 부족한게 아닌가'라는 주장으로 정 전 대표를 비판했다.",정치
"취업자 반등에도 고용률 '석 달째 털썩'… 제조업·청년층 일자리 가뭄... 취업자 반등에도 고용률이 석 달째 하락하고 청년층의 고용 부진이 깊어지는 등 고용시장 전반의 회복세는 여전히 제약을 받는 것으로 나타났다. 월 취업자는 2천915만4천명으로 전년 동월 대비 6만3천명 증가했으며, 청년층 취업자는 무려 19만7천명 급감했다. 이러한 상황은 국제 유가의 영향과 미국-이란 무력 충돌 격화 등 외부 요인에 의해 영향을 받는 것으로 분석된다.",사회/세계
"트럼프 ""합의 안 되면 이란 불바다…핵시설 타격 가능성도"" 트럼프 대통령이 이란에 대한 합의가 안 되면 핵시설을 타격하겠다고 경고했다. 미·이란 대표단이 방금 전에도 접촉하여 '합의 안하면 초토화' 메시지를 전달한 것임. 이란에 대한 공습은 내가 '그만 됐다'고 할 때까지 이어질 것임.",사회/세계
"6월 취업자 수 6만3천명 증가…고용률은 석 달째 하락 월 취업자 수 6만3천명 증가…고용률은 석 달째 하락. 만4000명, 63.4%로 작년 동월보다 0.2%p 하락. 청년층 고용 부진이 두드러졌으며, 자영업자와 무급가족종사자 등 비임금근로자는 14만4000명 증가.",경제
"“선원 피격 사망한 선박, 한국 회사 선단”…‘트럼프 호위’도 효과 ... 한국 민간 해운회사 장금상선이 인도 국적 선원 1명이 사망한 유조선을 운항·관리해 온 것으로 알려졌다. 이란의 미사일 공격으로 인해 하루 평균 약 350만배럴의 원유가 호르무즈 해협을 빠져나갔다. 트럼프 미국 대통령은 다음 주까지 이란과 종전 관련 합의가 이뤄지지 않을 경우 이란의 발전소와 교량을 공격하겠다고 경고했다.",사회/세계
"포스코, 올해 명장에 이상휘 파트장… 노재 분야 첫 선정 포스코가 이상휘 파트장을 올해의 명장으로 선정했다. 이상휘는 38년간 노재 분야에서 설비 유지·보수 업무를 수행해 온 현장 전문가다. 이 명장은 제철 핵심 설비에 적용되는 내화물의 최적 설계와 수명 향상 기술을 개발해 기존보다 내화물 수명을 2배 이상 늘렸으며, 설비 보수 효율 향상과 기회손실 비용 절감에 기여한 공로를 인정받았다.",IT/과학
"포스코 명장에 이상휘…노재 분야 최초 포스코 명장 이상휘 파트장이 선정됐다. 년간 노재 분야 설비 업무를 수행해 온 그는 2015년에 도입된 포스코 명장 제도 최초의 노재 분야 명장이다. 이상휘 명장은 노재 분야에서 설비 유지·보수와 기술 개선을 담당해 온 현장 전문가로, 후배들에게 기술 전수와 전문가 육성에 최선을 다하겠다.",사회/세계
"김성원 의원, “교육감 직선제 폐지” 교육자치법 개정안 발의 김성원 의원이 '교육감 직선제 폐지' 교육자치법 개정안을 발의했다. 이번 개정안에는 시·도의회의 인사청문회를 거쳐 후보자의 도덕성과 자질을 철저하게 검증하도록 했다. 이러한 제도는 헌법이 보장하는 교육의 본질과 정치적 중립성을 제대로 회복할 수 있을 것이라고 강조했다.",정치
"""AI 시대에도 빛날 인간의 경험""···포스코, 2026년 명장 선발 포스코, 2026년 명장 선발. 올해의 명장으로 임명된 이상휘 파트장은 38년간 노재 분야의 설비 수리 업무를 전담해왔다. 이 명장은 '노체 내화물 최적 설계 및 수명 향상 기술'을 개발해 내화물 수명을 기존 대비 2배 이상 늘리는 성과를 냈다.",IT/과학
"청약증거금 이자 받는다…금융위, 투자자 편의 확대 금융위원회가 청약증거금 이자 지급 방안을 추진한다. 이제는 매도대금 담보대출 금리가 연 9% 안팎으로 일본 등 주요국보다 높다. 금융위원회는 자본시장 제도 개선과 배당 공시 개선 등을 추진하여 주주가치를 제고하는 방안을 강조한다.",경제
"첨단기술 '패권국' 입지 다진다…더 강력해진 국민성장펀드 한국 정부가 첨단기술 '패권국'을 입지 다진다, 더 강력해진 국민성장펀드를 확대한다. 조원에서 200조원으로 확대되는 국민성장펀드의 규모는 연간 10조원씩, 총 50조원이다. 이번에 신설하는 초장기기술투자펀드는 장기 인내자본 공급이 필요한 유망 기술의 연구개발(R&D)과 기술 사업화를 돕겠다는 의도다.",IT/과학
"필리핀 관광업계, 충남 성지순례 상품 개발 나선다 필리핀 관광업계가 충남 성지순례 상품 개발을 나선다. ∼14일 양일간 필리핀 현지 여행사 관계자 6곳이 참여해 팸투어를 진행했다. 이번 팸투어는 필리핀 현지 여행사들이 도내 종교 성지를 직접 답사함으로써 성지순례 중심의 관광상품을 새롭게 개발하는 기회가 될 것으로 기대된다.",라이프
"신규 원전 추가 검토에 양수발전도 힘 받는다…한수원·발전사·수공 3파... 신규 원전 추가 검토에 양수발전도 힘 받는다…한수원·발전사·수공 3파가 경쟁을 벌이는 가운데, 정부의 재생에너지 확대와 신규 원전 검토가 동시에 추진되면서 계통 안정성을 확보할 수 있는 양수발전에 대한 관심도 커지고 있다. 현재 국내에서는 7개 양수발전소가 운영 중이며 총 설비용량은 4700메가와트(MW) 규모다. 앞으로 건설될 양수발전 규모는 이보다 더 크다. 신규 양수발전은 경제성 확보가 쉽지 않아 예비타당성조사 통과가 가장 큰 걸림돌로 꼽힌다. 따라서 예타 제도 개선과 정책적 지원이 필요하다.",경제
"금융위, 하반기 금융 구조개혁 본격화…포용금융·시장안정 전면에 금융위, 하반기 금융 구조개혁 본격화…포용금융·시장안정 전면에. 올해 상반기 주요 성과로 생산적 금융의 가시화와 포용금융 전환을 들었다. 하반기에는 포용금융을 일회성 지원이 아닌 금융시스템 안의 상시 체계로 만드는 데 초점이 맞춰진다.",경제
"국민성장펀드 200조로 키운다…“초격차 산업강국, 금융이 선도” [금융... 금융위원회가 '생산적 금융' 드라이브에 속도를 낸다. 국민성장펀드 연 40조원으로 12개 산업서 우주항공까지 확대. 상반기 코스피 91.9% 급등…자사주 소각 두 배로.",경제
"'생산적 금융' 본격화…200조 성장펀드·10조 기술펀드 추진 [금융위 업... 이재명 정부가 '생산적 금융' 구상에 박차를 가하기로 했다. 조원 규모의 국민성장펀드와 10조원의 장기·대규모 투자금을 공급하겠다는 방침이다. 금융위는 지방우대금융을 통한 생산적 금융도 모색하고, 자본시장 체질 개선도 이어가기로 했다.",경제
"국힘·검찰·언론이 보완수사권 선동한다는 한겨레 논설위원 한겨레 논설위원이 검찰·국민의힘·언론이 보완수사권을 폐지하면 '장윤기 사건' 같은 경찰의 부실 수사를 걸러낼 수 없을 것처럼 주장했다. 보완수사권 전면 폐지는 2020년 108.4건에서 2025년 133.8건으로 늘어난 경찰관 1인당 사건 수가 문제를 일으키고 있다. 이 결과는 검찰이 자초한 측면이 있으며, 경찰이 수사하고 검사가 기소 여부를 판단하며 필요한 내용을 확인하는 시스템이 사건의 실체를 밝히고 수사기관 견제와 감독을 용이하게 하고 사건 암장을 줄이는 데 장점이 있다.",정치
"민주당 “27일 홈플러스 청문회…국힘 참석 안해도 추진” 민주당이 홈플러스 청문회를 27일 열어 파산 위기를 맞은 홈플러스에 대한 진상을 규명하고 책임자 처벌을 추진할 것이라고 밝혔다. 부터 예비경선 및 전략지역 투표 가중치와 관련한 전당대회 룰도 함께 부의키로 했다. 민주당은 노동자의 생존권 사수와 관련 업체의 지원, 지역 경제 보호에도 끝까지 노력을 다하겠다고 밝혔다.",정치|경제
"원구성 협상 교착 장기화…국힘 ""협상은 계속, 형소법은 강경 대응"" 국민의힘은 원구성 협상이 계속 이어가되며 민주당의 형사소송법 강행 처리에 강경 대응을 유지하겠다는 입장을 밝혔다. 민주당은 '보완수사권 폐지' 내용을 담은 형사소송법 개정안을 처리하고 있는 가운데 국민의힘은 원구성 협상이 장기화 조짐을 보이며 강경 대응 방침을 분명히 하였다. 국민의힘은 국회 일정을 보이콧 중인 상태에서 당 지도부도 대여 압박 수위를 높였으며, 제헌절 행사에 참석하지 않을 가능성을 언급하고 있다.",정치
"양천구의회, 제10대 전반기 원 구성 완료 양천구의회가 제10대 전반기 원 구성 완료. 일 오후 제322회 임시회 제2차 본회의에서 부의장과 상임위원장을 선출. 이로써 제10대 전반기 원 구성을 마무리, 앞으로의 계획은 미정.",사회/세계
"與 내부 신중론…‘보완수사권 폐지’ 새 국면 민주당 의원 11명이 검찰 보완수사권 폐지에 반대하는 법안을 발의했다. 민주당은 보완수사권 존치를 골자로 하는 형사소송법 개정안을 당론으로 발의할 계획이다. 국민의힘은 여론전에 화력을 집중하고 있으며, 보완수사권 존치를 골자로 하는 형사소송법 개정안을 당론으로 발의할 계획이다.",정치
"윤희신 태안군수, 해안감시기동대대 장병 위문 격려 태안군수 윤희신이 8해안감시기동대대를 방문하여 장병들을 위문·격려했다. 여 명의 병력이 태안 해안선을 감시하고 있는 부대다. 군은 부대의 임무 수행을 뒷받침할 지원을 아끼지 않겠다고 밝혔다.",라이프
"한국투자증권, 지수·종목형 ELW 340종목 상장 한국투자증권이 ELW 340종목을 새로 상장한다. 종목은 코스피200을 기초자산으로 하며, 298종목은 SK하이닉스, 주성엔지니어링, 두산로보틱스, KB금융 등 4개 기업의 주식을 기반으로 한다. 한국투자증권은 신규 상장을 통해 ELW 투자 선택지를 확대하고, 시장 흐름과 개별 종목 전망에 따라 활용할 수 있는 ELW를 제공한다.",경제
"충남도 건설본부, 폭염 대비 공사 현장 품질·안전 점검 실시 충남도 건설본부가 폭염 대비 공사 현장 품질·안전 점검을 실시한다. 곳의 공사 현장이 대상으로, △도로 16곳 △건축물 7곳 △하천 5곳이 포함된다. 이번 점검을 통해 도내 건설 현장의 위험 요인을 사전에 개선·보완하고 여름철 폭염 등으로 인한 안전사고에 대비할 것.",라이프|사회/세계
"충남도, 김 면허양식장 이용개발 117ha 확보 충남도는 서천·태안 지역에 김 면허 양식장 이용개발 대상지 117ha를 확보했다. 이번에 확보한 이용개발 대상지는 서천군 10ha, 태안군 107ha로, 도는 김 산업 경쟁력 강화를 위해 지난 3월부터 해양수산부와 '2026-2027 면허양식장 이용개발계획' 사전협의를 진행해 왔다. 이번 성과는 김 양식장 확보가 쉽지 않은 여건 속에서 관계기관과의 협의 및 적지 검토를 거쳐 이뤄낸 결과로, 도내 김 생산 기반 확대와 안정적인 원물 공급체계 구축에 의미가 있다.",IT/과학
"LA FC ""손흥민이 돌아왔다"" 휴식 마치고 복귀…'MLS 재개' 팀 훈련 합류 LA FC의 손흥민이 팀 훈련에 복귀했다. 경기에 출전했지만 단 1골도 넣지 못했으며 9개의 도움을 작성해 이 부문 1위에 올랐다. 소속팀 경기를 치르고, 오는 29일에는 MLS 올스타 소속으로 멕시코 리가 MX 올스타와 맞대결을 펼칠 예정이다.",문화/트렌드
"국회 공전 속…연금특위, 내달 재가동 [H-EXCLUSIVE] 국회 연금개혁특별위원회가 다음 달 활동을 재개할 계획이다. 연금특위 위원장인 윤영석 의원과 여당 간사 오기형 의원, 야당 간사 안상훈 의원 등은 이날 오후 관계부처와 연금개혁 방안을 논의한다. 정부가 준비 중인 구조개혁 방안을 보고받은 뒤 여야 협상에 들어가는 수순이 거론된다.",정치
"충북농협, 수해 입은 수박농가 복구 일손 보태 충북농협 직원 20여명이 수해 입은 수박 농가를 찾아 복구 일손 돕기를 했다. ~9일 이틀간 200㎜ 안팎의 비가 내렸으며 진천읍 일부 지역에는 시간당 최대 65㎜의 집중호우가 쏟아졌다. 농협 직원들은 이른 새벽부터 복구 작업에 나서 파손된 하우스를 철거하고 부산물을 제거하며 구슬땀을 흘렸다.",라이프
"트럼프, 성추행 민사소송 배상금 84억원 지급...대법원 판단 유지 트럼프 대통령 성추행 민사소송 패소 판결에 따라 배상금 지급. 만 달러(약 84억원)를 패션 칼럼니스트 E. 진 캐럴 측에 지급. 트럼프 대통령은 대법원 결정 이후 판결을 강하게 비판하며 '계속 싸우겠다'는 입장을 밝혔다.",사회/세계
"주성엔지니어링 주가 급등…미국 CPI 둔화 기대감 속 국내 증시 강세, 향... 주성엔지니어링 주가 급등. % 상승, 21만원 후반대에 안착. 미국 물가 지표 둔화 기대감 속 국내 증시 강세.",경제
"[북중미WC] ‘퇴장 징계 유예 논란’에 처음으로 입 연 美 발로건, “파... 북중미WC 퇴장 징계 유예 논란에 미국 공격수 폴라린 발로건이 처음으로 입을 열었다. FIFA는 발로건의 1경기 출전정지 징계를 1년간 유예해 2026북중미월드컵 최고의 이슈였다. 발로건은 팀내 어수선한 분위기와 벨기에전 대패는 관련이 없다고 선을 그었다.",문화/트렌드
"야말의 스페인, 음바페의 프랑스 2-0 완파…결승 진출 스페인이 프랑스를 2-0으로 완파하고 2026 FIFA 북중미 월드컵 결승전에 진출했다. 스페인은 15회 슈팅, 프랑스는 0회 슈팅을 기록했다. 스페인은 초반부터 조직력을 앞세워 중원을 장악하고, 프랑스를 압박하여 결승행을 자축했다.",문화/트렌드|사회/세계
"'경기도 졌는데' 음바페, 인터뷰 중 욕설 파문 ""삐-처리했다""...""이기면... 프랑스 축구 국가대표팀의 음바페가 스페인에 0-2로 패배하여 월드컵 결승 진출을 놓쳤다. 이날 음바페는 8골을 터뜨리며 리오넬 메시와 득점 공동 선두에 올라 있다. 음바페는 다음 대회에서 잉글랜드와 아르헨티나의 준결승 패자와 2026 북중미 월드컵 3·4위전을 치를 예정이다.",문화/트렌드|사회/세계
"스페인, 프랑스 2-0 꺾고 결승행 ‘에이스 맞대결’ 야말이 웃었다 스페인과 프랑스가 2026 북중미 월드컵 준결승전에서 맞대결을 벌였다. 스페인은 2-0으로 승리하여 결승전에 진출했다. 스페인은 오는 20일 뉴욕 뉴저지 스타디움에서 잉글랜드-아르헨티나 준결승전 승자와 우승 트로피를 놓고 격돌할 예정이다.",문화/트렌드|사회/세계
"제니 '드라큘라', 빌보드 '핫100' 5위…자체 최고 순위 제니 '드라큘라'가 미국 빌보드 차트에서 5위를 차지했다. 이 기록은 제니의 자체 최고 순위다. 제니는 앞으로 스페인 마드리드에서 열리는 대형 음악 축제 '2026 매드 쿨 페스티벌'에 출연할 예정이다.",문화/트렌드
"가우디 탄생 100주기 전시, 8월 개막…류승룡 오디오 도슨트 참여 스페인 건축가 안토니 가우디의 작품 세계를 조명하는 몰입형 전시 '가우디: 서울에서 다시 태어나다'가 8월 1일 개막한다. 이전 전시는 스페인 가우디재단과 가우디서울이 공동 주최하는 행사로, 가우디 서거 100주기와 사그라다 파밀리아 성당 '예수 그리스도의 탑' 완공을 기념해 마련됐다. 전시는 오는 10월 31일까지 서울 강남구 신사하우스에서 열린다.",문화/트렌드
"李대통령 ""못 갚는 빚 탕감해야…가혹 관리가 도덕적 해이"" 이재명 대통령이 적극적 탕감 정책을 지시했다. 빚을 갚지 못하는 경우 파산·면책하고 다시 재출발시키는 게 사회적으로 도움이 된다. 적극적 탕감 정책이 사회 전체적으로 도덕적 해이를 유발하지 않는다고 강조했다.",정치
인천 기초지자체 머리 맞댔다…서해구청서 ‘규제혁신 간담회’ 인천 기초지자체 머리 맞댔다…서해구청서 ‘규제혁신 간담회’를 개최했다. 개 군·구의 현직 단체장들이 참석해 각 기초지자체가 겪고 있는 고질적인 규제 건의사항을 전달했다. 이번 간담회는 주민들이 피부로 느끼는 생활 속 규제와 지역 기업의 발목을 잡는 제도적 한계를 중앙정부에 직접 전달할 수 있는 뜻깊은 자리였다.,사회/세계
"李 ""삼전닉스 ETF 때문에 많이 당하죠?""...이찬진 ""시장관리자로서 책임... 이찬진 금융감독원장이 삼성전자, SK하이닉스 등 단일종목 레버리지 ETF 논란에 대한 책임을 지고 있다. 금융위는 11월부터 업종별로 PBR이 일정 수준에 미달하는 상장기업 명단을 공표할 계획이다. 이 대통령은 자산 배분에서 부동산 비중이 지나치게 큰 데 이는 매우 원시적인 모습이라며 자본시장 정상화와 선진화를 강조했다.",경제|정치
"사령탑 빈 중기부, 하반기 집행라인 '반쪽' 위기… 기관장 줄만료에 현... 한성숙 장관의 국무총리 취임으로 중소벤처기업부가 하반기 집행라인 '반쪽' 위기를 맞고 있다. 일로 장관 공석 15일째에 접어든 지금까지 후임 장관에 대한 뚜렷한 하마평조차 나오지 않고 있는 실정이다. 후임 장관 인선의 속도가 하반기 중소·벤처 정책의 성패를 가할 첫 단추가 될 전망이다.",문화/트렌드
"李대통령 ""가짜뉴스가 세상 어지럽혀""…AI 대응 등 주문 이재명 대통령, 가짜뉴스 대응 방안 주문. 국가데이터처는 연간 2000만건을 넘는 국민 민원에도 AI를 활용할 수 있다고 본다. 이 대통령은 국가데이터처의 역할 확대도 주문하고 장관급으로 올려야 한다는 생각도 있다.",정치
"""고배당·금리인상 수혜 기대감""…은행주, 흔들리는 증시 안전판 되나 고배당과 금리 인상 기대를 등에 업은 은행주가 급락장에서도 두 자릿수 상승률을 기록하며 대표적인 방어주로 부상하고 있다. 이달 들어 KRX 은행지수는 11.38% 상승해 전체 KRX 지수 가운데 가장 높은 수익률을 기록했다. 하반기 기준금리 인상 가능성도 은행주 투자심리를 뒷받침하고 있으며, 하반기에도 은행주의 방어력이 부각될 것으로 보고 있다.",경제
"""김세의, 김수현 가짜뉴스로 1억 벌어""…PD수첩, 가세연 수익 구조 조명 MBC의 시사 프로그램 'PD수첩'이 가세연의 운영 방식과 수익 구조를 집중 조명했다. 가세연 대표 김세의는 1억1800여 만원에 달하는 후원금을 받았다. 가세연은 특정 인물을 낙인찍어 집단적인 조리돌림을 주도하고 나락으로 보내버리는 과정에서 엄청난 이익을 얻는다.",문화/트렌드
"""신사업 잠재력 풍부""...LS에코에너지 주가 상승 LS에코에너지가 주가 상승한 것. 이날 LS에코에너지의 주가는 4만 5050원 거래 중이고, 키움증권은 목표 주가를 5만7000원으로 상향 조정했다. LS에코에너지는 초고압 케이블 등 고마진 제품 비중 확대에 따른 수익성 개선이 지속될 전망이다.",경제
"[특징주] 신성이엔지, 정부 반도체 팹 확충 수혜 기대에 강세 신성이엔지가 정부의 반도체 팹 확충 전략에 따른 인프라 수혜 기대 속에 강세다. 일 현재 1만6650원에 거래되고 있으며, 전일 대비 1090원 오른 수준이다. 정부가 발표한 '2026년 하반기 경제성장전략'이 클린룸과 공조 인프라 업체들의 중장기 수주 확대 기대를 주가에 반영되는 모습이다.",경제|IT/과학
"경북교육청, 전국 최초 ‘경북교육 안전하이’ 시스템 정식 운영 경북교육청이 전국 최초로 '경북교육 안전하이' 시스템을 구축하여 학생 안전을 확보하고 재난 피해를 최소화하기 위해 마련됐다. 이 시스템은 기상청, 산림청, 국토교통부 등 정부 기관이 제공하는 공공데이터 오픈API와 실시간으로 연계해 최신 기상·재난 정보를 정확하고 안정적으로 제공한다. 이번 시스템을 통해 경북교육청은 학생과 교직원의 안전을 최우선으로 지킬 수 있는 선제적 대응체계를 지속적으로 강화해 교육가족 모두가 안심할 수 있는 안전한 교육환경을 만들어 가겠다.",IT/과학
"첫 계좌가 20년 뒤 왕좌 가른다…증권사 2030 쟁탈전 한국 증권사들이 2030세대의 '첫 계좌'를 선점하기 위한 경쟁에 사활을 걸고 있다. 일 금융투자업계에 따르면, 주요 증권사들은 MTS 고도화와 AI 투자 서비스 확대, 해외주식 투자 지원 강화 등에 경쟁적으로 나서고 있다. 이러한 경쟁은 장기적 거래 기반을 확보하고 젊은층을 WM 이용자로 묶어두는 전략으로 진행된다.",IT/과학
"구글, 화석연료 배출 상쇄 위해 미국 대형 태양광 프로젝트 지원 구글이 미국 아칸소주에서 건설 중인 대형 태양광·배터리 프로젝트의 초기 발전량을 전량 구매한다. 일 파이낸셜타임스에 따르면, 구글은 2029년 가동 예정인 스틸 리버 에너지센터의 초기 생산 전력을 가상 전력구매계약(VPPA) 방식으로 구매하기로 했다. 프로젝트는 초기 단계에서 태양광 1.6기가와트(GW)와 배터리 에너지저장장치(BESS) 2기가와트시(GWh)를 갖춘다. 이번 계약의 배경에는 데이터센터 전력 수요 증가가 있다. 데이터센터는 24시간 안정적인 전력이 필요해 태양광과 풍력만으로 운영하기 어렵다.",IT/과학
"유치원·어린이집 통합 속도 내는 교육부…교사노조 ""행정 아닌 교육 중... 한국 교육부가 유치원과 어린이집 통합을 본격화하고 있다. 일부터 16일까지 충북 제천에서 150여 명이 참여하는 첫 '정부책임형 유보통합 지역 협력 연수'를 개최한다. 교육계에서는 유치원과 어린이집 통합 방향에는 공감대가 있지만, 성공 여부는 통합 이후 교육 품질을 어떻게 확보하느냐에 달려 있다는 의견도 나온다.",사회/세계
"2026 인천국제해양포럼 개막, 'AI시대 해양의 미래 제시' 인천국제해양포럼이 개막했다. 참석자들은 AI 기술이 해양산업 전반에 가져올 변화와 글로벌 협력 방안 등을 집중 논의했다. 이번 포럼은 'A.I. 시대, 해양의 미래'를 대주제로 AI 기술이 해양산업 전반에 가져올 변화와 글로벌 협력 방안 등을 집중 논의한다.",IT/과학
"""포털 검색엔 없다, 진짜 직장 얘기""…삼표그룹 본사 찾은 청년들의 '청... 삼표그룹이 청년들을 본사로 초청해 진로에 대한 실질적인 조언을 건네고 현장 중심의 실무 경험을 나누는 특별한 자리를 마련했다. 일 기준으로 19~34세 청년들을 대상으로 진행한 '청춘잡담(Job Talk)' 프로그램이 성황리에 마무리됐다. 10일 동안 2차 탐색 활동을 진행해 총 20명의 멘티들이 참여했다. 삼표그룹은 이 프로그램의 성과를 분석해 향후 청년 맞춤형 일자리 공헌 사업을 한층 정교화할 방침이다.",문화/트렌드
"충남교육청, 공주정보고·연무마이스터고 선정... '미래산업형 학과개편... 충남교육청, 공주정보고와 연무마이스터고가 교육부의 2026년 직업계고 재구조화 지원사업에 선정됐다. 이 사업은 교육과정 고도화와 첨단 실습환경 구축, 기자재 확충, 교원 전문성 강화 연수 등을 통해 학교 경쟁력을 높이고 지역사회가 요구하는 전문 기술인재를 양성하기 위한 것이다. 이번 학과 개편이 단순한 명칭 변경을 넘어 산업구조 변화와 지역 산업 수요에 대응하는 직업교육 혁신의 출발점이 될 것으로 기대하고 있다.",IT/과학
"李대통령 ""가짜뉴스 공동체 파괴…AI 기반 실시간 팩트체크 구축해야"" 이재명 대통령이 가짜뉴스 공동체 파괴를 주의하고 인공지능(AI) 기반 실시간 팩트체크 시스템 구축을 주문했다. 년에 AI 기반 기사 팩트체크 시스템 구축 계획. 이 대통령은 데이터처의 역할이 사회질서 훼손에 대응하는 것도 있다고 강조했다.",IT/과학|정치
정치권 공방으로 번진 인도 학교급식…달걀 빼고 채식 제공 인도 서벵골주에서 힌두 민족주의 성향의 집권 여당이 학교 급식을 채식 중심으로 바꾸자 정치권 공방이 벌어졌다. 일부터 주립학교 급식으로 채식을 학생들에게 제공하겠다며 달걀을 식단에서 제외하고 30%가량의 인도 인구가 채식주의자인 것으로 알려졌다. 채식만 제공하는 ISKCON은 영양 전문가들은 주요 급식 대상인 저소득층 학생들이 단백질 부족에 시달릴 수 있다고 우려했다.,사회/세계
"고양시, 겨울철 복지위기가구 지원 평가 '우수 지자체' 선정…복지부 장... 고양시가 보건복지부의 '겨울철 복지위기가구 발굴·지원' 평가에서 우수 지자체로 선정됐다. 이번 평가에서는 전국 229개 시군구를 대상으로 총 22개 지자체를 우수기관으로 선정했다. 고양시는 위기 징후가 확인된 724명에게 긴급복지와 맞춤형 서비스를 신속히 연계해 지역사회보장협의체와 명예사회복지공무원 등이 참여한 복지사각지대 발굴 캠페인과 생활밀착형 홍보 활동을 강조했다.",사회/세계
"대방건설, 장마철 대비 수해 및 안전사고 예방 대책 강화 대방건설이 장마철 대비 수해 및 안전사고 예방 대책을 강화했다. 전 현장을 대상으로 종합적인 안전관리 대책을 수립·시행하고 있으며, 4년 연속 중대산업재해 'Zero'를 달성했음. 이러한 대책은 건설현장 안전사고를 예방하고 비상 상황 발생 시 신속하게 대응하기 위한 데 중점을 두고 마련됐다.",사회/세계
"민주당, 27일 홈플러스 청문회 추진… MBK·메리츠 정조준 민주당이 홈플러스 경영 위기와 영업 중단 사태의 책임 규명을 위해 27일 국회 정무위원회 청문회를 추진한다. 홈플러스는 운영자금 부족으로 인한 매장 유지 비용 문제를 이유로 지난 13일부터 전국 점포 영업을 임시 중단했다. 최대 주주인 MBK파트너스와 최대 채권자인 메리츠금융그룹이 핵심 조사 대상이 될 전망이다. 민주당은 홈플러스의 경영 악화 과정과 회생절차 추진 경위, 대주주와 채권단의 책임 여부, 자금 지원 가능성 등이 집중적으로 다뤄질 전망이다.",경제|정치
'중국은 웃고 있다' 월드컵 64개국 현실화되나? 중계마다 화면에 잡히는... FIFA 회장이 64개국 월드컵 구상을 내놓았다. 이 계획은 2027년 FIFA 회장 선거와도 맞물린다. 48개국 체제에서 15%의 증가를 목표로 한다. 이 구상은 중국 축구와도 맞물린다. 중국은 24년째 월드컵 본선 무대를 밟지 못하고 있다.,문화/트렌드
"빚 때문에 '극단적 선택' 없도록 … 정부, 경제적 위기자 지원 강화 한국 정부가 경제적 위기자 지원 강화를 추진하고 있다. 년 3249명에서 2024년 4398명으로 자살 사망자가 증가한 통계를 언급하며, 채무자 지원제도 등 제도적 안전망이 마련돼 있음에도 이를 알지 못하거나 복지시스템이 위기를 조기 포착하지 못해 지원이 이뤄지지 않는 사례가 지속되고 있다고 설명했다. 금융위원회는 보건복지부와 협력해 채무정보 등 금융데이터와 건강보험료 납부정보 등 비금융 데이터를 결합·분석하고, 이를 복지부의 빅데이터 기반 '위기가구 발굴시스템'과 연계해 경제적 위기가구를 보다 신속하게 찾아낼 계획이다.",경제
"현직 청주시의원 '아동 성매매' 혐의… 경찰 압수수색 청주시의원 '아동 성매매' 혐의… 경찰 압수수색. 일 A청주시의원의 집무실에서 압수수색을 하고 있으며, 2024년 10월부터 2025년 5월까지 2~3차례 성매매를 한 것으로 파악하고 있다. 이 사건은 아동·청소년의 성보호에 관한 법률 위반으로 인해 형사처벌을 하도록 규정하고 있으며, 경찰은 해당 영상물을 증거물로 확보하고 추가 영상물 제작·보관 여부를 조사 중이다.",사회/세계
"[LH 조달 줌인] 유로·호주달러에 엔화까지…해외 시장서 신활로 개척 LH 조달 줌인, 해외 시장서 신활로 개척. 올 상반기 LH 외화채 발행 내역 총 9억3천716만달러(약 1조3천942억원)에 달한다. LH는 하반기에도 다양한 통화 시장을 살피며 조달처 다변화에 박차를 가할 전망이다.",경제
[초고령화 시대] 치매 보장 '토탈케어' 겨냥한 보험사...치매환자 100만... 치매 보장 '토탈케어' 겨냥한 보험사...치매환자 100만... 올해 치매 환자 수가 100만명에 이를 것으로 예상되는 가운데. 초고령사회에서 늘어나는 치매 위험에 대비할 수 있도록.,라이프
"현실로 구현된 보물찾기 게임! 용담호에서 여의주 찾는 '트레저헌터 in ... 한국수자원공사가 주최하는 '트레저헌터 in 진안' 이벤트가 시작됐다. 총 3000개의 여의주가 뿌려진다. 7월 15일부터 31일까지 얼리버드, 8월 1일부터 28일까지 사전판매, 8월 29일부터 9월 19일까지 일반판매 순으로 진행된다. 이벤트는 진안의 아름다운 자연과 관광자원을 흥미로운 스토리와 접목한 새로운 관광 콘텐츠로 전북도민체육대회와 진안홍삼축제와 연계해 더 많은 관광객이 진안을 찾고 지역경제에도 활력을 불어넣는 대표 관광이벤트가 될 수 있도록 철저히 준비하겠다.",라이프|문화/트렌드
"""혈압 걱정된다면 주목""…칼륨이 풍부한 과일 5가지 칼륨이 풍부한 과일 5가지가 혈압 관리에 도움이 된다. 분의 1 컵 분량의 아보카도에는 182mg의 칼륨이 포함되어 있다. 평소 칼륨이 풍부한 식단을 유지해 혈압을 선제적으로 통제하고 합병증을 예방하는 것이 중요하다.",라이프
"서천의 푸른 여름, 자연과 역사가 어우러진 가볼 만한 곳 서천의 푸른 여름, 자연과 역사가 어우러진 가볼 만한 곳에서 다양한 문화유산을 경험할 수 있다. 년 개장 이래 1.5km에 걸쳐 이어진 장항송림자연휴양림은 2,000원으로 관람 요금이 설정되어 있다. 서천군문화예술창작공간은 일제강점기 미곡창고였던 건물을 리모델링한 복합문화공간으로 다양한 전시회, 공연 및 문예 체험 프로그램을 운영하고 있다.",라이프
"""축산 악취 민원 접수, 방향제 뿌리면 그만? 원인 해결해야"" 제주도의회 환경도시위원회가 양돈 산업의 악취 문제를 강하게 질타하고, 새로운 정책을 요구했다. 제주도에서 1500여건의 축산 악취 민원이 접수된 상황으로, 악취 관리 구역 지정 등을 통해 지도점검을 강화해야 한다. 제주는 청정의 가치를 중심으로 악취 문제 해결을 위해 양돈 산업 허가부터 사후 관리까지 통합적인 시스템을 마련해야 한다고 주장하고 있다.",사회/세계
"선관위 난타 속 갈라진 여야 셈법 국회에서 열린 '6·3 지방선거 투표용지 부족 사태' 국정조사특별위원회 1차 청문회에서 여야가 선관위의 총체적 부실 대응과 조직적 은폐 의혹을 정조준했다. 선관위 직원들의 '선택적 기억'에 대해 맹공을 펼쳤다. 또한, 올림픽공원 시위 장기화로 인한 혈세 낭비 등을 조목조목 지적했다. 국조특위는 선관위의 대응 부실과 책임 소재를 규명하는 데 집중할 방침이다. 윤 위원장은 '이번 청문회는 참정권 침해 사태의 원인을 밝히고 책임 소재를 규명하기 위한 진실규명의 첫걸음'이라며 '진실을 끝까지 밝혀 다시는 같은 참정권 침해가 반복되지 않도록 실효성 있는 개혁 방안을 마련하는 데 특위가 모든 역량을 집중하겠다'고 강조했다.",정치
기보 신임 이사장에 권형택 전 HUG 대표 기보 신임 이사장에 권형택 전 HUG 대표가 임명됐다. 권 신임 이사장은 1968년생으로 3년 임기를 앞두고 있다. 신임 이사장은 '공공기관의 운영에 관한 법률'에 따라 대한민국이 글로벌 벤처 4대 강국으로 도약할 수 있도록 기보가 앞장서겠다.,정치
"국민성장펀드 200조로 확대...우주·항공도 투자 국민성장펀드 규모 확대... 조원으로 대폭 확대, 40조원으로 늘려. 첨단산업 투자 지원 대상도 우주항공 등까지 넓힌다.",경제
"인천 영종구, 정부에 공항경제권 도약 위한 규제혁신 5대 과제 건의 인천 영종구가 정부에 공항경제권 도약 위한 규제혁신 5대 과제 건의. 영종구는 72시간 무사증 입국허가 제도 개선, 공항소음방지법 개정 등 5건의 과제를 제안했다. 이러한 제도 개선은 영종구의 성장 잠재력을 제약하는 제도적 문제를 개선하고, 대한민국의 글로벌 경쟁력을 높이는 거점으로 성장할 수 있도록 한다.",사회/세계
"임신중지약 SNS 불법유통 적발 '9배 급증' 임신중지 의약품 불법유통 적발, 9배 급증. 년 34건, 2024년 116건, 2025년 313건으로 SNS 등에서 불법판매·광고 적발. 식약처는 검증된 의약품을 정식으로 허가하고 안전관리체계를 구축해야 한다.",사회/세계
"李 대통령, 자본시장 정상화 주문…""ETF 보완대책 신속 마련"" 이재명 대통령은 자본시장 정상화를 핵심 과제로 제시하고, 삼성전자·SK하이닉스 단일종목 레버리지 ETF와 관련한 보완 대책을 신속히 마련하라고 지시했다. 이 대통령은 이날 청와대 영빈관에서 열린 재정경제부·국가데이터처·금융위원회·기획예산처 업무보고에서 이억원 금융위원장에게 '주식시장 정상화는 정말 주력해서 힘을 쏟아야 될 부분'이라며 강조했다. 이 대통령은 자본시장 정상화를 중요하게 여기고, 시장 체질을 바꾸는 대책을 지속적으로 마련하는 것이 급선무라고 강조하며, 삼성전자·SK하이닉스 단일종목 레버리지 ETF와 관련한 보완 대책도 신속히 마련하라고 당부했다.",정치|경제
"마이크론·엔비디아 등 반도체주 2027년까지 7천억달러 이익낸다 마이크론과 엔비디아 등 반도체주가 2027년까지 7천억달러의 이익을 창출할 것으로 예상된다. 마이크론은 2026 회계연도에 830억 달러, 2027 회계연도에 1천760억 달러의 이익을 낼 것으로 예상된다. 엔비디아는 2027년도에 3천160억 달러의 이익을 낼 것으로 예상된다. 이 세 곳을 뺀 나머지 기업의 이익도 상당할 전망이다.",경제|IT/과학
"삼성증권·미래에셋증권 폭풍질주…증권업종 투자심리 되살아난다 삼성증권과 미래에셋증권이 강세를 보이며 증권업종의 투자심리가 살아나고 있다. 현재 4.74% 상승하며 코스피 거래대금 증가와 함께 신용융자, 자산관리, 투자은행 실적 개선 기대가 동시에 반영된다. 증권업계에서는 당분간 거래대금 증가와 자본시장 활성화 정책 기대가 이어질 경우 대형 증권사를 중심으로 실적 개선세가 지속될 가능성이 높다.",경제
"S&P500 선물, 美 CPI 둔화에 상승…美 국채금리↓ S&P500 선물이 예상보다 상승했다. E-미니 S&P500 지수 선물은 0.14% 오른 7,602.25에 거래됐다. 연준의 추가 긴축 가능성이 낮아질 것이란 기대가 커졌다.",경제
"로보티즈·두산로보틱스 주가 파죽지세… 로봇 생태계 전방위 매수세 유... 로보티즈와 두산로보틱스가 주가 파죽지세를 보이며 로봇 생태계 전방위 매수세가 확산되는 모습이다. 한국거래소에 따르면 이날 오후 12시 45분 현재 로보티즈는 12.79% 상승한 22만500원에 거래되고 있다. 이와 함께 산업용 로봇 시장의 성장 속도가 더욱 빨라질 것으로 전망하고 있으며, 제조업 뿐 아니라 물류, 국방, 의료, 서비스 분야까지 로봇 활용 범위가 확대되면서 관련 기업들의 실적 개선 가능성도 높아지고 있다.",경제|IT/과학
"아이씨티케이, 양자보안칩 글로벌 주도주로 우뚝 아이씨티케이, 양자보안칩 글로벌 주도주로 우뚝. 현재 주가 1만5200원, 목표주가 6만원. 하반기부터 본격적인 실적 턴어라운드를 기록할 것이란 전망이 나왔다.",경제
"AI시대 엔터산업ㅣAI 영화는 기존 영화를 대체할 것인가 AI 시대의 엔터테인먼트 산업에서 AI 영화가 기존 영화를 대체할 것인가. 명의 인력과 2주의 제작기간, 50만 달러 미만의 비용으로 만들어냈다. AI는 기존 영화를 완전히 대체하지 않을 것이다. 다만 AI 네이티브 영화는 새로운 생태계로 분화하고, 기존 영화는 AI를 흡수하며 진화할 가능성이 크다.",IT/과학
"메르세데스-벤츠, AMG GT 43 출시…고성능 라인업 확대 메르세데스-벤츠가 최상위 스포츠카 라인업을 확장하는 '메르세데스-AMG GT 43'을 출시했다. 최고출력 421마력, 최대토크 51kgf·m를 낸다. 판매 가격은 1억4950만 원이다. 이 새로운 모델은 메르세데스-AMG 페트로나스 포뮬러원(F1) 팀 기술을 활용한 전자식 배기가스 터보차저를 탑재해 고성능을 발휘할 것이다.",라이프
"한전, '전기국가' 비전 실현 박차…3대 메가프로젝트 지원 총력 한전이 '전기국가' 비전 실현을 뒷받침하기 위해 전사적인 혁신에 속도를 냈다. 명이 참석한 가운데 '2026년 전사 혁신 워크숍'을 개최했다. 한전은 조직 체질 개선을 위한 현장 중심의 책임경영 강화 방안도 내놨다.",사회/세계
"양대노총 통일위원회, '노동자 자주선언문' 발표(전문) 양대노총 통일위원회가 '노동자 자주선언문'을 발표했다. 해방 81주년을 앞두고 한국 노동자가 앞장서 반미자주, 평화의 새 시대를 열어내자! 한국 정부의 전시작전권 환수 및 비무장지대 관할권 분할 요구를 미국이 계속 거부하고 있다.",정치
"이더리움, 쌍바닥 형성 시도…ETF 순유입 전환 가능성 이더리움이 쌍바닥 패턴 형성을 시도하고 있다고 전했다. 이더리움 ETF가 8개월 연속 순유출을 보인 후 이달 순유입으로 돌아설 가능성이 있어 기관 수요 회복 기대도 제기됐다. 예상보다 낮은 인플레이션 지표는 위험자산 전반의 거시 환경 개선 요인으로 평가됐다.",경제
"엘리멘타 '실버 팰리스', 철펜의 독설가 '그림·기자' 공개… 진실을 향... 엘리멘타의 ARPG '실버 팰리스'가 제2차 비공개 테스트 '이분법 테스트'를 앞두고 젊은 기자 '그림·기자'의 일러스트와 캐릭터 정보를 공개했다. 캐릭터는 밑바닥 출신의 젊은 기자로, 예리한 통찰력과 강한 야망을 지닌 인물로 정의감과 야망 사이에서 아슬아슬한 줄타기를 하는 모습을 보였다. 이번에 공개된 신규 일러스트 역시 이러한 캐릭터성을 효과적으로 담아냈으며, '실버 팰리스'의 제2차 클로즈 베타 '이분법 테스트' 참가자 모집은 오는 7월 16일까지 공식 홈페이지를 통해 진행된다.",문화/트렌드
"침묵의 장기 '간'…증상 없어도 정기검진이 중요한 이유 간 질환의 위험요인을 확인해야 한다. 과도한 음주, 비만, B형 또는 C형 간염 바이러스 보유자 등은 일반인보다 간 질환 발생 위험이 높아 정기적인 검진이 필요하다. 간 질환 초기에는 단순한 피로나 컨디션 저하로 오인하기 쉬운 증상이 나타난다. 하지만 증상이 없을 때는 이미 질환이 상당히 진행된 경우가 많아 조기에 발견하는 것이 무엇보다 중요하다. 간 건강을 위해서는 생활습관 관리도 필수다. 과도한 음주를 피하고 적정 체중을 유지하는 한편 규칙적인 운동을 실천해야 하며, B형 간염 예방접종도 도움이 된다.",라이프
"[단독] 오송·이태원 참사 수사검사 “대형참사마다 목격한 경찰의 ‘은... 오송 지하차도 참사의 수사가 진행 중인 가운데, 현직 부장검사는 경찰의 초동 대응 부실과 책임 회피, 사건 은폐와 같은 문제가 반복됐다고 지적했다. 년 검경 수사권 조정 이후 검찰은 대형 참사 사건을 직접 수사할 수 없어 경찰이 송치한 사건에 대해 보완수사만 할 수 있었다. 대형 안전사고 수사는 독점해선 안 되며, 보완수사는 국민의 권리다.",정치
"윤희신 태안군수, 발전 5사 통합본사 태안 유치 총력전 윤희신 태안군수, 발전 5사 통합본사의 태안 유치를 정부와 국회에 공식 요구했다. 태안화력발전소 10기의 단계적 폐지와 대체 발전소 부재, 한국서부발전 본사 이전 가능성이 맞물리면서 지역 존립 기반이 흔들릴 수 있다고 강조했다. 군민과 힘을 모아 총력 대응하겠다며 통합본사 유치가 실현될 때까지 군민과 함께 싸울 계획이다.",사회/세계
"경북소방본부 해수욕장 해파리 쏘임 사고 예방 당부 경북소방본부는 해수욕장에서 해파리 쏘임 사고 주의를 당부했다. ~2025년 4년간 총 53건의 인명피해가 발생했으며, 올해도 11세 어린이가 해파리에 쏘이는 사고가 있었다. 해파리 쏘임 사고를 예방하기 위해서는 바다에 들어갈 때 전신 수영복이나 래시가드 등을 착용하고, 즉시 물놀이를 중단하고 안전한 곳으로 이동해야 한다.",라이프|사회/세계
"日""참치 더 잡게 해달라""...멕시코 반대로 실패 일본이 태평양 참다랑어 어획량 상한을 추가로 확대하려다가 멕시코의 반대로 실패했다. 일본은 2027년 이후 참다랑어 어획량 상한을 조정하는 방안을 제안했으며, 연간 할당량이 8421톤으로 대형어 30㎏ 이상, 4407톤으로 소형어 30㎕ 미만이었다. 일본은 자원 보호를 위해 어린 참다랑어의 어획을 억제하고 충분히 성장한 개체의 포획을 확대하자는 취지로 추진했지만 멕시코의 반대로 실패하여 향후 추가 협의가 필요할 전망이다.",문화/트렌드
도축업계 만성 인력난 턴다…몽골 도축 전문인력(E-7-3) 첫 단체 입국 도축업계에 외국인 도축원 15명이 첫 입국했다. 총 36명이 국내 도축장에 배치돼 현장에 투입될 예정이다. 법무부와 농림축산식품부는 20%까지 외국인 도축원 고용허용 인원을 확대하기로 했다. 도축업계의 만성적 인력난을 해결하고자 몽골 도축 전문인력이 국내 도축장에 투입됐다. 축산물처리협회는 이들을 대상으로 교육과 지원을 제공할 계획이다.,경제
"오러클린 보낸 삼성, 후라도 부상 이탈 변수…대체 자원은 있지만 삼성 라이온즈의 외국인 투수 아리엘 후라도가 부상으로 이탈하게 되었다. 후라도는 6주간 휴식을 한뒤 재검진을 받을 예정이며, 대체 자원은 있지만 적응하는데 시간이 필요하다. 삼성은 후반기에는 5인 선발 로테이션을 운용하면서 순위 싸움에 본격 돌입할 예정이었다.",경제
"삼표그룹, 서울시자원봉사센터와 청년 진로 멘토링 '청춘잡담' 진행 삼표그룹이 청년 대상 기업 방문형 진로 멘토링 '청춘잡담'을 진행했다. 여 명의 청년이 참여해 직무 경험과 사회생활 노하우를 공유하는 자리였다. 이번 프로그램은 삼표그룹이 지역사회와 함께 수행해야 할 중요한 역할.",문화/트렌드
"[위클리오늘] 연천군, 국민권익위와 '달리는 국민신문고' 운영…현장 고... 연천군이 '달리는 국민신문고'를 운영한다. 오는 21일부터 오후 3시까지 전곡상권진흥센터에서 진행된다. 이 상담은 주민 생활과 밀접한 분야를 중심으로 맞춤형 상담을 제공할 예정이다.",문화/트렌드
"강화군, 젓새우 조업 규제 완화 시범사업 본격 추진 강화군이 젓새우 조업 규제 완화 시범사업을 본격적으로 추진한다. 년 어업규제 완화 시범사업 대상지로 선정됨에 따라. 이번 시범사업은 어업인에게는 조업 여건 개선의 기회가 되고, 지역 수산업에는 지속 가능한 자원관리 체계를 다지는 계기가 될 것.",경제
"[위클리오늘] 연천군, 여름 휴가철 수산물 원산지 표시 특별점검 실시 연천군이 여름 휴가철에 수산물 원산지 표시 특별점검을 실시한다. 월 20일부터 31일까지 관내 음식점 및 수산물 취급 업소 등을 대상으로 점검을 진행할 것. 이번 점검은 공정한 유통 질서를 확립해 소비자의 알 권리를 보호하기 위해 마련됐다.",라이프
"""응급환자 골든타임 지킨다""… 고흥군·소방서·성가롤로병원 '맞손' 고흥군, 고흥소방서, 성가롤로병원과 업무협약을 체결해 응급의료 이송·수용 체계를 강화했다. 이번 협약에는 14일 군청 팔영산홀에서 10명의 실무 책임자가 참석해 현장 대응력을 높이기 위한 실무 협력 방안을 심도 있게 논의했다. 이번 협약은 응급환자의 소중한 골든타임을 지켜내고 군민의 생명을 안전하게 보호하기 위한 가장 확실한 출발점으로 평가된다.",사회/세계
"[속보] 장윤기, 피해 여고생 범행 전에 알았나... 경찰 ""수사팀 알고도... 장윤기가 피해 여고생을 계획적으로 범행한 흔적이 확인됐다. 일 경찰 브리핑에 따르면 장씨가 범행 훨씬 이전부터 피해 여고생인 이채원양을 알고 있었으며, 이양을 성폭행할 목적으로 치밀하게 범죄를 준비한 단서를 확보했다. 이 사건은 장윤기에 최소 무기징역이 선고될 수 있는 강간 등 살인 혐의를 입증할 핵심 근거가 될 수 있다.",사회/세계
"김수현, SNS 활동 재개…필리핀 브랜드 화보 공개 김수현이 SNS 활동을 재개하고 필리핀 패션 브랜드 '벤치'의 화보를 공개했다. 일 김수현은 인스타그램 스토리에 12장을 리그램하며 근황을 전했다. 복귀를 둘러싼 분위기에도 변화가 감지되고 있으며, 관련 사안의 국면도 새로운 흐름을 보이고 있다.",문화/트렌드
"""구속된 '가세연' 김세의, 김수현 관련 의혹 방송으로 1억 원 수익""…'P... 가세연 김세의가 김수현 관련 의혹 방송으로 1억 원 수익을 받았다. 이 중에 146회 이상의 광고가 송출되어 후원금을 제외한 광고 수익도 상당할 것으로 추정된다. 이러한 자극적인 폭로 방송을 통해 가세연은 구독자 100만 명을 돌파했으며, 김수현 관련 의혹을 다룬 기간 동안 구속영장을 받게 되었다.",문화/트렌드
"[월드컵 이슈] “논란 예상했다” 발로건, 징계 유예 첫 심경…인판티노... 월드컵 이슈 발로건이 논란 예상했다. 일 CBS와의 인터뷰에서 '팀원들은 내 형제 같다'고 말했다. FIFA 회장 인판티노가 국제 올림픽 위원회(IOC) 윤리위원회 제소 위기에 직면하게 되었다.",문화/트렌드
"월드컵 아픔 털고 다시 뛴다… LAFC 손흥민, 득점으로 증명할 시간 LAFC 손흥민이 월드컵 아픔을 털고 다시 운동화 끈을 조여 맨다. 손흥민은 올 시즌 MLS 전반기 13경기에서 9도움을 기록하며 이 부문 선두를 달리고 있다. 소속팀 LAFC와 대표팀 모두를 위해 활약이 필요하다. 손흥민의 후반기 활약이 어느 때보다 절실한 이유다.",문화/트렌드
"""감독에게 전화해 본인이 왜 필요한지 직접 확인""…이강인 친정팀 1군 역... 발렌시아의 1군 역에서 이강인 친정팀을 선택한 사토 류노스케가 직접 감독과 통화를 요청해 이적 결심을 한 것으로 전해졌다. 사토는 J1리그 최우수 영플레이어상을 수상하고, 팬 투표로 선정되는 올스타에도 이름을 올렸다. 또한 일본 축구 역사상 최연소 월드컵 예선 출전 기록도 보유하고 있다. 이 대화를 통해 자신이 발렌시아에서 충분히 성장할 수 있다는 확신을 얻었다. 결국 이 통화가 결정적인 계기가 되어 2031년 6월까지의 장기 계약에 서명했다.",문화/트렌드
"""피파의 공주"" 아르헨티나, ""공정 깨부숴"" 연이은 특혜 논란과 조롱 뚫... 아르헨티나가 연이은 특혜 논란과 조롱을 뚫고 월드컵 4강전을 앞두고 있다. 국제축구연맹(FIFA) 북중미 월드컵 4강전에서 잉글랜드와 경기를 갖는다. 아르헨티나는 이번 대회에 흔들리는 모습을 자주 노출해 심판 판정의 수혜를 받았단 의혹이 제기됐다.",문화/트렌드|사회/세계
"""기술도 체력도 스페인에 밀렸다"" 고개 숙인 데샹 프랑스 감독, 완패 인... 디디에르 데샹 프랑스 감독이 스페인에 패배한 2026 FIFA 북중미 월드컵 준결승전을 말해. 로 졌으며, 전반 22분 미켈 오야르사발, 후반 13분 페드로 포로에게 실점했다. 데샹 감독은 스페인이 강한 팀이라는 걸 인정하며, 프랑스의 경기력 부족을 지적했다.",문화/트렌드|사회/세계
"이미 해봤고, 이미 안 먹힌 전략인데···호르무즈 역봉쇄 재개, 마땅한... 미국이 대이란 해상 봉쇄를 재개하고, 이란에 대한 공습도 이어가고 있다. 미군은 20척 이상의 전함과 수백 대의 군용기를 앞세워 작전을 수행하고 있으며, 이란 항구 및 연안 지역을 오가는 선박에 대한 해상 봉쇄를 재개했다. 이번 미국의 재봉쇄 목표는 이전보다 더욱 복잡해졌으며, 트럼프 대통령은 이란에 대한 협상을 이야기하면서도 공격의 강도를 높여 이란을 압박하고 있다.",사회/세계
"""호르무즈 해협 통행세 20% 내라""던 트럼프, 하루 만에 없던 일로 트럼프 대통령이 호르무즈 해협 통과 화물에 20% 수수료를 물리겠다는 계획을 발표했지만, 하루 만에 철회했다. 미국은 20% 수수료 방안을 철회하고 대신 무역·투자 협정으로 대체하기로 했다. 트럼프 대통령은 이란 항구 봉쇄를 다시 시행하고 호르무즈 해협을 통과하는 모든 선박에 열려 있다고 밝혔다.",사회/세계
"이 대통령 “부동산에 다 매달리는 건 원시적”…‘생산적 금융 전환’... 이 대통령이 부동산 중심의 자산 배분을 비판하고, 생산적 금융으로의 전환을 주문했다. 일 청와대 영빈관에서 열린 부처 업무보고에서 이 대통령은 '부동산 쏠림'을 정조준하고, 30% 정도의 신고자 포상을 약속하기도 했다. 이 대통령은 앞으로 남아있는 3년 11개월가량의 기간이 더 중요하다고 강조하며, 장기적인 정책집행 준비를 잘해야 한다고 언급했다.",정치|경제
"금융위, 국민성장펀드 200조 확대…생산·포용금융 개혁 속도 금융위원회가 하반기 금융정책을 발표하고 국민성장펀드를 200조원으로 확대했다. 이번 계획에는 생산적 금융 150조원, 포용금융 50조원, 신뢰 금융 10조원이 포함된다. 이러한 정책은 지역경제 활성화를 위한 금융지원을 확대하고 민간 재원 활용도 강화할 계획이다.",경제
"[하반기 부처 업무보고]'대체불가 대한민국' 시동…AI·재정개혁 양날개... 한국 정부가 '대체불가 대한민국' 청사진을 제시하여 AI 대전환과 재정 혁신을 추진한다. 이 계획에는 2025년까지 잠재성장률 3%, 수출 세계 4강, 1인당 국민소득 5만달러 달성을 목표로 하는 등 구체적인 숫자가 포함된다. 정부는 AI 대전환과 양극화 완화, 지방소멸 대응, 인구구조 변화 대응을 국가 미래를 좌우할 5대 과제로 규정하고 재정 자원을 전략적으로 배분하기로 했다.",정치
"NH농협생명, AI OCR 도입…보험 업무 디지털 전환 속도 NH농협생명이 AI OCR 도입하여 보험 업무 디지털 전환 속도 높였다. 이번 시스템 구축으로 기존 문서 처리 과정을 30% 줄이고 업무 효율성을 20% 높였다. 새로운 시스템은 보험 업무 과정에서 발생하는 각종 문서를 AI가 자동으로 인식하고 분류할 수 있도록 해 업무 처리 속도와 정확도를 높일 전망이다.",IT/과학
"완도군, 민선9기 첫 조직개편 단행…기능 중심 행정으로 미래 성장동력... 완도군이 민선9기 출범과 함께 조직개편을 단행했다. 조직 개편은 공무원 정원을 늘리지 않고, 6개 팀으로 축소 등 조직 슬림화를 목표로 한다. 이번 조직 개편은 군민 중심의 기능형 조직을 마련하는 데 초점을 맞췄다.",사회/세계
"李대통령, MSCI 편입 불발 지적에 구윤철 ""속도조절 필요"" 이재명 대통령, MSCI 선진국 지수 편입 불발 배경을 집중 점검했다. MSCI는 지난 6월 발표한 2026년 연례 시장 분류 결과에서 한국 증시를 선진국 편입을 위한 관찰대상국 편입을 보류한 바 있다. 이 대통령은 자본시장 정상화, 선진화는 매우 중요한 국가 정책이라며 부동산 비중이 여전히 너무 크다.",정치
"이 대통령 ""이렇게 부동산 매달리는 나라 없어…매우 원시적"" 이 대통령이 부처 업무보고에서 '부동산 매달리는 나라 없어…매우 원시적'이라고 발언했다. 이 대통령은 2026년까지의 정책집행을 강조하며 '자본시장 선진화·‘주가 누르기 방지법’ 속도 주문'을 했다. 이 대통령은 부동산 비중이 너무 크며 생산적 금융으로의 전환이 필요한 과제라고 진단했다.",정치|경제
"李대통령 ""빚 갚을 능력 없으면 파산·면책 통해 다시 출발할 수 있도록... 이재명 대통령이 장기 연체 채무자에 대한 적극적인 채무 탕감 정책을 강조했다. 일 청와대 영빈관에서 열린 금융위원회 업무보고에서 이 대통령은 3,000억 원의 채무를 탕감해 줄 것을 제안했다. 이 대통령은 도덕적 해이를 부르는 주장을 반박하며, 장기 연체자가 되면 감당해야 하는 불이익이 매우 큰 만큼 일부러 빚을 갚지 않는 상황은 현실적으로 발생하기 어렵다.",정치
"원광대학교병원, 닥터헬기 10주년 기념식 개최 원광대학교병원이 닥터헬기 10주년 기념식을 개최했다. 이벤트는 지난 10년간의 운영 성과를 공유하고, 지역 응급의료체계 발전에 기여한 유공자와 관계기관의 공로를 기념하기 위해 마련됐다. 이날 행사에는 이원택 전북특별자치도지사, 최정호 익산시장, 최대해 중앙응급의료센터장을 비롯해 오은균 원광학원 이사장, 박성태 원광대학교 총장과 전북특별자치도의사회, 소방, 군, 협력 의료기관 등 지역 응급의료체계 발전에 협력해 온 유관기관 관계자들이 참석했다.",사회/세계
"전진숙 의원 ""임신중지 의약품 안전관리체계 구축 시급"" 더불어민주당 전진숙 의원, 임신중지 의약품 안전관리체계 구축을 강조했다. 임신중지 의약품의 온라인 불법판매·광고 적발 건수는 최근 5년간 총 3189건에 달해 여성의 건강과 생명을 위협하고 있다. 식약처는 검증된 의약품을 정식으로 허가하고 의료인의 처방과 약사의 복약지도, 이상사례 보고와 사후관리까지 가능한 공적 관리체계를 신속히 마련해야 한다고 강조했다.",정치
"4대 혁신안 내놓은 김민석…청년층 민심잡기 '올인' 민주당 김민석 전 국무총리가 4대 혁신안을 발표했다. 혁신안의 핵심은 청년층 민심잡기 '올인'으로, 청년 관련 예산자율권을 50% 이상 보장하는 방안 등이다. 김 전 총리는 당대표 직속 1030 정책단을 구성하고 장관급 청년정책위원회를 신설하는 방안도 내놨다.",정치
"[국회라이브] 오세희, 디자인 모방제품 차단 '디자인보호법' 개정안 발... 국회 의원 오세희가 디자인 모방제품 차단을 위한 '디자인보호법' 개정안을 대표 발의했다. ~2025년 온라인 디자인권 침해 의심 제품은 총 2937건에 달했다. 이번 개정안은 온라인 환경에서 발생하는 디자인권 침해를 보다 체계적으로 예방하기 위한 내용을 담았다.",IT/과학|정치
"대만 “중국, 민족단결법 통해 시진핑 4연임 토대 마련” 대만이 중국의 민족단결법에 대한 대응을 강조하고 있는 것으로 나타났다. 민족단결법은 중국인민해방군과 준군사조직, 사회단체, 기업 등이 '중국공산당의 영도'에 복종할 것을 명확하게 요구하고 있다. 이러한 법적 장치가 마련된 것은 시 주석의 4연임 여부가 결정될 제21차 중국공산당 전국대표대회에 앞서 마련한 것이라 분석된다.",정치
"마약 1t 막고 수출 문턱 낮춘다…관세행정 AI 전환 관세청이 마약류 1007㎏과 총기·실탄 등 9000여 점을 적발한 것에 대해 2026년 하반기 업무계획을 내놨다. 조3058억원, 불법 외환거래 규모는 약 3조9000억원에 달했다. 관세청은 초국가 범죄 차단과 '모두의 수출' 생태계 조성, 관세행정 AI 전환을 담은 2026년 하반기 업무계획을 내놨다.",IT/과학
[신아일보 tv] 삼성전자 노조가 투자까지 교섭? 주주들 뿔났다 삼성전자 노조가 호남 반도체 투자 계획을 두고 주주단체와 충돌합니다. %의 조합원 설문에서 호남 반도체 프로젝트에 반대한다는 응답이 나왔다. 노조와 주주는 기업의 미래 투자와 이익 배분을 논의하면서 정작 재산상 위험을 부담하는 주주가 배제되고 있다는 주장이죠.,경제|IT/과학
"[하반기 부처 업무보고] 국가전략기술에 최대 10조 장기자본…민관 전문... 하반기 부처 업무보고에서 국가전략기술에 최대 10조 장기자본을 공급하는 민관 전문운용사 신설한다. 년간 최대 10조원의 장기자본을 공급할 계획으로, 연간 1조~2조원씩 투자할 예정이다. 정부는 KSTP를 통해 초장기 투자를 지속할 수 있는 기반을 마련하고 민간 금융권의 기술투자 역량도 함께 키우겠다.",경제
"정읍시, 8개 권역 농업인상담소 재개…현장 중심 영농 지원 강화 정읍시가 8개 권역에서 농업인상담소를 재개해 농업 현장의 '작물 주치의' 역할을 한다. 이 상담소는 8개 권역에 300여 명의 직원을 배치해 농업기술 지원과 농촌인력 육성을 연결하는 현장 거점 역할을 한다. 시는 농업인상담소를 통해 농업인의 어려움을 신속하게 파악하고 해결하는 현장 중심 지원을 통해 정읍 농업의 경쟁력을 높여갈 계획이다.",사회/세계
"익산시, 논콩 병해충 피해 막는다…방제 약제 지원 익산시가 논콩 병해충 피해를 줄이고 안정적인 생산 기반을 마련하기 위해 방제 지원에 나선다. 총 1억 500만 원을 투입해 '논콩 병해충 종합방제 지원사업'을 추진하며, 오는 22일까지 신청을 받는다. 이 지원사업이 논콩 농가의 병해충 피해를 줄이고 안정적인 생산에 도움이 되길 기대한다.",사회/세계
"익산시 투트랙 세무행정 추진...탈루·은닉 세원에 대해 엄정 대응 익산시가 탈루·은닉 세원에 대해 엄정 대응하는 투트랙 세무행정을 추진한다. 총 26억 원의 탈루·은닉 지방세를 추징하고, 최근 5년간 총 134억 원의 지방세를 확보했다. 이 같은 조사와 추징을 통해 확보한 재원을 지역경제 활성화와 시민 복지 증진을 위한 지방재정으로 활용할 계획이다.",경제
"[정치家] 오세훈 서울시장 ②ㅣ 공급 확대 촉구부터 XR·골목상권까지 ... 오세훈 서울시장이 국무회의에서 주택시장 문제를 강조하고, 공급 확대와 규제 완화 촉구했다. 서울시가 2032년 무선 CBTC 도입을 계획하고, 혼잡도 143%로 완화 기대를 내걸었다. 서울시는 70세 이상 버스요금 지원 조례를 심의·의결해, 어르신 교통비 지원을 확대했다.",경제
"무적함대 만나면 그림 못 그리는 아트사커…“스페인은 천적, 야말은 재... 스페인 축구대표팀이 2026 국제축구연맹(FIFA) 북중미월드컵 준결승전에서 프랑스를 2-0으로 제압하고 결승전에 진출했다. 스페인은 15일(한국시간) 미국 텍사스주 알링턴의 댈러스 스타디움에서 열린 2026 국제축구연맹(FIFA) 북중미월드컵 준결승전에서 프랑스를 2-0으로 제압하고 결승전에 진출했다. 스페인은 16년 만에 월드컵 우승을 향한 밑그림을 완성한 프랑스의 ‘아트사커’를 넘지 못하고 작품을 미완으로 남겼다.",문화/트렌드|사회/세계
"선두 서울 온다…부천FC ‘상승세 시험대’ 부천FC가 선두 FC서울을 안방으로 불러들여 경쟁력을 증명할 무대에 선다. 부천은 4승7무6패(승점 19)로 9위에 자리하고 있으며, 서울은 11승3무3패(승점 36)로 선두를 달리고 있다. 이영민 감독은 최근 경기력을 통해 충분히 승부를 걸 수 있다는 자신감을 얻고 있다.",문화/트렌드
"이영표가 FC서울 홈구장에 나타난 까닭 이영표가 FC서울 홈구장에 나타난 까닭. 년 FIFA 한일 월드컵 4강 신화의 주역 이영표가 서울월드컵경기장에서 열린 하나은행 K리그1 2026 FC서울-강원FC 경기에 등장했다. 이벤트를 통해 축구 팬들을 겨냥한 럭키드로우 추첨 이벤트와 스타디움 투어, 에스코트 키즈 프로그램 등 다양한 즐길거리를 제공해 관람객들의 발길이 이어졌다.",문화/트렌드|사회/세계
[단독] 환율 1500원대인데 외환시장 대응 여력 하락..추경 여파? 환율 1500원대에 외환시장 대응 여력이 하락하고 있다. ~2024년 세수 결손으로 외국환평형기금의 원화 재원이 48.7조 감소했다. 정부는 기금의 원화재원을 축소했고 외환보유액도 전반적으로 감소하여 외환시장 변동성 확대에 효과적으로 대응할 수단이 약화됐을 수 있다.,경제
"[미국 특징주] 골드만 삭스, 100억달러 회사채 발행에 수요 3배 몰려 골드만삭스가 100억달러 회사채를 발행했다. 투자 수요는 약 세 배 수준으로 몰린 것으로 나타났다. (320억달러). 이 같은 실적 발표 이후 주식과 채권 시장은 상승세를 보이며, 유가 반등에도 불구하고 연방준비제도(Fed)의 금리 인상 가능성에 대한 우려가 완화됐다.",경제
"ML 선수노조, LA 올림픽 출전? “동계올림픽 아이스하키처럼, 최고 대우... MLB 선수노조, LA 올림픽 출전을 요구하고 있다. 년 7월 12일부터 8월 3일까지 급여와 서비스 타임을 인정받지 못하는 제한 선수 명단에 올리는 방안을 검토 중이다. LA 올림픽 야구는 총 6개국이 참가해 메달을 가리나, MLB는 정규시즌 전반기를 9일에 마무리한 뒤 11일에 올스타전을 치르고 21일 정규시즌을 재개하는 일정을 구상하고 있다.",문화/트렌드
"충격 스왑딜? 아스널, 바이아웃 '8,620억' 알바레스 영입 위해 요케레스... 아스널 FC가 훌리안 알바레스 영입전에 본격적으로 뛰어들었다. ,620억 원의 바이아웃 조항을 언급한 것으로 전해졌다. 아스널은 알바레스에게 훌륭한 행선지가 될 것이다.",문화/트렌드
"피크, peaqOS 기반 로봇에 자율 구매 기능 적용...Virtuals 에이전트와 통... 피크가 버추얼스와의 통합으로 자율 구매 기능을 제공한다. 이제 peaqOS를 구동하는 로봇과 기계까지 참여 범위가 확대됐다. 1000여 대의 로봇이 서비스를 사용할 수 있다. 이러한 구조는 자율 기계가 사람의 개입을 기다리거나 불확실한 추정에 의존하지 않고, 필요한 순간 필요한 확신을 확보할 수 있는 기반을 마련한다.",IT/과학
"광명시흥 '직주복합 지식산업센터' 윤곽… 공장만 짓던 지산 모델 바뀌... 광명시흥 '직주복합 지식산업센터' 윤곽 드러냈다. 총 13만3571㎡ 규모, 272가구의 임대주택 포함. 이 같은 구조가 실제 자족기능으로 이어질지는 입주기업 구성과 주택 공급 방식, 교통·생활 인프라가 얼마나 유기적으로 연결되느냐에 달려 있다.",경제
"정청래 ‘평택을 공천 후회’ 토로했다가 당내 반발에 ‘사면초가’ 직... 정청래 전 민주당 대표가 경기 평택을 공천 후회 발언, 당내 반발에 직면. 송영길 의원은 정 전 대표를 겨냥해 '너무 무책임한 발언'이라고 날을 세웠다. 전당대회 출마를 선언한 송 의원은 이날 오전 mbc 라디오에서 '조국 전 대표를 설득해 부산으로 나가게 했어야 했다'며 강조했다.",정치
"국민성장펀드 200조 확대…전략기술 투자·가계부채 관리 '투트랙' 국민성장펀드 200조 확대…전략기술 투자·가계부채 관리 '투트랙'. 금융위원회는 200조원 규모로 키우고 전략기술 투자 전담기구를 신설하는 등 미래 산업에 대한 정책금융을 강화하는 동시에 가계부채 관리와 금융혁신도 병행한다. 이러한 추진 계획은 생산적 금융과 포용금융, 금융시장 안정 및 혁신을 중심으로 금융의 체질을 개선해 첨단산업 경쟁력을 높이고 국민이 체감할 수 있는 금융환경을 조성하겠다는 구상이다.",경제|IT/과학
"李대통령 ""부동산 쏠림 과도…자본시장 정상화 서둘러야"" 이재명 대통령이 부동산에 편중된 자산 구조를 문제로 지적하고 자본시장 정상화와 생산적 금융 확대를 주요 정책 과제로 제시했다. 이 대통령은 15일 청와대 영빈관에서 재정경제부, 국가데이터처, 금융위원회, 기획예산처를 대상으로 취임 후 두 번째 부처 업무보고를 주재했다. 이 대통령은 '사람 살리는 금융'을 평가하며 장기 연체 채무 정리에 대한 정책을 강조하고, 개혁과 혁신을 함께 추진해야 한다고 강조했다.",정치|경제
트럼프 17일 대국민연설 초점은 '선거 보안' 트럼프 대통령이 17일 대국민연설을 통해 선거 보안에 초점을 맞출 예정이다. 이번 연설에는 투표기기 취약점과 외국 세력의 선거 개입 조사 결과가 포함될 전망이다. 트럼프 대통령은 이번 연설을 통해 엄격한 유전자격자 투표법 통과를 압박하기 위해 의회와 대치하는 시점에 나왔다.,사회/세계
"표류하던 경찰 코인 커스터디, 두나무 우협 선정…진입배경 관심 두나무가 경찰청의 '압수 가상자산 보관·관리사업'에 대한 협상 실무협의를 진행 중이다. 일 가상자산업계에 따르면 두나무는 우선협상대상자로 선정된 데 따른 후속절차다. 이번 사업은 공공기관 사업으로, 경찰의 총 위탁규모가 불확실해 보험이 전액 배상을 보장할 수 없다는 반론도 적잖았던 것으로 전해진다.",사회/세계
현직 청주시의원 아동 성매매 혐의…압수수색 청주시의원 아동 성매매 혐의로 압수수색. 경찰은 2024년 10월부터 2~3차례 성매매를 한 혐의로 입건해 수사하고 있다. 이 사건으로 인해 시의원 신분을 밝히지 않았던 최 의원의 정황이 파악되는 것으로 전해졌다.,사회/세계
"경찰 ""장윤기, 범행 전 피해 여고생 알았을 가능성"" 장윤기 살인사건 관련 경찰 수사가 진행 중이다. 특수단은 장윤기가 범행 전 피해 여고생을 알았을 가능성이 있어 확인 중이라고 밝혔다. 이 사건의 수사는 경찰 수사팀의 부당한 지시가 있었는지 등을 다각도로 조사하겠다고 밝혔다.",사회/세계
영화 '호프' 정호연 탄 경찰차가 현대차 스텔라?! 영화 '호프'에서 현대차 스텔라가 경찰차로 등장한다. 이번 협업에서는 1980년대 출시된 스텔라 모델을 활용해 브랜드 경험을 확장하고 있다. 현대차는 영상 콘텐츠와의 협업을 통해 브랜드 유산과 차량의 역사성을 알리는 프로젝트를 추진하고 있다.,문화/트렌드
"파인더갭, 버그바운티 관리 솔루션 정부 혁신제품 지정 파인더갭의 보안 취약점 신고·조치·공개 제도(CVD·VDP) 관리 솔루션이 정부 혁신제품으로 지정됐다. 이번에 지정된 제품은 3년간 공공기관과 수의계약을 맺을 수 있으며, 조달청 시범구매 사업 참여와 구매면책 제도 적용 등의 혜택을 받는다. 파인더갭은 이번 혁신제품 지정을 발판 삼아 민간 취약점 진단 영역에 머무르던 솔루션을 공공기관의 상시 사이버보안 관리 체계로 확장 적용할 계획이다.",IT/과학
"맨온더분, 청담 플래그십서 '빈티지 마켓' 연다...남성 취향 콘텐츠 강... 맨온더분이 플래그십 스토어 '빈티지 마켓'을 열었다. 국내외 4개 브랜드가 참여해 50여 점의 빈티지 시계와 40여 점의 빈티지 아이웨어를 판매할 예정이다. 이 행사는 취향 소비를 중시하는 남성 고객층과의 접점을 확대하고 브랜드 철학과 라이프스타일을 경험하는 공간으로 육성하고 있다.",문화/트렌드
"랩지노믹스 최대주주, 지분 20% 돌파 랩지노믹스 최대주주 루하갈락티코스가 주식을 추가 매수해 지분율 20% 돌파했다. 만 100주(약 10억 원 규모)를 추가 취득, 지분율은 18.70%에서 20.38%로 확대됐다. 이번 장내매수는 랩지노믹스가 추진 중인 미국 CLIA 랩 기반 성장 전략과 뚜렷한 수익성 개선 방향에 대한 최대주주의 확고한 신뢰를 보여주는 것.",경제
"육지 대신 바다로…선박 포트폴리오 키우는 건자재 업계 한국 건자재 업계가 선박 시장으로 눈을 돌리고 있다. 현대리바트의 선박 가구 사업 매출은 약 300억 원으로 역대 최대를 기록했다. 선박 인테리어 사업도 집중 공략하겠다는 계획으로, 고기능성 제품 비중을 확대하면 영업이익 측면에서도 더욱 유리할 수 있다.",경제
"발의는 크게 철회는 조용히…여론 질타에 사라진 ‘철회 법안’ 대 국회에서 발의된 162건의 법안이 철회됐다. 철회된 법안의 83%는 발의 후 여론의 반대로 인해 자진 철회된 것임. 국회 의안정보시스템에 따르면, 22대 국회에서 제안(발의)된 법안 1만9405건 대비 0.83%다.",사회/세계
"22대 후반기 원 구성 ‘평행선’…與野 지연 책임 두고 ‘남탓’만 대 후반기 원 구성 협상이 제자리걸음을 이어가고 있다. 민주당은 18개 상임위원장을 모두 맡는 방안도 배제하지 않겠다는 입장을 내비쳤다. 국민의힘은 국회법 개정하라며, 민주당과 대립을 강화하고 있다.",정치
"여당 주최 토론회서도…이재명 노동정책 평점 68.6점 이재명 노동정책 평점 68.6점을 받았다. 개 항목 조사에서 주 4.5일제 61.2점, 노란봉투법 59.2점, 외국인 노동자 통합 지원 51.7점 등 평균을 밑돌아. 이재명 정부는 청년 자발적 이직 실업급여 정책에 대한 인식 차이를 보였다.",정치|경제
"'2026전국청소년원자력골든벨' 성료…청소년들과 '원자력 소통' 앞장 '2026전국청소년원자력골든벨' 대회 성료, 청소년들과 '원자력 소통' 앞장. 이번 대회는 4회째 개최된 것으로, 14일 경주고등학교 괘정관에서 열렸다. 총 100여 명의 학생들이 참가해 원자력에 대한 올바른 지식과 정보를 전달받았다. 이러한 행사는 청소년들에게 원자력의 긍정적인 측면을 이해하고, 미래 세대를 위한 에너지 교육의 든든한 후원자 역할을 수행하는 한수원 노동조합 강창호 위원장의 주도하에 진행됐다.",문화/트렌드
"정덕영 양주시장, 출퇴근 편의·생활환경 개선 속도 양주시장이 출퇴근 편의와 생활환경 개선에 속도를 내고 있다. 신규 광역버스는 51.2㎞의 운행거리를 갖추어 오전 6시부터 9시 사이 두 차례 운행된다. 군사장애물 정비도 추진하여 시민 안전을 강화하고자 한다.",사회/세계
"부천 상동특별계획구역 'AI 도시' 재편 예고 부천시가 'AI 도시'를 재편할 계획을 발표했다. 이 계획은 10년간 개발된 상동특별계획구역을 중심으로 콘텐츠와 AI 산업을 조성하는 자족형 복합도시를 만들겠다는 구상이다. 올해 안에 주요 기업과 협약을 체결하는 것이 목표로, 향후 부천의 경쟁력을 높이겠다는 구상이다.",IT/과학
"해외기업, 국내 상장사 투자 1년새 30%↑…미국계가 절반 넘어 해외기업이 국내 상장사의 지분을 대거 사들이며 투자를 늘린 것으로 나타났다. 국가별로는 미국계 자본의 비중이 절반을 넘으며, 업종별로는 K-뷰티 열풍에 힘입은 화장품 분야와 반도체 소부장 등이 글로벌 자금의 집중 러브콜을 받았다. 따라서 앞으로 국내 증시 유입 규모가 컸고, 해외기업의 투자 방향이 더 다양해질 전망이다.",경제
"이디야커피, 디카페인 메뉴 판매량 25%↑ 이디야커피가 디카페인 메뉴 판매를 확대하고 있다. %의 판매량 증가를 기록했다. 소비자 요구에 맞춰 다양한 선택권을 제공할 계획이다.",라이프
"AI가 경제의 판 바꾼다…국제학술대회서 금융·일자리·산업·국제질서... AI가 경제의 판을 바꾼다…국제학술대회서 금융·일자리·산업·국제질서... 명의 국내외 전문가들이 AI의 경제적 영향을 논의했다. 2026년까지는 AI가 주식을 고르고, 스테이블코인이 국경을 넘나든다. AI가 돈이 움직이는 방식과 사람이 일하는 방식, 기업이 경쟁하는 방식, 국가가 경제 안보를 지키는 방식까지 함께 바꾸고 있다.",IT/과학
"李 ""빚 갚을 능력 없으면 파산·면책해 재출발시켜야"" 이재명 대통령은 장기연체 채무자들을 빨리빨리 정리해줘야 한다고 말했다. 년, 10년 된 장기연체 채무를 정리하는 것은 선진국에서는 기본적인 일. 금융회사는 대출자 중 일부가 채무를 상환하지 못할 가능성을 예상해 그 위험 비용을 금리와 대손충당금 등에 반영하고 있는 만큼.",정치
"[시장 따라잡기] 중동 긴장 고조에 정유·해운주 상승 호르무즈 해협 통... 미국이 호르무즈 해협 통행료 부과 방침을 철회, 국제유가도 진정하나 했지만, 미국이 대이란 해상 봉쇄를 재개, 군사적 위기감이 여전하다. 미 CPI 발표에 따라 국내증시가 장 초반 강하게 상승하고 있는 반면, 중동 긴장 고조로 불확실성이 시장을 덮치고 있다. 코스피 펀더멘털 여전히 견조하되지만, 수급이란 얘기를 많이 하는데, 개인의 매수 여력이 줄어들었을 때 외인과 기관이 얼마나 받쳐줄 수 있을지 모른다.",경제|사회/세계
"트럼프 “통행료 20%는 수백 억 달러 투자하는 걸프국에 맡길 것” [현장... 트럼프 대통령이 호르무즈 해협을 지나는 선박에 20% 수수료를 부과하겠다고 발표한 후, 이를 걸프국의 대미투자로 대체하겠다고 밝혔다. 걸프국들과의 밀도 있는 대화 끝에 20% 수수료를 대미 무역과 투자 협정으로 대체하기로 했다. 트럼프 대통령은 이 투자가 걸프국들의 미래에 매우 긍정적인 동시에 미국에 수백만 개의 고임금 일자리를 창출할 것이라고 말했다. 이 결정은 국제사회의 반발과, 수수료 부과에 대한 국제법적 정당성 논란을 불러일으켰지만, 트럼프 대통령은 이를 걸프국의 대미투자로 대체하는 방침을 강조했다.",사회/세계
"보스턴 다이내믹스, 美 핵심 정보정책 당국과 스위스서 '스팟' 독보적 기... 보스턴 다이내믹스의 '스팟' 로봇이 세계 무대에서 압도적인 기술력을 입증했다. NTIA가 글로벌 IT 포럼에서 보스턴 다이내믵스의 ‘스팟’을 전면에 내세웠으며, 향후 AI 기반 로봇 산업의 표준을 제시했다. 이러한 기술력은 4차 산업혁명 시대 급증하는 청정에너지 수요를 선제적으로 장악하려는 에너지 동맹 강화 행보로 풀이된다.",IT/과학
"“전기·물 다 먹는 하마”…뉴욕, 미국 첫 AI데이터센터 ‘건설 중단’ 뉴욕주가 AI 데이터센터 건설을 1년간 제한하기로 했다. 메가와트 이상 규모의 신규 데이터센터는 1년간 허가 신청이 중단된다. 뉴욕주민들의 전기요금까지 끌어올릴 위험이 있으며, 더 늦기 전에 뉴욕 주민을 보호할 안전장치를 마련해야 한다.",IT/과학
"티웨이항공, 객실승무원 신입 인턴 채용…24일까지 접수 티웨이항공이 객실승무원(신입 인턴) 공개 채용을 실시한다. 지원자는 24일 오후 2시까지 접수하며, 최종 합격자는 서울 지역에서 근무하게 된다. 티웨이항공은 올해 하반기 A330-900NEO와 B737-8 등 신규 항공기를 도입해 노선 경쟁력을 강화할 계획이다.",사회/세계
"손발톱 피부암, 잘라내지 않아도 치료할 수 있다 손발톱 피부암의 새로운 치료 방안이 개발됐다. 명의 환자에게 수술을 시행한 결과, 2년 무병 생존율이 81.6%, 국소 영역 무재발 생존율이 94.4%였다. 이러한 새로운 치료 방안은 의료진의 중요한 과제로, 환자의 삶의 질을 높이는 것이 중요하다.",라이프
"하지원, 360만 뷰 '홈런' 무대 이어 16일 LG트윈스 시구 출격 배우 하지원이 16일 LG트윈스의 시구자로 마운드에 오른다. 이번 시구는 360만 뷰를 넘은 '홈런' 무대에서 비롯됐으며, 12년 만의 선보이는 것이며, 프로야구 정규 시즌 시구로는 18년 만의 일이다. 하지원은 선수들에게 승리의 기운을 전달하기 위해 마련된 이번 시구는 준비 과정도 공개할 예정이며, 오는 9월 2일 영화 '비광' 개봉을 앞두고 있다.",문화/트렌드
"경기도, '프리랜서 공정거래 문화 조성 콘텐츠 공모전' 개최 경기도가 '프리랜서 공정거래 문화 조성 콘텐츠 공모전'을 개최한다. 응모 자격은 전 국민으로, 개인 또는 5명 이내의 팀으로 참여할 수 있다. 최대 2개 작품까지 제출할 수 있으며. 이벤트는 프리랜서 공정거래 문화 조성을 목표로 하며, 수상작에는 50만 원, 우수 3건에는 각 30만 원, 장려 3건에는 각 20만 원의 포상금을 지급한다.",라이프|문화/트렌드
"K-방산 넘어 미래 에너지로… 한화에어로, 첨단 열관리 시장 선점 나선... K-방산이 미래 에너지로 전환하고 있다. SK이노베이션은 94만 8000원에 거래되고 있으며, 배터리 생산 과정에서도 열 관리 기술이 중요해지고 있어 관련 산업 확대 가능성이 투자 포인트로 거론된다. AI 데이터센터는 연산 성능뿐 아니라 전력 효율과 열 관리 능력이 경쟁력이 될 것.",경제|IT/과학
"경찰 특수단 ""장윤기 사건 수사팀장 '성적으로 몰아가지 말라' 지시"" 경찰 특수단이 장윤기 사건 수사팀장 '성적으로 몰아가지 말라' 지시한 정황이 확인됐다. 박 경감은 성적인 범행 목적을 검토해야 한다는 과학수사 분야 면담 보고서를 전달받고도 해당 내용을 수사 기록에서 제외한 것으로 조사됐다. 특별수사단은 부실 수사 과정에서 상부 지시나 외부 청탁이 있었는지 여부를 추가로 확인할 방침이다.",사회/세계
"삼양사 어바웃미, 검정콩·엑소좀 기술 접목한 헤어케어 신제품 2종 출시 삼양사 어바웃미가 검정콩과 엑소좀 기술을 접목한 헤어케어 신제품 2종을 출시했다. 두 제품은 모발 빠짐이 77.88% 개선됐으며, 모발 끝 갈라짐이 86.97% 개선됐다. 삼양사는 앞으로도 소비자의 라이프스타일에 맞춘 차별화된 혁신 제품을 지속적으로 선보일 계획이다.",라이프
"날씨도 더운데 숏컷 어때요? 화사부터 유아까지, 숏컷 팸에 합류 숏컷 트렌드가 화제를 모아 숏컷 팸에 합류. 화사의 페미닌한 숏컷과는 정반대의 스타일을 선보인 심은경. 나나와 이연의 숏컷에서 주목해야 할 것은 머리카락 끝의 텍스처입니다.",라이프
"[혼자서도 수산물] 혼자 살아도 전복 한 팩이면 4끼 해결…1인가구를 위... 한국인들이 여름에 보양식을 찾는 이유는 가격도 부담이고 양도 많아 선뜻 손이 가지 않는 경우가 적지 않다. 한 팩만 구입해도 여러 끼 식사로 활용할 수 있어 1인가구의 '실속 보양식'으로 주목받고 있다. 소량 구매가 가능해졌고, 계절에 관계없이 비교적 합리적인 가격으로 구매할 수 있게 됐다. 혼자 살면 식단이 탄수화물 위주로 치우치기 쉬운데, 전복은 간단한 조리만으로도 단백질을 보충할 수 있다는 점에서 활용도가 높다.",라이프
"상미당홀딩스 하이트진로 外(새로나왔어요!) 상미당홀딩스, 파리바게뜨가 여름 신제품 '망고밤 샌드'를 발표했습니다. 이랜드월드의 로엠 브랜드가 여름 신상품 '코티지 걸' 컬렉션을 공개했습니다. 호텔신라의 서울신라호텔이 객실에서 LP를 감상할 수 있는 '바이닐 무드 스테이' 패키지를 10월 31일까지 제공합니다.",라이프
"李대통령 ""자산배분 부동산 비중 커…생산적 금융전환 중요"" 이재명 대통령이 부처 업무보고에서 자산 배분에 있어 부동산의 비중이 너무 크다고 지적했다. 국내 주식시장이 역사적으로 있을 수 없는 대폭등을 했는데 안정화에는 시간이 필요하다. 적극적 탕감 정책이 사회 전체적으로 도덕적 해이를 유발하지 말라는 경고를 내렸다.",정치|경제
"李대통령, ""레버리지 ETF 보완대책 신속히 마련하라"" 이재명 대통령이 레버리지 ETF 보완대책을 신속하게 마련하라 지시했다. 레버리지 ETF와 관련해 15일 청와대에서 열린 금융위원회 등 부처 업무보고에서 발언하고 있다. 이 대통령은 최근 유가담합 사례를 언급하며 '우리사회에 비정상이 너무 많다'고 지적했다.",정치
"李 대통령 ""부동산 비중 너무 커...자본시장 정상화 매우 중요"" 이재명 대통령이 재정경제부와 금융위원회 등을 대상으로 취임 이후 두 번째 정부 부처 업무보고를 받았다. 이 대통령은 9차례에 걸쳐 진행되는 이번 업무보고에서 사회 곳곳의 잘못된 관행을 바로잡는 '비정상의 정상화'를 강조했다. 이 대통령은 자본시장 정상화와 선진화를 위한 조치를 신속하게 도입하고 논란이 있는 부분들은 신중하게 해달라며 국민참여형으로 확대된 이번 업무보고를 진행했다.",정치
"아르고스, 46억원 투자 유치…AI 검증 자동화·美 시장 공략 아르고스아이덴티티가 46억원 투자 유치... 이번 투자는 300만 달러 규모 프리 시리즈 A 투자로, 누적 투자금은 500만 달러다. 이번 투자를 통해 검증 업무 자동화를 한층 가속하고 AI 시대에 필요한 새로운 신뢰 인프라를 구축할 것.",경제|IT/과학
"'증시 흔든' 단일종목 레버리지 ETF…이 대통령 ""속도감 있는 보완책"" 주... 이 대통령은 '단일종목 레버리지 ETF'에 대한 경고를 내리며 보완책 마련을 지시했다. 금융당국은 최근 코스피 시장의 급등락을 유발한 '단일종목 레버리지 ETF'에 대한 제도적 보완 필요성 여부 등을 면밀히 검토하고 있다. 이 대통령의 경고는 최근 글로벌 증시 여파와 맞물려 국내 증시의 변동성이 극대화되자, 시장에서는 단일종목 레버리지 ETF가 매물을 과도하게 쏟아내며 급락을 부추긴 주원인이라는 비판이 제기됐다.",경제|정치
"오시아노 관광단지 개발 탄력…공공하수처리시설 준공 해남군이 오시아노 공공하수처리시설 설치사업 1단계를 완료하고 본격적인 운영에 들어간다. 총사업비 213억 원을 투입해 조성된 시설은 하루 1500톤의 하수를 처리할 수 있는 규모로, 향후 2단계 사업이 완료되면 하루 4800톤의 하수를 처리할 수 있는 체계를 갖추게 된다. 오сия노 관광단지 개발의 핵심 기반시설을 확보하게 됐으며, 지역에서는 공공하수처리시설이 오시아노 관광단지 활성화를 가로막는 대표적인 기반시설 부족 사례로 지적해 왔었다.",라이프
"가온전선, SK하이닉스 용인 클러스터에 수백억원 규모 배전 케이블 공급 가온전선이 SK하이닉스 용인 반도체 클러스터에 배전 케이블을 공급했다. 수백억원 규모의 배전 케이블을 공급했으며, 이천·청주 공장에 이어 용인 클러스터까지 공급 범위를 넓혔다. 가온전선은 국내 배전 케이블 시장에서 축적한 사업 경험과 LS전선과의 협업을 바탕으로 국내외 반도체 전력 인프라 시장 공략을 강화할 계획이다.",경제|IT/과학
"경북 북부 지자체, 돌봄·국비 확보·현장행정·평생교육으로 지역 경쟁... 안동시, 통합돌봄 체계 안착…151명 맞춤형 지원. 영주시, 반복·장기 민원 해결 위한 '민원 3심제' 시행…43개 돌봄서비스 연계. 군위군 여성평생교육대학 개강…294명 참여 속 배움의 열기.",사회/세계
"한동훈 의원 ""제주 반도체 수출 늘어도, 지역경제 효과는 미미"" 한동훈 의원, 제주 반도체 수출 증가에 지역경제 효과 미미하다고 지적했다. 제주특별자치도의 2030년 수출 성과 목표는 9억 달러, 올해 5월까지의 실적은 약 72%를 차지하고 있다. 한 의원은 제주도가 정책적 노력을 통해 실질적으로 변화시킬 수 있고 그 결과에 책임질 수 있는 수치여야 한다고 강조했다.",경제|IT/과학
"'한동훈 복당' 반대 의견이 더 높은 이유? 장동혁 ""내부총질, 분란은 뺄... 한동훈 전 대표의 복당에 대한 반대 의견이 높은 이유는 안철수 국민의힘 의원 등이 내부총질을 일으키고 있는 것 때문이다. 스트레이트뉴스 여론조사에서는 '한동훈 전 대표의 복당'에 관한 부정적 인식이 57.2%로 집계됐다. 장동혁 국민의힘 대표는 '당 내부총질하는 사람들, 분란만 일으키는 사람들에 대한 민심이 반영된 것'이라고 해석했다.",정치
"韓복당, 국힘·보수에 도움 안돼 57.2%…국힘 지지층에선 53% [조원씨앤아... 무소속 한동훈 의원이 국민의힘에 복당한데, 보수와 국민의힘에 도움이 안 될 것으로 보는 의견이 다수인 것으로 조사됐다. %가 '도움 안 될 것'으로 응답했으며, 37.3%가 '도움 될 것'으로 응답했다. 국민의힘 지지층에서는 부정적 응답이 53.0%, 긍정적 응답은 43.1%였다.",정치
"장동혁 ""한동훈, 우리 당·추경호 사지로 몰고 복당하겠다고?"" 격분 장동혁 국민의힘 대표가 한동훈 무소속 의원의 복당을 거론하는 데 대해 강하게 비판하고 있다. 이번 제헌절까지 원 구성 협상이 우리가 납득할 만한 방향으로 이루어지지 않고 특검에 대한 협상도 이루어지지 않는다면 제1야당 대표지만 이번 제헌절 행사엔 참석하지 않겠다. 장 대표는 국민의 분노한 함성을 보여주자며 제헌절 행사 대신 장외 투쟁에 나설 것을 예고했다.",정치
"권영세 ""장동혁, 지선 패배 책임져야…민심 반영해야"" 권영세 국민의힘 의원, 장동혁 대표가 6·3 지방선거 패배의 책임을 지고 사퇴할 것을 촉구했다. 장동혁 대표는 6·3 지방선거에서 나타난 민심을 반영하지 않고 있는 것에 대한 비판을 받았다. 권 의원은 장동혁 대표가 사퇴해야 한다고 강조하며, 당이 개혁을 시작해야 한다고 주장했다.",정치
"미 물가 둔화에 비트코인 반등…6만4800달러선 근접 미 물가 둔화에 비트코인 반등…6만4800달러선 근접. 비트코인은 24시간 기준 3.6% 상승하며 강한 반등을 보였고, 주간 기준으로도 3.3% 오르며 상승 흐름을 이어갔다. 근원 물가 2.6%는 여전히 연준 목표치인 2%를 상회하는 수준이다.",경제
"트럼프 ""합의 안하면 발전소 친다""…중동전 확산 우려 트럼프 미국 대통령이 이란과의 휴전을 파기한 경우 민간 시설을 공격할 것이라고 경고했다. 미국은 이란에 대한 공습을 4일째 이어가고, 이란 해상에 대한 봉쇄도 재개했다. 이란과 사우디아라비아 간의 충돌이 확산되면서 중동전으로 확산될 우려가 커지고 있다.",사회/세계
"우크라 드론, 아조우해 러 선박 116척 강타…러 곡물 수출로까지 마비 ... 우크라이나 무인기(UAV)가 아조우해에서 러시아 선박 116척을 드론으로 타격했다. 러, 곡물 수출 25% 경유 아조우해 항행 제한에 흑해·발트해 우회 검토. 미 상원, 러 에너지 상위 구매국 관세 500%→100%…트럼프, 제재 면제권 신설.",사회/세계
"""트럼프, 상황실 회의 소집해 대규모 이란 공습 논의""(상보) 트럼프 대통령이 대규모 이란 공습을 논의했다. 일 미군이 호르무즈 해협 일대와 이란 남부 해안을 4일 연속 타격. 트럼프 대통령은 향후 며칠 안에 공습이 확대될 것이라며 공격이 크게 격화될 수 있다고 말했다.",사회/세계
"반도체 규제 완화 ‘선물 보따리’ 받은 UAE···전쟁서 미국 편에 선 ... UAE가 미국 편에 서서 이란을 공격한 대가로 인공지능(AI) 반도체 수출 규제 완화를 받았다. 미 상무부는 UAE를 한국, 인도, 유럽국과 동일한 수준으로 대우하겠다고 발표했다. 향후 최소 9개월 동안 엔비디아 등으로부터 칩을 자유롭게 구매할 수 있게 됐다. 이번 조치로 UAE의 AI 반도체 접근성이 크게 개선되면서 수십억달러 규모의 경제적 효과를 가져올 것이라는 전망이 나온다.",IT/과학
"AI까지 활용한다···네이버, 콘텐츠 크리에이터 지원 확대 네이버가 콘텐츠 크리에이터 지원을 확대하고 있다. 일 업계에 따르면 네이버의 AI 창작자 지원 프로그램은 '네이버 메이트'로 매달 약 3000명을 선정하며 올해 지원 예산은 약 200억원이다. 네이버는 연말까지 베타로 운영한 뒤 AI탭 인용 실적과 클립 창작자를 평가 대상에 추가할 계획이다.",IT/과학
"이천수 ""이름과 나이로 선수들 꺾는 시대 끝났다, 이제는 논리와 축구로... 이천수가 차기 축구대표팀 사령탑의 중요한 자격 요건으로 뚜렷한 전술적 철학과 논리적 설득력을 꼽았다. 년 7월 15일 기준으로 이천수는 유튜브 '리춘수'에 올린 영상에서 13명의 선수들이 무리뉴 등 세계적인 명장들에게도 지도를 받았다고 분석했다. 이천수는 벤투 전 감독을 예로 들어, 감독의 명성보다 어떤 축구를 하고, 어떤 전술과 시스템을 갖고 있는지가 더 중요하다고 강조했다.",문화/트렌드
"인천시교육청 읽걷쓰AI학생성공 추진위원회, 공약실천계획 브리핑 인천시교육청의 '읽걷쓰AI학생성공 추진위원회'가 공약실천계획을 발표했다. 이 계획에는 교원 면책 강화, 아동학대 피신고 교원 지원금 확대, 교원 마음건강 주치의 배치 등 14가지 주요 내용이 포함됐다. 이번 계획은 학교 현장과의 지속적인 소통을 통해 마련된 약속으로, 향후 보고 과정에서도 시민과의 약속을 구체화하겠다.",사회/세계
"이상일 용인시장, 상현동 도시형생활주택 주민 우려 점검…교통·사생활... 용인시장 이상일이 상현동 도시형생활주택 주민 우려 점검을 위해 간담회를 열었다. 여 명의 아파트 주민이 참석해 교통·안전 우려와 사생활 침해 가능성을 제기했다. 이 시장은 시 관계자들에게 교통·안전·사생활 영향을 종합적으로 분석할 것을 주문하고, 3D 모델링을 통해 입체적으로 분석하는 등 여러 측면에서 면밀히 검토해 달라 말했다.",라이프
"판돈만 10조원대…기업형 도박 사이트 총책, 대구경찰 송환 후 구속 송... 필리핀과 말레이시아 등을 거점으로 10조원이 넘는 판돈을 굴리며 국내 온라인 불법 도박시장을 사실상 장악했던 기업형 도박조직의 총책이 해외 도피 끝에 국내로 강제송환됐다. A씨는 1조3천억원대 규모의 불법 도박사이트를 운영한 데 이어, 2021년 4월부터 2023년 12월까지 국내 1천400여개 도박사이트에 게임 크레딧(게임머니)을 판매했다. 이 과정에 도박 운영팀 전체가 약 260억 원 상당의 수익을 벌어들였으며 개인 수익금만 60억원에 이르는 것으로 확인됐다.",경제
"한화솔루션, 한화시스템과 위성용 태양전지 개발…2029년 상용화 추진 한화솔루션과 한화시스템이 위성용 태양전지 개발에 나서며 우주 전력 사업을 본격화한다. 억원 규모의 연구개발비를 2년 6개월 동안 투입하여 초저궤도 위성 운용 환경에 최적화된 태양전지를 개발할 계획이다. 이번 협업은 큐셀의 고효율 태양전지 기술을 우주 산업으로 확장하는 중요한 출발점으로, 장기적으로는 우주 산업과 재생에너지 산업의 융합을 기반으로 글로벌 우주 전력 시장에서 새로운 성장 기회를 창출해 나가겠다.",IT/과학
"한화시스템, 서울대·성균관대와 ‘K-국방 반도체’ 국산화 맞손 한화시스템, 서울대·성균관대와 'K-국방 반도체' 국산화 맞손. 일 서울대·성균관대와 국방 반도체 기술 워크숍을 열고 레이다, 탐색기, 합성개구레이더(SAR) 위성 및 위성·전술통신, 고출력 마이크로파(HPM)용 반도체 칩 개발을 위한 세부 계약을 체결. 이번 산학 협력은 국방 반도체의 설계, 검증, 확장, 사업화로 이어지는 선순환 밸류체인을 구축하는 과정으로, 글로벌 방산 시장에서의 리더십을 공고히 하겠다.",IT/과학
"IPO 주관 판도 변화…예비심사서 미래·한투 증가, 신한투자 급감 IPO 주관 판도 변화…예비심사서 미래·한투 증가, 신한투자 급감. 곳의 기업이 예비심사를 청구했으며, 미래에셋증권이 12곳의 주관을 맡아 1위를 기록했다. 상장 주관 경쟁이 다변화하고 있으며, 시장 상황과 상장 요건이 중요해졌다.",경제
"국민성장펀드 200조로 확대…초장기 투자 특화 전문운용사 설립 국민성장펀드 확대, 200조원 규모로 초장기 투자 특화 전문운용사 설립. 조원에서 200조원으로 대폭 확대, 지원대상도 12개 첨단산업에서 우주항공 등 미래전략산업까지 넓히기로 했다. 초장기 기술펀드 조성 스타트업 빌드업 신설·지역전용펀드 1조 …지방 생산적 금융 속도 이억원.",경제|IT/과학
"한화 주력 계열사, 김동관 부회장 체제 굳히기 나서 한화 주력 계열사 김동관 부회장이 경영을 총괄하고 있다. 년까지 위성용 탠덤 태양전지 개발에 300억원 투입. 한화가 3세 경영을 시작하여 재계 5위에 올라서며, 방산과 에너지 등 전략 사업을 강화해 지속해 성장하겠다.",경제
"대체 언제까지 굴릴 생각인가...불혹의 미드필더, 또 대표팀 은퇴 연기... 크로아티아의 미드필더 루카 모드리치가 대표팀 은퇴를 연기할지 고려하고 있는 것으로 보인다. 년 북중미월드컵에서 32강에서 포르투갈에 패배하여 월드컵을 마감한 크로아티아는 새로운 감독 슬라벤 빌리치를 맞이하게 되었다. 빌리치는 모드리치와의 대화를 통해 은퇴를 연기할지 결정할 것임을 밝혔다.",문화/트렌드
"""우리도 황인범 사고 싶다""… 멕시코 매체 자국 명문 몬테레이 관심설 ... 몬테레이가 황인범을 노린다. 몬테레이는 2026 멕시코 리가 MX 아페르투라를 위해 경쟁력 있는 스쿼드를 구축하고 있다. 몬테레이의 관심은 아직 공식 제안으로 이어지지 않았다, 하지만 조만간 협상을 본격화할 가능성이 있다.",문화/트렌드
"월드컵 열기가 K리그로…하나은행, K리그 '팬덤 금융' 인기 월드컵 열기가 K리그로…하나은행, K리그 '팬덤 금융' 인기. K리그 우승 적금의 경우 최고금리는 연 7.0%이며, 응원팀의 성적에 따라 우대금리를 받을 수 있다. 하나은행의 K리그 우승 적금은 특정 연고 구단에 한정된 다른 상품과 달리 가입자가 응원팀을 직접 고를 수 있다는 점이 특징이다.",문화/트렌드
"‘축구의 신’ 메시는 경기의 47%를 그냥 걷는다 리오넬 메시가 2026년 월드컵에서 47%의 거리를 걷는 기록을 세웠다. 메시는 2009년 펩 과르디올라 감독 체제, 2015-2018년 사비-이니에스타의 빈 자리, 2019년 코파 아메리카 준결승 탈락으로 세 번의 전환점을 겪었다. 메시는 이제 더 위협적인 선수로 변해 있으며, 2021년 코파 아메리카와 2022년 월드컵 우승을 차례로 차지했다.",문화/트렌드
"피해 여고생 몰랐다더니…장윤기, 범행 훨씬 전부터 '사전 인지' 정황 확... 광주 여고생 살해 사건의 피의자 장윤기가 범행 훨씬 이전부터 피해자를 알고 범행을 저지른 정황이 드러났다. 범행 직전에는 2차 피해 등 우려가 있었으나, 구체적 데이터 내용은 공개 어렵다. 장윤기의 타깃 설정 과정에 대한 정밀 조사가 진행 중으로, 이러한 정황은 장윤기가 범행 직후부터 지속해 온 주장을 완전히 뒤엎는 결과다.",사회/세계
"젠슨 황 분투에 엔비디아 H200칩 중국 수출, “수량 미미” 엔비디아 H200칩 중국 수출 시작. 엔비디아는 지난해 12월 승인과 젠슨 황 CEO의 5월 방중 끝에 중국에 수출하기 시작됐다. 미국 국민에게 중요한 것은 H200 및 유사 제품의 출하량이 매우 적다는 점.",사회/세계
"금융위 “공모주 증거금 이자 지급·수시배당 도입…매도대금 담보대출... 금융위, 공모주 증거금 이자 지급·수시배당 도입…매도대금 담보대출 제한. 년까지 T+1 전환 로드맵 마련, 주식 결제주기 단축. 투자 과정의 불편과 불합리한 관행 개선, 코스닥 시장 구조 정비.",경제
"윤석열 前대통령 '무상 여론조사 의혹' 1심 징역 2년 불복 항소 윤석열 전 대통령이 무상 여론조사 의혹으로 1심 징역 2년을 선고받아 항소했다. 징역 2년, 추징금 1396만3600만원을 명령한 판결. 윤 전 대통령은 민주주의 핵심 절차인 선거의 공정성과 직결되는 여론조사 제공 의혹으로 기소됐다.",정치
"이 대통령 ""단일종목 레버리지 ETF 보완책 마련해야"" 이 대통령은 단일종목 레버리지 ETF 보완책 마련을 지시했다. SK하이닉스 단일종목 레버리지 상장지수펀드(ETF)를 두고 시장 영향을 줄일 보완책을 신속히 마련하라고 주문했다. 이 대통령은 자본시장 정상화, 선진화 문제는 중요한 과제니까 잘 챙겨봐달라.",정치|경제
"호르무즈 재봉쇄…기지개 켜던 건설업계에 '찬물’ 호르무즈 해협 재봉쇄가 건설업계에 '찬물'을 맞게 했다. 건설공사비지수는 사상 최고치 137.67를 기록하며 하반기 전망도 안갯속 분쟁 장기화에 연이게 되었다. 중동 분쟁의 장기화로 건설경기 회복 불확실성이 가중되며, 원자재 가격 상승 압박이 길어질 수 있어 업계는 우려하고 있다.",경제|사회/세계
"김병주, KAI 노조 만나 '방산 4대 강국' 해법 논의 김병주 의원과 KAI 노조가 방산 4대 강국 실현을 위한 항공우주산업 육성 방안을 논의했다. 이번 간담회는 정부의 방산 4대 강국 전략을 뒷받침하고 방산업계 노동자들의 현장 의견을 정책에 반영하기 위해 마련됐다. 김 의원은 방산 4대 강국의 성장을 위해서는 노사 간 신뢰와 협력이 필요하다고 강조하며, 국회와 더불어민주당 방위산업특별위원회 차원에서 필요한 정책과 제도를 마련해 나가겠다고 밝혔다.",정치
"정점식, 빗물터널 찾아 ""오세훈 덕에 수해 공포 벗어날 것"" 국민의힘 정점식 원내대표가 서울 광화문 대도심 빗물배수터널 공사 현장을 방문해 폭우 피해를 막을 안전 대책 마련을 강조했습니다. 총연장 2.3㎞ 규모의 빗물배수터널을 뚫는 사업으로, 2010년 광화문과 강남, 도림천 등에 빗물배수터널 공사 계획이 세워졌으나 중단됐다가 오 시장 취임 이후 재개됐습니다. 정 원내대표는 앞으로 서울시민들이 수해의 공포에서 벗어날 수 있을 것이라면서 '공사가 끝날 때까지 현장 관계자분들의 안전과 시민들의 안전이 늘 주목의 대상이 됐으면 한다'고 말했습니다.",정치
"안성시, 여름철 자연재난 대책회의 개최 및 대응체계 점검 안성시가 여름철 자연재난 대책회의를 개최하여 기상 전망과 분야별 대응 대책을 점검했다. 개 부서장이 참석한 가운데 14일 안성시장 주재로 회의를 진행했다. 이번 회의는 국지성 집중호우와 폭염 증가에 대비해 취약지역 선제 조치와 부서 간 협업을 강화하기 위해 마련됐다.",사회/세계
"폭염과의 한판 승부…포항 남구, 도로 살수차 풀가동 포항 남구가 폭염 대응을 위해 도로 살수차를 상시 운행하고 있다. 이번 살수 작업은 8시부터 6시까지 남구 주요 도로를 순회하며 살수 작업을 실시하고 있다. 폭염 대응을 강화해 시민 불편을 최소화하는 데 최선을 다하겠다.",라이프|사회/세계
"국민의힘 “檢 보완수사권 존치·중수청 1년 유예”…‘범죄피해 보호 ... 국민의힘당이 범죄피해자 보호를 위한 법안을 제출했다. 이 법안에는 검찰의 보완수사권을 유지하고 중수청·공소청 출범을 1년 유예하는 내용 등이 포함됐다. 이 법안은 범죄 피해자 보호를 위해 만들어졌으며, 국회에서 충분한 논의를 거쳐 최근의 비극적인 사례를 막을 수 있도록 노력하겠다.",정치
"안산시, 영양플러스 보충식품 공급업체 위생 점검 안산시 상록수보건소가 영양플러스 보충식품 공급업체를 대상으로 여름철 식품위생 현장 점검을 실시했다. 이번 점검에서는 개인 위생시설 관리, 방충·방서 상태, 냉장 온도 유지 및 보관 상태 등을 집중 점검했다. 이러한 조치로 유통 과정 전반의 위생 수준을 한층 높이고 시민들이 안심하고 혜택을 누릴 수 있는 건강한 보건 복지 환경을 조성하는 효과가 기대된다.",라이프
"美 '핵심광물 공급망 협정(ATCM)' 본격화… 韓 기계·반도체·배터리 산... 미국이 주도하는 '핵심광물 공급망 협정(ATCM)' 협상이 본격화되면서, 한국 제조업에 비상이 걸렸다. 년 기준 한국의 주요 핵심광물 가공품목 수입 현황을 보면, 특정 소수 국가에 대한 수입 쏠림 현상이 매우 심각하다. 한국은 단순한 자원 외교를 넘어 주력 산업의 밸류체인 전반을 고려한 산업정책적 접근이 필수적이다.",경제|IT/과학
"용인시, 부가가치세 경정청구로 22억3700만원 환급 용인시가 부가가치세 경정청구로 22억3700만원 환급받았다. 이번 환급은 지난 5년간 납부한 부가가치세를 재검토해 찾은 매입세액 공제 여부를 다시 검토한 결과로. 환급금은 세외수입으로 편성해 지역 현안사업과 재정 운영에 활용할 계획이다.",사회/세계
"경북도–에코프로, 민관협력 모델 공동 발굴..“새로운 협력 시도” 경북도와 에코프로가 민관협력 모델을 공동 발굴해 새로운 협력 시도를 열었다. 이차전지 산업 경쟁력 강화를 위한 공동 프로젝트 추진 방안 등 다양한 아이디어를 논의했다. 이 지사는 '민관협력 2.0시대 열 것'이라며, 지역경제의 지속 가능한 성장과 양질의 일자리 창출에 앞장서겠다고 말했다.",IT/과학
"권홍사號 반도건설, 자체사업 강화…미국 디벨로퍼 전략 속도 반도건설이 자체사업 강화에 속도를 내고 있다. 분양 미수금 41.4% 감소, 원가율 89.2%로 낮아졌다. 자체사업 중심의 매출 기반을 확대하는 동시에 안정적인 수익성을 확보한다.",경제|IT/과학
"""은행에서 바로 주식투자""...신한 SOL LINK, 출시 10일 만에 10만좌 돌파 신한금융그룹이 출시한 'SOL LINK'가 10일 만에 10만좌를 돌파했다. 출시 10일 만에 신규 개설 10만좌를 넘어섰으며, 온라인 거래 기준 국내주식 0.01%, 미국주식 0.07%의 거래 수수료를 제공한다. 이러한 혜택과 서비스를 지속적으로 확대해 나가겠다는 신한금융그룹의 계획이다.",경제
"AI가 관리하는 아파트 일상…삼성물산·HJ중공업, 스마트 홈플랫폼 '홈닉... 삼성물산과 HJ중공업이 스마트 홈플랫폼 '홈닉'을 확대하는 협력에 들어간다. 이번 협력으로 18개 건설사가 참여하게 된다. 미래 주거 공간의 경쟁력은 건축 기술뿐 아니라 일상 속 편의와 에너지 효율, 안전을 통합적으로 제공하는 스마트 플랫폼이 좌우할 것이라는 분석이다.",IT/과학
"美 상원의원, 고려아연 테네시 현장 방문…""매우 중요한 핵심 투자"" 미국 상원의원 마샤 블랙번이 고려아연 테네시 현장을 방문했다. 조원을 투자, 2029년 완공을 목표로 하는 통합 제련소 건설 사업. 프로젝트 크루서블은 테네시주 가정에 새로운 기회를 제공하고 미국의 세계 무대에서 경쟁하는 데 필요한 핵심 역량을 확보할 것.",IT/과학
"'김부장', 비영어쇼 2주 연속 1위...글로벌 강타 ""'김부장' 신드롬"" SBS 금토드라마 '김부장'이 글로벌 OTT 순위 1위를 차지했다. 일 넷플릭스 공식 사이트 투둠(Tudum)이 발표한 글로벌 TOP10 순위에 따르면 '김부장'은 비영어 TV쇼 부문 2주 연속 1위를 차지했다. '김부장'의 흥해는 시청률 22%를 돌파하며 브랜드 영향력까지 입증했다.",문화/트렌드
"‘SKY 캐슬’ ‘백설공주에게 죽음을’ 김보라, ‘진짜 재벌 3세는 나야... SKY 캐슬의 김보라, 새로운 드라마 '진짜 재벌 3세는 나야!'에 출연한다. 이 드라마는 KT 스튜디오 지니와 글로벌 숏폼 드라마 플랫폼 릴숏이 공동 제작하여 명문가 권력들이 지배하는 휘명국제고에서 정체를 숨긴 진짜 상속녀 해인을 연기한다. 김보라는 새로운 형식에 맞춰 어떤 달라진 모습을 보일지 관심을 모으고 있다.",문화/트렌드
"'싱글맘' 한그루, ""6개월간 매일 혼술…취해야 잘 수 있어"" 서글픈 고백... 싱글맘 한그루가 이혼 후 홀로 아이들을 키우는 힘든 시기를 솔직하게 털어놔. 개월간 매일 혼술을 마셨다. 이혼 후 심각한 생활고를 겪었다.",문화/트렌드
"아워홈 용인공장 끼임 사고 50대 하청근로자 끝내 숨져 아워홈 용인공장에서 50대 하청근로자가 목이 끼이는 사고를 당해 사망했다. 사고 직후 심정지 상태로 병원에 이송된 A씨는 의식을 회복하지 못한 채 치료를 받아왔으며, 사고 발생 37일 만에 끝내 숨을 거뒀다. 아워홈은 유가족 지원과 재발 방지를 약속하며, 경찰은 피의자들에게 적용한 혐의를 업무상과실치사로 변경해 수사를 이어가고 있다.",사회/세계
"안산시, 와동교육도서관 독서 체험 행사 북크크 운영 안산시 와동교육도서관이 2026년 경기도 독서문화 진흥사업 공모에 선정되어 북크쿠를 운영한다. 월 10일 초등학교 3~5학년을 대상으로 일일 독서 체험 행사 북크쿠를 진행하고, 참가 신청은 오는 22일부터 안산시 통합예약시스템에서 가능하다. 이벤트는 도서관을 생활 속 독서 문화 공간이자 소통의 장으로 확산하기 위해 마련됐다.",라이프
"""개원하자마자…"" 의원 아동성매매 혐의에 청주시의회 당혹 청주시의회 의원 A씨가 아동 성매매 및 성착취물 제작 혐의로 경찰의 압수수색을 받았다. 일 경찰이 A씨의 의원실과 지역구 사무실, 주거지 등을 45분가량 초선으로 압수수색했다. 시의회는 머리 숙여 사과하고 심각한 도덕적 비위 문제로 철저한 수사 협조와 후속 조치를 취할 방침이다.",사회/세계
"총경 이상 경찰관 마약검사 예산 집행률 18%···국회 “예산 운영 효율... 한국 경찰이 총경 이상 간부급 경찰관 등을 대상으로 마약검사를 진행했지만, 예산 집행률이 18%에 못미쳤다. 년도 예산 4억1400만원 중 7400만원만 집행해 예산 운영의 효율성이 떨어졌다는 지적이 나온다. 국회예산정책처는 경찰청이 신규사업 수행 시 사업의 적법성과 추진 가능성을 사전에 충분히 검토하고 조직 내 수용성을 높일 다각적 방안을 먼저 검토해 예산 운영의 효율성을 높일 필요가 있다.",사회/세계|정치
"이란 ""미국이 양해각서 파기...협상 요청하지 않을 것"" 이란 외교당국이 미국이 양해각서를 파기한 것에 항의, 협상을 요청하지 않을 것이라고 밝혔다. 이란은 14일 이란 국영 TV와의 인터뷰에서 미국이 먼저 종전 양해각서를 파기했다고 주장했으며, 협상 테이블을 떠난 적이 없다고 강조했다. 이란은 호르무즈 해협에 대한 원칙에서 물러서는 일은 없을 것이라며, 해협 통제권을 포기할 뜻이 없음을 분명히 했다.",사회/세계
"[단독] 취재가 시작되자 ""외교전선 이상 없음""…주미대사관의 사라진 9... 주미대사관의 정보 게시판들이 9개월간 방치됐다는 사실이 드러났다. 일까지 주미대사관 홈페이지의 '미국 의회 동향' 게시판은 새로운 글이 올라오지 않았다. 외교부 관계자는 '기본적인 정보보고 업무조차 수개월간 방치했다는 것은 상징하는 바가 적지 않다'.",문화/트렌드
쿠팡의 백악관 로비는 쭉…친트럼프 업체에 2분기 25만달러 쿠팡이 백악관 로비를 진행한 것으로 나타났다. 년 2분기 25만 달러를 지급한 것으로 확인됐다. 트럼프 대통령과 인연을 이어온 브라이언 발라드의 회사가 로비 업체로 활동한 것으로 해석된다.,사회/세계
"수도권 병상 확대 경쟁…전북 의료 공백 우려 수도권 대학병원들이 병상을 대거 늘릴 것이란 소식에 지역의 걱정이 큽니다. 전북소비자정보센터 등이 참여하는 의료공동행동은 수도권의 병상이 늘수록, 의료인력과 중증환자의 수도권 쏠림 현상이 더 심해질 수 있다고 지적했습니다. 지역 안에서 치료가 끝나는 구조를 만들겠다는 건데, 정부가 지역의료 강화를 내세우면서도 수도권 대형병원의 병상 확대가 이어지면서, 정책이 서로 엇박자를 내는 것 아니냐는 지적이 나옵니다.",사회/세계
"홍성군 '동료사랑 럭키박스' 운영…""즐거운 공직사회 조성"" 홍성군이 '동료사랑 럭키박스' 운영을 시작한다. 월 직원모임부터 운영을 시작하고, 매월 3개의 우수 사연을 선정할 예정이다. 이번 운영을 통해 직원들은 서로의 노고를 인정하고 고마움을 표하며, 출근이 즐거운 조직이자 따뜻한 공직사회가 만들어질 것이라는 게 군의 설명이다.",문화/트렌드
"‘5월 유튜브 복귀’ 황정음, 돌연 재정비 시간 가진다[전문] 배우 황정음이 유튜브 채널을 재정비하는 시간을 가진다. 황정음은 15일 오후 자신의 유튜브 채널 게시판을 통해 재정비의 이유를 밝혔다. 황정음은 2주 동안 채널을 새롭게 단장하고, 앞으로 어떤 이야기와 모습을 보여드리면 좋을지 열심히 고민하고 준비할 예정이다.",문화/트렌드
"""임신 안 했다면""…'나솔' 28기 영자♥영철 결별설에 갈등 재조명 '나솔' 28기 영자와 영철이 결별설에 휩싸였다. 일 온라인 커뮤니티 등에선 '28기 영자의 인스타그램 피드에서 남편 영철의 사진이 모두 사라졌다'. '돈과 신뢰는 결혼의 전부'라며 '불안감을 줄이기 위해서는 서로를 배려하지 말고 질문해야 한다'.",라이프
고영욱 “임시완은 김수현 팔로잉 끊었다”…정해인 띄우며 저격 배우 임시완을 겨냥한 글을 올렸다고 주장하는 고영욱이 또다른 배우 정해인을 저격했다. 일 고영욱은 자신의 트위터에 '좋아요'를 눌렀다는 내용의 기사를 공유하며 '역시 훌륭하신 분의 후손이라 그런지 성품이 다르네'라고 적었다. 고영욱은 1994년 룰라 멤버로 데뷔한 이후 유명세를 바탕으로 2010년부터 2012년까지 미성년자 3명을 상대로 성폭행과 강제추행을 저지른 혐의로 재판에 넘겨져 징역 2년 6개월을 선고받았다.,문화/트렌드
"“내 사랑 꼭 결승 가야해”…스페인 야말 여친, 간절히 응원한 진짜 이... 스페인 축구 스타 야말의 여자친구 가르시아 산토스가 스페인의 월드컵 결승진출을 축하했다. 스페인은 6전 전승을 자랑하는 프랑스를 효과적으로 막아 결승에 진출했다. 가르시아 산토스는 SNS를 통해 스페인을 응원하고 있으며, 결승전에 앞서 '내 사랑 꼭 결승 가야해'라는 메시지를 남겼다.",문화/트렌드
[기고] 음악이 보여주는 극복 정신의 위대함 음악 작가 이다경이 음악을 통해 극복 정신을 보여주는 예를 들어보자. 베토벤과 차이코프스키는 삶의 어려움을 음악의 에너지로 승화시킨 대표적인 작곡가들이다. 이제 우리는 음악을 통해 어려움을 이겨내는 모습을 볼 수 있다.,라이프
"英우버이츠, 아르헨티나와 월드컵 ‘결전’ 앞두고 ‘이 메뉴’ 판매 일... 英우버이츠가 아르헨티나 대표 음식을 판매 일시 중단. 아르헨티나 스테이크, 치미추리, 엠파나다의 판매를 14일부터 15일까지 중단. 축구 경기를 앞두고 양해해 주셔서 감사하고 경기 종료 후 정상적인 서비스가 재개될 예정.",문화/트렌드
"페루엔 홀란이 '577명' 있다? ""북중미 월드컵 활약 이후 열풍""…그런데... 페루에서 엘링 홀란의 이름을 딴 신생아 작명이 늘고 있다. 명의 아기들이 홀란을 따서 지어졌다. 페루에서는 특정 축구 선수의 이름을 따 아기들의 이름을 짓는 것이 일반적이다.",문화/트렌드
“올여름이 마지막”… SNS가 부추긴 제주 ‘포구 다이빙 열풍’ 경계령 제주 '포구 다이빙 열풍' 경계령. 올여름에 47명이 사망하고 404명이 부상당해 제주도소방안전본부가 물놀이 금지 조치를 내렸다. 제주도소방안전본부장은 안전수칙 준수를 강조하며 예방이 최고의 대응인 만큼 안전을 최우선으로 하는 성숙한 안전의식이 필요하다.,사회/세계
"경찰 특수단 ""'장윤기 강간살인죄' 팀내 의견, 수사팀장이 묵살"" 경찰 특수단이 장윤기 강간살인죄 사건에 대한 중간 수사 결과를 발표했다. 박아무개 경감은 팀원들에게 '성적으로 몰아가지 말라'는 취지로 조사 범위를 제한한 것으로 조사됐다고 밝혔다. 특수단장은 이날 브리핑에서 '사건의 진실을 밝혀야 할 수사 담당자가 도리어 범행의 증거물을 은닉함으로써 유가족에게 씻기 힘든 상처를 드린 점 깊이 사죄드린다'면서 '무거운 마음과 막중한 책임감을 갖고 수사를 진행했다'고 밝혔다.",사회/세계
"나주시, ‘생수 나눔 냉장고’ 운영…폭염 대응 강화 나주시가 '생수 나눔 냉장고'를 운영하여 시민들이 무료로 생수를 이용할 수 있도록 한다. 일부터 5곳에 설치된 냉장고에서 하루 1병씩 생수를 제공하며, 예년보다 이른 시기에 폭염특보가 이어짐에 따라 시민 건강 보호를 위해 운영 시기를 앞당기는 등 선제적인 대응을 강화하고 있다. 이러한 정책은 시민의 생명과 안전을 최우선에 두고 생활 속에서 체감할 수 있는 폭염 대응 정책으로, 나주시는 앞으로도 이러한 정책을 지속적으로 확대해 나가겠다고 밝혔다.",라이프|사회/세계
"중학생 성매매 혐의 청주시의원, 경찰 조사받고도 출마해 당선 청주시의원 성매매 혐의, 경찰 조사받고도 출마해 당선. 일 청주시의회 의원실 등에 수사관을 보내 휴대전화·컴퓨터·디지털 저장장치 등을 압수하고 강제 수사에 착수. 국민의힘은 사실관계 파악에 나섰으며, 사실이 드러나면 엄중히 조처할 참이다.",사회/세계
"국민의힘, 광화문 대심도 빗물배수터널 공사현장 찾아 국민의힘 지도부가 광화문 대심도 빗물배수터널 공사현장을 방문했다. 총연장 2.3㎞ 규모의 빗물배수터널을 뚫는 사업으로, 재난 예방 인프라 구축이 필요하다. 시민의 안전을 지키기 위한 보이지 않는 준비가 치밀하게 이뤄지고 있으며, 기후변화로 극한호우가 일상이 되어가는 지금 재해 예방 시설은 시민의 생명과 재산을 지키는 든든한 버팀목이 될 것.",정치
"""트럼프, 이란 공습 범위 확대 검토…새로운 계획 논의"" 트럼프 대통령이 이란 공습 범위를 확대할지 논의하고 있다. 미국 정부가 호르무즈 해협 부근에 있는 이란 남부 지역을 표적으로 하는 새로운 계획을 검토하고 있다고 보도했다. 이번 논의는 이란과의 전쟁을 더욱 심화시킬 수 있는 새로운 전략을 구상하는 것 같다.",사회/세계
"경찰, '법왜곡죄 1호' 조희대 대법원장 사건 각하…""형법 불소급"" 경찰이 조희대 대법원장과 박영재 대법관에 대한 법왜곡 혐의를 불송치 처분했다. 일 경찰은 지난 2일 고발된 조 대법원장과 박 대법관에 대해 불송치 결정을 내렸다. 이 변호사는 증거를 보강해 고위공직자범죄수사처에 추가 고발할 방침이다.",사회/세계
"1년 8개월 경영 공백 마침표… 기보, 권형택 체제 출범 기보, 권형택 체제 출범. 새 이사장은 2024년 11월 15일부터 2029년 7월 14일까지 3년 임기를 갖게 됐다. 권 신임 이사장은 기술금융 역할 확대를 핵심 과제로 제시하고, AI와 딥테크 등 미래 전략산업 성장을 견인해 대한민국이 글로벌 벤처 4대 강국으로 도약하는 데 기보가 앞장서야 한다.",IT/과학
"복지사각지대 먼저 찾은 고양특례시... 전국이 인정했다 고양특례시가 보건복지부의 '2025년 겨울철 복지위기가구 발굴·지원 평가'에서 우수 지자체로 선정됐다. 개 시·군·구 중 22개 우수 지방자치단체를 선정한 이번 평가에서는 고양특례시가 신속 대응체계, 민관 협력 네트워크 구축 등이 종합적으로 높은 평가를 받았다. 고양시는 앞으로도 AI와 디지털 기술을 활용한 스마트 복지서비스를 확대하는 한편 민관 협력을 더욱 강화해 복지사각지대를 최소화하고 시민 모두가 체감할 수 있는 촘촘한 사회안전망 구축에 행정력을 집중할 계획이다.",IT/과학
증시 흔든 ‘레버리지’ 대통령도 칼뽑았다 이재명 대통령이 '레버리지' 대통령도 칼뽑았다. 일 청와대에서 열린 금융위원회 등 경제 부처 업무보고에서 10.4%의 주가 변동성을 경고하고 신속한 제도 개선을 주문했다. 이 대통령은 '주가 누르기 방지법' 등 각종 입법이 속도감 있게 이뤄져야 한다는 점을 역설했다.,정치
"보령시, '민선9기 공약사항 추진계획 보고회' 개최 보령시가 '민선9기 공약사항 추진계획 보고회'를 개최했다. 개 공약이 추진 방향과 실행계획, 재원 투자계획, 문제점 등을 보고하고 있다. 시는 민선9기 시정 비전을 실현하기 위해 6대 분야로 공약사항을 구분하고, 부서 간 연계·협업 방안을 논의하는 시간을 가졌다.",정치
"국토부, 택배 편법계약 전국 점검…전주 영업점부터 착수 국토부가 택배 편법계약 전국 점검을 시작했다. 일 국토부에 따르면 점검 대상은 6개월간 표준계약서의 형식은 갖췄지만 별도 합의로 불공정 조항을 넣거나 장기 연속 근무를 유도한 것으로 의심되는 영업점 10여 곳이다. 국토부는 현장 제보를 바탕으로 위반 여부를 확인하고, 적발 시 관련 법령에 따라 엄정 조치할 방침으로, 표준계약서 개정 등 제도 보완도 추진할 계획이다.",경제
"몽골에 1호점 연 '노브랜드'…중소기업 K상품 수출 전진기지로 이마트가 몽골에 1호점을 열었다. 몽골 노브랜드 1호점은 836㎡ 규모로 들어섰으며, 약 5000여 개의 품목을 선보인다. 이마트는 몽골 시장 영토 확장에 본격적으로 속도를 낼 계획으로, 2028년까지 전문점을 15개점으로 늘리고 현지 노브랜드 전용 물류 클러스터를 구축할 계획이다.",경제
"안양시, 생활체육 인프라 대폭 확장…도시 전역 건강·여가 공간 촘촘히... 안양시가 생활체육 기반 확충을 통해 시민들의 건강한 일상과 여가활동을 지원하는 스포츠도시 조성에 속도를 내고 있다. 이번해 11월 개관한 석수체육센터는 지하 2층~지상 5층, 연면적 7,932㎡ 규모로 수영장과 헬스장, 다목적체육관 등을 갖췄으며 하루 평균 650여 명이 이용하는 지역 대표 체육시설로 자리 잡았다. 안양시는 체육시설 확충에 그치지 않고 시민 참여형 생활체육 프로그램과 동호회 활동 지원도 함께 강화할 계획이다.",라이프
"HJ중공업, 삼성물산 '홈닉' 손잡고 '해모로by홈닉'으로 스마트 주거 혁신 HJ중공업과 삼성물산이 '해모로by홈닉' 서비스를 개발하고 있다. 이 서비스는 홈IoT 제어, 커뮤니티 시설 예약, 관리비 조회, 에너지 관리, 차량 및 방문객 관리 등 14가지 기능을 제공할 예정이다. 이러한 서비스 도입은 주거 트렌드 변화에 선제적으로 대응하고, 입주민들에게 차별화된 프리미엄 주거 가치를 선사하기 위해 혁신을 멈추지 않겠다는 의지를 다졌다.",IT/과학
"신한은행, 전남광주 전략산업 전담 금융거점 가동 신한은행이 전남광주 지역 전략산업을 지원하는 '신한SOL클러스터 전남광주'를 개소했다. 전남광주 클러스터는 AI와 반도체, 미래모빌리티, 에너지를 중점 지원 분야로 정해 기업 발굴부터 자금 수요 진단까지 한곳에서 지원한다. 신한은행은 지역사회와의 연계도 강화하고, 개별 기업뿐 아니라 협력사를 포함한 산업 공급망 전반을 살피는 데 초점을 맞췄다.",경제|IT/과학
"이 대통령 ""못 갚는 빚 탕감해야...사회적으로 더 도움"" 이 대통령은 빚 탕감을 사회적으로 도움이 된다며 주장했다. 이 대통령은 15일 금융위원회 등 업무보고에서 이 같은 발언을 했다. 이 대통령은 빚 탕감이 공동체 전체가 손해 보는 일이 없어야 한다고 강조했다.",정치
"李대통령 ""삼전닉스 레버리지 보완책 신속 마련…자본시장 정상화 과감... 이재명 대통령이 2차 업무보고 첫날인 15일 삼성전자·SK하이닉스 레버리지 상장지수펀드(ETF)와 관련해 '보완 대책을 신속하게 마련하도록 하라'고 지시했다. 정부는 지난 5월 삼성전자·SK하이닉스의 주가 움직임에 2배 베팅할 수 있는 단일 종목 레버리지 ETF 상품을 출시했는데 이로 인해 국내 증시 변동성이 확대됐다는 비판이 지속되고 있다. 이 대통령은 자본시장 정상화의 핵심 과제인 모건스탠리캐피털인터내셔널(MSCI) 선진국 지수 편입이 늦어지는 이유도 물었다.",경제|정치
"이 대통령, 국민과 함께하는 두 번째 업무보고 시작… ""개혁과 혁신, 모... 이 대통령, 국민과 함께하는 두 번째 업무보고를 시작했다. 일 재정경제부와 금융위원회 등을 대상으로 취임 후 두 번째 정부부처 업무보고를 받았다. 16.1%의 지원자가 교육부 업무보고에 대한 지원을 신청했다. 이 대통령은 '비정상의 정상화'를 강조하며 자본시장 정상화와 선진화를 중요하게 간주하고 있다.",정치
"李대통령 ""못 갚는 빚, 빨리 탕감해야…재출발 돕는 게 사회적 이익"" 이재명 대통령은 장기 연체 채무자에 대한 적극적인 채무 탕감 필요성을 강조했다. 일 청와대 영빈관에서 열린 금융위원회 등 업무보고 자리에서 이 대통령은 '빚을 졌는데 갚을 능력이 없으면 파산·면책하고 다시 재출발시키는 게 사회적으로 도움이 된다'며 채무조정 정책의 중요성을 언급했다. 이 대통령은 해외 사례와 비교해 국내 제도가 지나치게 엄격하다고 지적하며 '못 갚는 빚 때문에 사람이 죽거나 사회로부터 격리돼 경제활동을 못 하고, 결국 공동체 전체가 손해 보는 일이 없어야 한다'고 강조했다.",정치
"환경 지키는 민간 네트워크 확대…부산·경남친환경운동협회 주요 임원... 가수 헤라, 민간 네트워크 확대...부산·경남친환경운동협회 주요 임원 위촉. 월 14일 정기모임에서 23명이 위촉됐으며, 5명의 명예회장과 12명의 이사장 등이 선정. 민간 중심의 환경보호 네트워크를 확대해 나갈 방침으로 지역사회와 긴밀한 협력체계 구축.",문화/트렌드
"투표지 10만여 장 다시 센다…충주시장 선거 재검표 시작, ‘124표 차이... 충주시장 선거 재검표가 시작됐다. 만 8077장의 투표지를 수작업 확인하고 있다. 재검표 결과는 오후 발표 예정으로, 최종적으로는 124표 차이로 당락이 갈린다.",정치
"'2026 주민등록 사실조사' 실시 ... '정부24' 앱 모바일 조사 가능 주민등록 사실조사가 실시된다. 일부터 12월 14일까지 전 국민 대상으로 조사. 올해는 비대면 조사와 방문 조사를 나누어 진행하며, 조사 결과는 복지와 재난관리 등 각종 행정서비스의 기초자료로 활용된다.",문화/트렌드
"[푸드·다이닝 트렌드] 올리페페, '강남점' 오픈… 핵심 상권으로 브랜... 올리페페, '강남점' 오픈… 핵심 상권으로 브랜드 확장 본격화. 삼양사, 美 식품기술박람회서 결정형 식이섬유 브랜드 ‘화이버노바’ 첫 선. 하림 오드그로서 선수단, 초복 맞아 삼계탕으로 복달임하며 팀워크 다져.",문화/트렌드
유시민 “이재명 대통령 구상 굉장히 위험…실패할 가능성 높다” 유시민 작가가 이재명 대통령의 구상에 대한 비판을 내었다. 이 대통령이 지지층이 원하는 증축이 아닌 재건축을 한다고 비판한 바 있다. 민주당이 권력을 가진 대통령의 지배를 받아들이는 순간 해체되는 것이다.,정치
"AI 뒤처진 IBM, 2Q 실적 부진 예고···""적응 빨리 못했다"" IBM CEO Abhinav Krishnan admitted that the company failed to adapt quickly enough to changes in the AI market, leading to a disappointing 2Q performance. The company's revenue for the quarter is expected to be around $172 billion, which is lower than the estimated $178.6 billion. Despite the setback, IBM is optimistic about its future growth and plans to invest heavily in quantum computing over the next five years.",사회/세계
"“또 황영웅?”…반복되는 캐스팅 논란, 피로감 키운다 [돌파구] 황영웅이 KBS 주말드라마 '사랑을 처방해 드립니다' OST 참여 소식을 알리며 논란이 일었다. 냠냠엔터테인먼트는 황영웅의 음악적 역량과 가창력을 중점적으로 검토했다. 황영웅의 출연 소식이 전해질 때마다 작품보다 논란이 먼저 소비되는 현실은 방송사와 제작진, 행사 주최 측에도 부담으로 작용한다.",문화/트렌드
"AI가 잘못된 금융상품을 추천하면 누가 책임질까? [태평양의 미래 금융... AI가 잘못된 금융상품을 추천하면 누가 책임질까? 금융위원회는 AI를 업무의 보조수단으로 활용하되, 최종 의사결정과 그에 따른 책임은 임직원이 수행하도록 내부 관리체계를 구축해야 한다. 이러한 논의와 관련해 올해 발표된 금융위원회의 '금융 분야 인공지능 가이드라인 개정판'은 시사점을 주고 있어 이를 주목할 필요가 있다.",경제
"정해인, 김수현 복귀에 ‘좋아요’..“팔로우 끊어라” 압박에도 지킨 ... 정해인이 김수현의 복귀를 환영했다. 김수현은 1년 4개월 만에 활동을 재개하고, 정해인은 직접 좋아요를 누르며 마음을 표현한 것으로 보인다. 이번에는 김수현의 사생활 논란이 불거졌을 때와는 달리, 정해인은 여전한 의리를 자랑하며 그의 복귀 소식을 환영했다.",문화/트렌드
"[차 한 잔] '월곡' 이충주 ""한달간 대구 머물며 연습…지역 넘어 사랑받... 배우 이충주가 달서아트센터 창작뮤지컬 '월곡'의 우배선 역을 맡아 성황리에 공연을 마쳤다. 이 작품은 2년째 함께하게 된 월곡으로, 작품과 넘버가 가진 힘이 엄청 컸고 감동적이었다. 이충주는 작품에 대한 애착과 주인의식도 더 커졌으며, 준비 과정 자체가 즐거웠다.",문화/트렌드
"[단독]박항서·박주호, 축협 청문회 불출석 사유서 제출 박항서와 박주호가 대한축구협회 청문회 불출석을 선언했다. 박 전 부회장은 태국 2부리그 감독으로 현지 체류 일정을 이유로 불출석 의사를 전달했다. 이러한 불출석은 국회법에 따라 3년 이하의 징역이 내려질 수 있다.",사회/세계
"'이럴 수가' 아르헨 월드컵 음모론, 또 터졌다! 메시, 승률 100% 심판 배... 아르헨 월드컵 음모론이 다시 터졌다. 리오넬 메시와 심판 이스마일 엘파스의 특별한 인연이 있다. 엘파스는 2026년 FIFA 북중미 월드컵 준결승을 주심으로 배정받았다. 메시는 엘파스가 관여한 경기에서 한 번도 패하지 않았다. 이 같은 기록은 일부 팬들이 아르헨티나가 판정의 혜택을 받았다고 주장해 온 의심을 더욱 키우고 있다.",문화/트렌드|사회/세계
"잉글랜드의 Wonderwall이냐, 메시 해적단의 등장씬이냐... '월드컵의 낭... 북중미 월드컵 4강, 잉글랜드와 아르헨티나의 경기가 하루 앞으로 다가왔습니다. 강 멕시코전 치열했던 접전 끝, 끝까지 지켜낸 한 골 모두 일렬로 팬들을 향하며 불렀던 〈Wonderwall〉. 메시 해적단의 출격 동시대 뛰는 메시를 향한 선수들의 순수한 존경.",문화/트렌드|사회/세계
"국힘, '보완수사권 유지' 형소법 개정안 당론 발의…""최소한 안전 장치... 국힘당이 '보완수사권 유지' 형소법 개정안을 발의했다. 명의 의원 명의로 제출된 개정안은 검찰의 보완수사권을 명시하고 경찰 송치 범죄 등에 대해선 검사가 보완수사를 할 수 있도록 규정했다. 이번 법안은 권력자들이 권력을 이용해 자신의 재판을 취소하거나 형량을 감소하는 등 빠져나갈 구멍을 하나하나 막을 수 있도록 했다.",정치
"'보완수사권 예외 존치' 법안, 이르면 16일 소위 병합심사 보완수사권 예외 존치 법안이 16일 소위 병합심사에 들어간다. 건의 심사가 진행됐으며, 경찰에 대한 보완수사 요구를 실질화하는 방안이 논의의 축이었다. 민주당 의원은 사회적 약자 부분을 고려하여 개정안을 추진하고 있다.",정치
"""보완수사 요구만? 진실 사라지라는 것""...범죄피해자들 ""구제책 마련하... 보완수사 요구가 나온 부산 돌려차기 사건 등 중대범죄피해자들이 검찰 보완수사의 필요성을 호소했다. 일 서울 서초구 변호사회관에서 열린 기자회견에서 7명의 피해자가 마이크를 잡고 증언을 했다. 보완수사는 공소제기 판단에 필요한 범위로 제한하고, 별건 인지를 금지하는 대신 증거가 사라질 우려가 있는 경우에는 긴급 보완수사가 가능하도록 해야 한다는 것이다.",정치
‘정이한 사태’로 갈라진 국힘ㆍ개혁신당…범야권 분열 가속화 '정이한 사태'로 갈라진 국힘ㆍ개혁신당…범야권 분열 가속화. 정 전 후보의 '피습 자작극'이 범야권 균열에 영향을 미치는 양상. 보완수사권 폐지와 공소취소 특검 등 쟁점 법안에 맞서 범야권이 공조해야 하는 상황.,정치
"법사소위, 보완수사권 폐지법 심사…이의신청·재정신청 확대 검토 법사소위가 보완수사권 폐지법을 심사하고 있다. 이의신청·재정신청 확대 검토를 진행 중으로, 고발인까지 포함시킬 계획이다. 이번 심사는 기본권 강화를 목표로 하며, 경찰의 사건 종결 우려를 보완하기 위한 제도 개선 방안을 논의했다.",정치
"김혜경 여사, 몽골 대통령과 악수 뒤 손 탈탈?...주진우 ""최악의 무례함... 김혜경 여사가 몽골 대통령과 악수한 뒤 손을 털었다는 주진우 의원의 주장. 이 대통령과 김 여사는 몽골 국빈 방문 마지막 날에 나담 축제에 공식 주빈으로 참석, 활쏘기 등 몽골 전통문화를 체험했다. 민주당은 주 의원의 잘못된 정치를 반드시 심판하겠다고 밝혔다.",정치
"트럼프 '오른팔' 상원의원 급서에 음모론…의원직 여동생 승계는 '세습... 트럼프의 오른팔 상원의원 린지 그레이엄이 급작스레 숨진 뒤 음모론이 확산하고 있습니다. 그레이엄 의원은 현지시간 지난 11일 심혈관 질환에 따른 대동맥 파열로 세상을 떠났습니다. 생전에는 대만을 둘러싼 군사적 충돌 가능성에 대비하라고 의회에 촉구하는가 하면, 미국의 보안 문제를 들며 틱톡 앱을 축출하는 데 집중했던 인물입니다. 그레이엄 의원의 사망에 대해 의문을 제기하는 목소리가 잇따르고 있습니다. 동생인 달린 그레이엄이 승계하게 되면서 또 다른 논란이 일고 있습니다.",사회/세계
"사상 첫 3번째 연장 특검되나… ‘종합특검 30일 연장안‘ 與 주도로 법... 사상 첫 3번째 연장 특검되나… '종합특검 30일 연장안‘ 與 주도로 법 제정. 수사 기간을 30일 연장하는 특별법 개정안이 국회 본회의를 통과, 24일 종료될 예정인 종합특검의 수사 기한은 다음 달 23일까지 늘어난다. 민주당은 늦어도 다음 주 본회의에서 해당 개정안을 처리하겠다는 방침, 국민의힘은 반발하며 '수사가 장기간 이어지는 셈'이라며 비판.",정치
"李 대통령 ""못 갚는 빚은 탕감...'도덕적 해이'지적은 선동"" 이재명 대통령이 빚을 갚을 능력이 없는 사람을 탕감해 주는 정책을 주문했다. 빗금 15억원, 23만 명이 탕감 대상자로 지정됐다. 이 대통령은 도덕적 해이를 우려하며 금융회사의 채권 관리 방식을 비판했다.",정치
"""오세훈 시장, 국무회의서 남는 장사...핍박받는 모습 통해 정치적 입지... 오세훈 시장, 국무회의서 남는 장사...핍박받는 모습 통해 정치적 입지... 기 지방정부 출범 이후 이재명 대통령이 주재한 첫 국무회의에 배석자 자격으로 오세훈 서울시장도 참석했는데. 국무회의를 지켜보고 있는 분들은 어떤 생각을 갖고 있는지에 대해서 앙케이트 조사한 거.",정치
"경북연구원, 15일 경북컬로퀴엄 개최…경북형 AI 성능 평가체계 구축과... 경북연구원은 15일 제311차 경북컬로퀴엄을 개최하여, 경북형 AI 성능 평가체계 구축 방안과 공공부문 AI 도입 검증을 위한 AI 평가 인증 센터 설립 방안을 논의했다. 이번 컬로퀴엄에는 15명의 전문가들이 참석해 AI 평가 기술의 동향과 지역 적용 가능성을 공유했다. 또한, AIDC 유치의 지역경제 효과를 측정 가능한 변수로 분해하여 검증하고 제조·농업·재난·관광·에너지 현장의 피지컬 AI 실증과 연결하는 경북형 평가 전략도 제시했다. 이러한 경북형 AI 평가체계는 공공 AI 도입의 신뢰성을 담보하고 지역 AI 산업전략의 효과를 측정하는 핵심 인프라라는 데 공감하며, 타당도·신뢰도·보안·거버넨스를 갖춘 운영 가능한 평가체계 설계와 지역 특성을 반영한 평가데이터셋 구축의 중요성을 강조했다.",IT/과학
"'생리통 논란' 풍자, 영상 삭제→""초심 잃었다고, 억울해"" 사과 없이 '공... '생리통 논란'이 발생한 풍자가 MBC '라디오스타' 출연을 통해 다이어트 비화와 '또간집'을 둘러싼 뒷이야기를 공개한다. 풍자는 33kg을 감량해 4XL에서 XL 사이즈를 입게 됐는데 또 대식가 특집에 불렸다. 풍자는 식당을 방문할 때마다 촬영이나 광고 여부를 먼저 의심받는 일이 잦아졌다고 고백하며, '또간집'이 잘될수록 오히려 편하게 밥 먹기가 어려워졌다.",문화/트렌드
롯데 신동빈號 하반기 경영 키워드는 '수익성·AI'… 사장단 회의 개최 롯데그룹이 하반기 경영의 초점을 수익성 개선과 인공지능(AI) 활용 확대에 맞춘다. 롯데지주는 1분기 영업 이익 7876억원으로 지난해 같은 기간보다 181% 증가했다. 롯데는 AI 에이전트를 적용해 발주 정확도를 높이고 재고와 폐기 비용을 줄이는 방안을 검토하고 있다.,IT/과학
"KT 이사회, 회사 AI·네트워크 인프라 현장 점검 KT 이사회가 AI 시대의 핵심 경쟁력인 KT그룹 통신 네트워크와 AI 인프라 시설을 현장 점검했다. 이사회는 14일 KT클라우드 목동2 데이터센터와 KT 혜화국사를 차례로 방문해 KT그룹의 AI 경쟁력과 국가 핵심 통신시설 운영 역량을 살폈다. 김용헌 KT 이사회 의장은 회사의 성장 전략이 차질 없이 추진될 수 있도록 감독과 지원 역할을 충실히 수행하겠다.",IT/과학
"충남 서해안 재선충병 확산 차단 ‘올인’ 충남 서해안에서 소나무재선충병 확산을 차단하기 위해 총력전을 펼친다. 년 약 5000그루에서 2026년 약 14만 그루로 큰 폭으로 늘어났다. 국가방제벨트를 통해 재선충병의 자연적인 확산을 효과적으로 차단하고 피해가 극심한 내부지역에 대해서는 특별방제구역으로 지정해 수종전환 방제, 생활권 위험목 제거 등의 사업을 연중으로 실시하게 된다.",사회/세계
"박승원 광명시장, 국토부에 '신천~하안~신림선' 조속 추진 강력 촉구 박승원 광명시장이 국토부에 '신천~하안~신림선' 조속 추진을 강력하게 촉구했다. 이번 면담에서는 제5차 국가철도망 구축계획 반영과 민간투자사업 방식 병행 등 광명 지역 현안이 담긴 건의문 전달. 박 시장은 수도권 서남부 지역의 교통난을 해소하고 신천~하안~신림선을 조속히 추진해 달라며, 재정사업과 민간투자사업을 병행하는 등 모든 가능성을 열어두고 적극 추진하겠다고 강조했다.",사회/세계
"하나은행, ""사장님 살리기""에 1.3조 풀었다... 포용금융 실현 '박차' 하나은행이 '사장님 살리기'에 1.3조 풀어 포용금융 실현을 박차게 했다. 총 1조3000억원 규모의 포용금융 지원을 내놓았으며, 홈플러스 협력업체 지원도 확대했다. 이러한 현장 밀착형 지원은 실제 자금난 해소로 이어질지 앞으로 대출 집행 실적과 협력업체의 경영 정상화 속도를 통해 가늠될 전망이다.",경제
"네이버도 뛰어든 스테이블코인 결제…핀테크 ‘차세대 결제망’ 경쟁 본... 네이버벤처스가 미국 스테이블코인 결제 인프라 기업 레인의 시리즈C 투자에 참여했다. 레인은 스테이블코인을 기존 카드 결제망과 연결해 실생활에서 카드처럼 사용할 수 있도록 지원하는 결제 인프라 기업으로, 네이버파이낸셜이 향후 레인의 기술을 활용하면 비자 결제망을 기반으로 스테이블코인 결제 서비스를 제공할 수 있는 기반을 마련하게 된다. 네이버의 레인 투자는 이러한 ‘결제 오케스트레이션’ 계층의 전략적 가치에 주목한 투자로 볼 수 있다.",IT/과학
"두 달 새 주가 반 토막…모건스탠리, 비츠로셀 저가 매수 나서 모건스탠리, 비츠로셀에 주식을 매수해 5.48%의 지분을 확보했다. 지분 확보 시점은 주가 조정 국면과 맞물렸다. 2분기 매출 35%, 영업익 21% 증가. 년까지 매출 6000억원, 영업이익 1600억원 달성을 목표로 제시하고 AI 데이터센터용 캐패시터와 자폭드론용 배터리 시장 진출을 추진할 계획이다.",경제
"국토부, 전국 택배업 대상 불공정 계약 조사 착수 국토부가 전국 택배업에 대한 불공정 계약 조사 착수. 일 기준으로 2026년 6월부터 표준계약서 작성 의무화 제도를 시행. 이번 조치로 현장 미준수 사례를 엄정히 바로잡고, 이해당사자 의견수렴을 거쳐 편법 행위를 원천 차단할 수 있도록 제도를 지속적으로 보완해 나갈 계획.",사회/세계
"수면제 복용한 채 운전대 잡은 70대, 후진하다 카페 통유리 '쾅' 대 남성이 수면제를 복용한 채 운전대를 잡고 카페 통유리창을 들이받은 사건이 발생했다. 이 사건으로 인해 70대 남성은 불구속 입건되어 조사 중이다. 수면제 성분에 대한 보완 수사 요청에 따라 현재 보완 수사를 진행하고 있다.",사회/세계
"[시포TV] 국민의힘, 검찰 보완수사권 제한적 존치 당론 발의 국민의힘이 검찰의 보완수사권을 부분적으로 유지하고 경찰의 송치 사건 범위를 확대하는 형사소송법 개정안을 당론으로 발의했다. 이 개정안에는 110명의 의원 명의로 '범죄피해자 보호 3법'을 포함하고, 검찰은 경찰이 송치한 범죄에 대해 직접 보완수사를 할 수 있다. 이 법안이 통과되면 공소취소 특검법도 의미가 없다.",정치
"법사위, '2차 종합특검' 연장안 의결 국회 법제사법위원회가 2차 종합특검 수사 기간을 연장하는 특검법 개정안을 의결했다. 이번에 의결된 개정안에는 공무원의 감사 방해 행위를 수사 대상으로 추가하고, 파견 공무원 규모를 기존 130명에서 150명으로 확대하는 내용이 담겼다. 이러한 조치는 고발인의 이의신청과 피해자의 재정신청 등 기본권을 강화하는 방향으로 깊이 있는 심사가 이뤄질 것 같다.",정치
"이 대통령, 단일종목 레버리지에 “보완책 신속히 마련하라” 지시 이 대통령은 단일종목 레버리지 상장지수펀드(ETF)와 관련해 보완대책을 신속하게 마련하라 지시했다. 이 대통령은 이달 15일 청와대에서 열린 업무보고에서 정은보 한국거래소 이사장에게 이같이 말했다. 이 대통령은 최근 경찰이 자생한방병원을 압수수색한 것과 관련해 금감원이 전반적으로 지원하고 있다.",정치
"美 상원의원, 고려아연 '프로젝트 크루서블' 방문…""핵심광물 공급망 강... 미 상원의원 마샤 블랙번이 고려아연의 프로젝트 크루서블 방문해 사업 추진 현황을 점검하고 협력 의사를 밝혔다. 프로젝트 크루서블은 테네시주에 새로운 기회를 제공하고 미국의 산업 경쟁력 강화에 기여할 중요한 투자로 예상된다. 이 사업을 통해 총 740개의 신규 일자리가 창출될 것으로 예상하고 있으며, 이 가운데 420개는 몽고메리 카운티에 생길 것으로 전망했다.",IT/과학
"경북도의회 교육위, 전반기 정한석 위원장·박정호 부위원장 선출 경상도의회가 7일 제364회 임시회 제2차 본회의에서 교육위원장을 정한석 의원과 부위원장을 박정호 의원으로 선출했다. 명의 의원이 전반기 교육위원회를 구성했으며, 위원장과 부위원장은 각각 정한석 의원과 박정호 의원이다. 이제 전반기 교육위원회가 구성된 상태에서 경상도의회는 도민에게 신뢰받는 교육복지 실현에 앞장서겠다는 포부를 밝혔다.",정치
"""어라, 이란은 왜 무릎 안꿇지""…트럼프 '충동 외교' 한계 봉착 트럼프 대통령이 즉흥적이고 충동적인 대응 방식을 통하지 않는 이란과 마주하게 됐다고 뉴욕타임스(NYT)가 보도했다. 트럼프 대통령은 호르무즈 해협을 통과하는 화물에는 20%의 안전 비용 명목으로 위협했지만, 걸프 국가가 반발하자 다음 날에 계획을 철회했다. 이란과의 전쟁을 수행하는 데 있어 트럼프 대통령의 규칙이란 상대가 굽신거리고 아첨하며 트럼프 대통령이 얼마나 위대한지 칭찬하고, 기꺼이 내놓을 수 있는 모든 양보를 얻어내는 것.",사회/세계
"인도, '강제노동 생산 제품' 수입 금지...美 관세 인하 목표 인도 정부가 강제노동 제품 수입 금지 결정했다. 일부터 단속을 시작해 30일까지 관보 게재를 거쳐 적용할 예정이다. 이번 조치는 인도 정부의 강제노동 관련 수입 억제 규정을 발표한 것이라며, 향후 인도로 수입되는 제품이 강제노동으로 생산됐다는 증거를 찾으면 관련 당국과 협의를 거쳐 연방정부에 해당 제품의 수입 금지를 권고할 것이라고 설명했다.",경제
"저가 매수세 유입에 코스피 7280대로 美인플레 우려 완화…삼성전자 6%↑ 코스피가 15일 저가 매수세 유입에 7280대로 올라섰다. 지수는 전 거래일 대비 6.24% 상승한 7284.41에 거래를 마감했다. 외국인과 기관이 각각 2조3200억원, 1800억원어치를 순매수하며 지수 상승을 주도했다. SK하이닉스 ADR 급등과 기술주 훈풍에 힘을 받아 상승 압력을 받았다.",경제
"주진우, 민주당에 ""국민 입틀막법으로 협박하나"" … 金 여사 영상 공방 주진우 국민의힘 의원이 김혜경 여사에 대한 비판을 내놓았다. 이재명 대통령의 몽골 국빈 방문 당시 김혜경 여사가 몽골 대통령과 악수한 뒤 손을 터는 모습이 담긴 영상을 자신의 SNS에 올린 것과 관련해 더불어민주당이 비판하자 주 의원은 '국민 입틀막법으로 협박하나'고 지적했다. 주 의원은 '국민을 대표해 김 여사에게 국격에 맞는 품격을 보이라고 비판할 권리가 있다'며 '도널드 트럼프 미국 대통령이나 선거 기간 유권자 앞이었다면 더 조심했을 것'이라고 주장했다.",정치
"김어준 상대 '명예훼손 승소' 기자…""이제 2라운드"" [포크뉴스] 김어준이 명예훼손 혐의로 1심에서 벌금 2,000만 원을 선고 받았다. 이 전 기자는 100만 회를 넘긴 영상에 대해 삭제·차단해 달라고 유튜브에 신고했다. 이 전 기자는 김어준 씨가 여생에서 그의 이름만 들어도 앞으로 반응하게 될 것이라고 주장하며 '이제 2라운드 시작'이라고 강조하기도 했다.",문화/트렌드
"'수사 무마 로비' 10억 사기 전직 경찰관 징역 15년 구형 전직 경찰관 A씨가 10억원대 금품을 가로채고 구속 전 피의자 심사를 피해 달아났던 혐의 사건에 대해 검찰이 징역 15년을 구형했다. A씨는 C씨 회장으로부터 현금 10억원과 2억6천500만원 상당의 외제 차를 편취한 혐의로 기소됐다. A씨는 공범인 전 경찰청 차장 B씨와 함께 건설사 회장 C씨로부터 금품을 가로채고, 구속 전 피의자 심사를 피해 달아났던 혐의 사건에 대해 징역 15년을 구형한 후에 다시 구속기소 됐다.",사회/세계
"평창군, 8월까지 여름 휴가철 물가안정대책 추진 강원 평창군이 여름 휴가철을 맞아 물가안정대책을 추진하고 있다. 이달 13일부터 다음달 31일까지를 여름 휴가철 피서지 물가안정대책 특별 점검 기간으로 정하고, 주요 피서지의 요금담합, 바가지요금 등으로 인한 소비자 피해를 예방하고 지역 물가를 안정적으로 관리하기 위한 조치이다. 군은 체류 형 관광 콘텐츠 개발 등 지역 관광 경쟁력을 위한 사업들도 추진 중이다.",라이프
"신복위, 군 장병 금융교육 강화… 취약계층 지원도 신용회복위원회가 군 장병 대상 금융교육을 실시하고 취약계층 지원 사업도 추진한다. 만4400명을 대상으로 교육을 실시해 2003년부터 군 장병 신용교육을 운영해왔다. 군 장병을 비롯한 다양한 계층을 대상으로 생애주기별 맞춤형 금융교육을 확대하고 있다.",라이프
"스포츠토토·K리그어시스트재단, ‘슛 포 베러’ 캠페인 운영 스포츠토토와 K리그어시스트재단이 '슛 포 베러' 캠페인을 운영한다. 회 미득점 슈팅과 16,618회 팬 참여로 총 278만6천800원이 적립됐다. 캠페인은 자립준비청년의 사회 정착과 저연차 은퇴 축구선수의 교육 및 진로 지원에 기부금을 사용할 계획이다.",문화/트렌드
축구팬 설레는 그 이름 ‘지단’…프랑스 새 감독 유력 프랑스 축구대표팀의 새 감독으로 지네딘 지단이 유력한 후보로 거론된다. 지단은 14년 동안 프랑스 대표팀을 지휘봉을 잡았던 데샹 감독의 후임으로 거론된다. 지단의 데뷔전은 오는 9월 UEFA 네이션스리그가 될 것으로 보인다.,문화/트렌드
"덜 뛰고 더 지배…'메시의 역설' 47% 걸었어도, 8골 3도움 리오넬 메시가 2026 북중미 월드컵에서 8골을 몰아치며 득점 공동 선두에 오르는 등 여전히 '축구의 신'다운 위용을 뽐내고 있다. 메시는 이번 대회에서 슈팅 33개, 기회 창출 21회를 기록하며 총 54회의 공격 기회를 생산했다. 이 같은 공격 지표는 전체 이동 거리의 47%를 걷는 상태에서 만들어낸 것이어서 주목된다.",문화/트렌드
"삼양사 어바웃미, 검정콩·엑소좀 접목 헤어케어 2종 선보여 삼양사의 비건 클린 뷰티 브랜드 어바웃미가 국내산 검정콩과 엑소좀 기술을 접목한 헤어케어 신제품 2종을 선보였다. 신제품은 '블랙빈 엑소좀 스칼프 부스트 세럼'과 '블랙빈 엑소좀 실키 헤어 노워시 트리트먼트'로, 두피와 모발을 함께 관리하는 스칼프 케어 수요 확대에 맞춰 개발됐다. 삼양사는 앞으로도 소비자 라이프스타일에 맞춘 차별화된 헤어케어 제품을 지속적으로 선보일 계획이라고 말했다.",라이프
"이탈리아 셰프들이 경악하는 ‘세계인이 파스타 만들 때 가장 많이 하는... 이탈리아 셰프들이 경악하는 '세계인이 파스타 만들 때 가장 많이 하는...'은 파스타 조리 습관을 강조하는 기사다. 이탈리아 셰프들은 올리브유를 삶는 물에 넣지 말고, 파스타를 헹구지 않으며, 면수를 조금 남겨 소스와 함께 마무리하는 것이 좋다고 지적한다. 파스타와 소스를 따로 생각하지 말라는 점을 강조하며, 좋은 파스타는 삶은 면 위에 소스를 얹는 음식이 아니라, 팬 안에서 면과 소스가 마지막까지 함께 어우러져 완성되는 하나의 요리다.",문화/트렌드
"헤어케어 브랜드 AZH, 새모델 배우 임지연 발탁 AZH 헤어케어 브랜드가 배우 임지연을 새로운 모델로 발탁했다. 이번 캠페인에는 AZH의 대표 제품 '실키 에센스 헤어오일'이 등장해 실키한 모발과 윤기감을 감각적으로 표현한다. 이 프로젝트는 AI FILM 및 광고 제작 경험을 보유한 크리에이션집업과 함께 진행됐으며, 27년간 광고와 뮤직비디오 분야에서 활동한 전은영 비주얼 디렉터가 연출을 맡았다.",문화/트렌드
"""모발 빠짐 78% 감소"" 삼양사 어바웃미, 검정콩 성분 헤어케어 2종 출시 삼양사의 비건 클린 뷰티 브랜드 어바웃미가 국내산 검정콩 성분 헤어케어 신제품 2종을 출시했다. 모발 빠짐이 77.9% 개선되는 효과를 보였다, 모발 끝 갈라짐이 87.0% 개선됐다. 신제품은 어바웃미 공식 자사몰과 네이버 브랜드 스토어·무신사 등에서 구매할 수 있으며, 출시를 기념해 정가 대비 35% 할인 혜택을 제공하는 특별 프로모션을 진행한다.",라이프
"법사위, '2차 종합특검 수사 30일 연장' 與주도 의결 법사위가 '2차 종합특검' 수사 30일 연장 의결. 이날 국회 법제사법위원회에서 민주당 주도로 의결된 특검법 개정안은 130명인 파견 공무원 정원을 150명으로 확대하고, 특별수사관 중 '공소 유지 변호사'를 지정해 특검이 기소한 사건의 공소 유지를 담당하도록 하는 내용도 담겼다. 이러한 의결은 내란·김건희·순직해병 등 3대 특검의 미진한 부분과 새 의혹을 수사하는 목적으로 지난 2월 출범한 '2차 종합특검'의 수사 기간을 추가로 연장하는 데 대한 조치다.",정치
"경찰, 암환자 ‘페이백’ 의심 의료기관 12곳 수사 착수 경찰이 암환자 대상 페이백 의심 의료기관 12곳에 대해 수사 착수했다. 곳 중 대구 5건, 광주 3건, 전남 2건, 서울 1건, 경기 북부 1건으로 지역별 분포가 있다. 이번에 복지부가 수사를 의뢰한 의료기관들은 제보의 신빙성이 높아 신속한 수사가 필요하다고 판단되는 곳들로 보인다.",사회/세계
"주차된 차량에 소화기 뿌리고 달아난 10대…수리비만 200만원 주차된 차량에 소화기 뿌리고 달아난 10대가 범행을 저질렀다. 이 사건으로 차주는 도색 복구에만 200만원 이상의 수리비를 들 것으로 보고 있다. 이 학생은 범행 뒤 그대로 뛰어 달아나고, 경찰에 신고한 후 현재는 수사 당국의 조치를 기다리는 중이다.",사회/세계
"3년전 불법촬영 중징계 받은 경찰간부, 이번엔 미성년 성범죄 혐의 입건 부산경찰청 소속 30대 경감 김모 씨가 미성년자를 상대로 성범죄를 저지른 혐의로 직위해제돼 경찰 조사를 받고 있다. 이 간부는 3년 전에도 휴대전화 카메라로 잠든 여성을 촬영한 혐의로 중징계를 받은 전력이 있다. 경찰은 사건을 수사 중인 상태에서 김 씨의 의식 상태 등을 구체적으로 조사할 방침이다.",사회/세계
"경찰, 암환자 진료비 '페이백' 의심 병원 12곳 수사 착수(종합) 경찰이 암환자 진료비 '페이백' 의심 병원 12곳에 대한 수사를 착수했다. 복지부가 접수한 제보는 50여건, 대구 5곳, 광주 3곳 등 관할청 배당 의료기관 12곳을 대상으로 한다. 이러한 불법행위에 대해 경찰은 끝까지 엄정 대응할 계획이라고 밝혔다.",사회/세계
"김혜경 여사, 앤 공주와 세이브더칠드런 방문…“한-영 아동 협력 굳건... 김혜경 여사와 앤 공주가 세이브더칠드런 코리아를 방문, 아동권리 증진을 위한 협력을 강조. 이재명 대통령 부인 김혜경 여사는 15일 오후 한국을 방문 중인 영국 앤 공주와 함께 세이브더칠드런 코리아를 방문해 아동권리 활동 현장을 살펴보게 되었다. 이날 일정은 아동권리 활동에 대한 사회적 관심과 지지를 확산하고, 미래세대인 아동·청소년과 청년이 주도하는 아동권리 활동을 응원하기 위해 마련됐다.",문화/트렌드
"金여사, 英앤 공주와 청소년들 만나 ""아동권리 증진 협력 확대"" 김혜경 여사와 앤 공주가 세이브더칠드런 코리아를 방문하여 아동·청소년들을 만났다. 세이브더칠드런은 120여 개국에서 아동의 권리를 위해 활동하고 있다. 이번 방문은 한국과 영국의 아동 보호 협력을 더욱 굳건히 다지는 뜻깊은 계기가 되길 바란다.",사회/세계
"2차 종합특검 개정안, 與 주도로 국회 법사위 통과 윤석열 부부의 내란·외환 및 국정농단 혐의를 수사할 2차 종합특검 개정안이 통과했다. 명에서 150명으로 파견공무원 숫자를 증원하고, 10명 이내로 공소검사를 둘 수 있도록 했다. 이 법에 의한 특별검사는 공소유지를 위하여 필요한 경우 법조 경력 5년 이상인 사람을 10명 이내로 공소검사로 둘 수 있다.",정치
"차기 총선 전초전…여야 경기도당위원장 경쟁 본격화 차기 총선 전초전…여야 경기도당위원장 경쟁 본격화. 국민의힘 조광한 최고위원과 김은혜 의원 간 맞대결 구도가 형성됐으며, 더불어민주당은 재선 의원 4명이 후보군으로 거론되면서 치열한 경쟁을 예고했다. 선거는 오는 24일로 예정됐다. 집권 여당 민주당 경기도당위원장 선거는 다음 달 16일 치러진다.",정치
"집권 15년차 접어든 김정은, 건재할까? '적대적 두 국가' 고집하면 어려... 김정은 정권이 15년차 접어든다. 년 북한의 실질 GDP는 36조 9,654억 원으로 전년 대비 3.7% 증가했다. 북·러 밀착으로 인한 대북 제재 우회가 지속가능성을 확보하기는 쉽지 않을 것으로 보인다.",경제
"김민석, 친청계 겨냥 ""청년최고위원제 무산 아쉬워…약 거부한 것"" 김민석 전 국무총리가 친청계 겨냥 '청년최고위원제 무산 아쉬워…약 거부한 것'을 비판했다. 민주당 4대 혁신안 발표, 당헌·당규 개정 필요. 당내 친명계 인사들의 움직임을 '정책적으로 부적절했다'는 취지로 비판.",정치
"오송참사 유가족· '공식사과·책임자처벌' 촉구 오송참사 유가족이 공식 사과를 촉구하고 나섰다. 일 3주기를 맞아 청주시와 충북도에 공식 사과를 요구한 바 있다. 오송 참사의 책임자를 처벌해야 하며, 생명안전기본법을 시행하여 지역사회의 의견을 반영해 유가족과 생존자의 권리 보장 및 회복을 뒷받침해야 한다.",사회/세계
"""자동차처럼 못 만든다?""…휴머노이드 액추에이터, '자동화 어렵다' vs ... 휴머노이드 로봇 시장이 AI 성능 경쟁을 넘어 실제 양산 경쟁 단계에 접어들면서 액추에이터 생산 방식을 둘러싼 시각이 엇갈리고 있다. 현재 액추에이터 자동화가 쉽지 않은 것은 기술보다 설비 투자에 대한 경제성 판단의 영향이 크다. 시장 규모가 커져 단가 경쟁이 본격화되면 자동화율을 높일 수밖에 없다.",IT/과학
"공주정보고·논산 연무마이스터고, 학과 개편 추진 충남 공주정보고와 논산 연무마이스터고가 학과 개편을 추진한다. 이 사업은 교육부의 '직업계고 재구조화 지원사업'에 따라 진행되는 것으로, 5년간 30억원 투자 예정이다. 이러한 변화는 지역사회가 요구하는 전문 기술인재를 양성하고, 학교 경쟁력을 높이는 데 기여할 것으로 전망된다.",IT/과학
"AI 의료혁신 포럼 열려…원주 의료기기 산업 전환 논의 원주 의료기기 산업의 인공지능(AI) 전환과 미래 의료혁신도시 전략을 주제로 한 포럼이 열렸다. 여 명의 전문가가 참석해 AI·데이터 기반 의료 혁신 허브로의 전환 전략을 논의했다. 원주는 오랜 기간 의료기기와 헬스케어 생태계를 조성해왔다, 이제는 전국적으로 확산돼 국민 건강 증진과 미래산업 성장으로 이어지도록 노력하겠다.",IT/과학
"김재관 KB카드 대표, 연임 '청신호'...""순이익 -18%에서 +27%로 KB카드 대표 김재관, 연임 '청신호'...'순이익 -18%에서 +27%'로 성과 창출. 올해 1분기 당기순이익은 1075억원으로 전년 동기 대비 27.2% 증가. 김대표는 경영 기조를 비용 절감 중심의 ‘방어’에서 실질적인 ‘성과 창출’로 전환하고 있다.",경제
"돌려차기·성폭행 피해자들 ""보완수사 폐지 형소법 개정 멈춰달라"" 범죄 피해자들이 '보완수사 폐지 형소법 개정 멈춰달라'고 호소했다. 일 오후 서울 서초구 변호사회관에서 열린 '또! 피해자 없는 검찰개혁, 어떻게 바로잡을 것인가 기자회견'에서 7명이 참석해 범죄 피해자 중심의 사법절차 개선을 촉구하고 있다. 피해자가 억울하게 남겨지지 않게 하는 것이 중요하다고 강조하며 '보완수사권을 누가 가질 것인가보다 중요한 것은 피해자가 억울하지 않게 남겨두는 것이다'라고 말했다.",정치
"충남도의회 '손안의 의정 비서' 개발…스마트폰으로 예산·법령 즉시 조... 충남도의회가 '손안의 의정 비서'를 개발했다. 이 서비스는 예·결산 자료와 재정 용어 등을 즉시 검색할 수 있도록 모바일 특화 챗봇을 개발했으며, 370회 임시회 개원에 맞춰 시범 운영을 시작했다. 도의회는 이 서비스를 통해 의원들의 의정활동을 뒷받침하는 혁신 서비스를 지속 발굴하겠다고 밝혔다.",문화/트렌드|IT/과학
"충남교육청, 교권침해 '1시간 신속대응체계' 구축 박차 충남교육청이 교권보호와 교권침해 사안에 대한 신속 대응체계를 구축하고 있다. 개 교육지원청 교권보호 업무 담당자 20명이 참석해 지역별 대응 여건을 공유하고 현장 지원체계 구축 방안을 논의했다. 이 교육감은 교권 보호는 학생들의 배움과 학교의 교육력을 지키는 일이라며 신속대응체계를 구축해 교원이 안심하고 교육에 전념할 수 있는 학교를 만들겠다고 말했다.",사회/세계
36년 숙원 흔드는 ‘전남광주 국립의대 몫’ 다툼···첫 단추부터 잘못 전남광주 국립의대 신설 논의가 36년간 기대를 모았던 지역 숙원이 흔들리고 있다. 목포대와 순천대가 2024년과 2025년에 작성한 통합·의대 신설 합의서 첫 단추부터 잘못 끼워졌다는 지적이 나온다. 지역민에게 필요한 의료서비스보다 의대와 병원을 어디에 둘지에 논의가 치우쳐 온 결과로 지역 의료 붕괴 책임은 두 대학이 져야할 것.,사회/세계
"마샤 블랙번 美 상원의원, 고려아연 테네시 제련소 현장 방문 마샤 블랙번 미국 상원의원이 고려아연 테네시 제련소 현장 방문했다. 이 프로젝트는 테네시주 역사상 최대 규모의 민간 기업 투자 프로젝트로, 740개의 신규 일자리가 창출될 예정이다. 이 프로젝트는 테네시주 지속적 성장에 매우 중요한 사업으로, 고려아연은 글로벌 핵심광물 공급망 내 경쟁력을 강화해 나가겠다고 말했다.",IT/과학
"단 몇분 만에 브랜드 사칭 챗봇 뚝딱 … 'AI 리스크'에 떠는 기업들 AI 리스크로 브랜드가 직면하는 리스크의 형태를 근본적으로 바꾸고 있다. 이러한 침해는 브랜드 기업들의 광고 효율을 떨어뜨리고 검색 노출을 감소시켜 결국 고객 유입을 저하시키는 등 비즈니스 성과에 직접적인 영향을 미치고 있다. 따라서 이제 브랜드 보호는 이커머스나 SNS에서 브랜드 검색 시 위조상품이나 무단판매가 아닌 기업 공식 판매 채널의 제품이 얼마나 노출되는지, 침해 콘텐츠를 제거해 보호된 매출이 얼마나 되는지 등 사업 성과와 연결되는 지표로 평가해야 한다.",IT/과학
"대전 노후계획도시 선도지구 확정…7797세대 재정비 시동 대전 노후계획도시 선도지구 확정... 세대가 선정됐으며, 평균 동의율은 96.2%, 평가점수는 87.8점을 기록했다. 사업성 확보는 일반분양 수익으로 사업비를 충당하고 조합원 추가 분담금을 감당 가능한 수준으로 낮출 수 있느냐가 핵심이다.",경제
"국토교통부, 2028년 UAM 상용화 속도 낸다 국토교통부가 2028년 UAM 상용화 속도 낸다. 시범운용모델에 따르면, 운항조건·안전기준 등을 구체화하여 초기 서비스 유형과 운항조건을 정의했다. 이번 시범운용을 통해 축적한 운항경험과 안전 데이터를 바탕으로 운항범위와 서비스를 단계적으로 확대해, UAM이 국민이 일상에서 이용하는 교통수단으로 자리 잡을 수 있도록 준비해 나갈 계획이다.",사회/세계
"왕좌의 게임: 킹스로드, 북부 세력전 담은 시즌 1 '서리와 강철' 업데이... 넷마블이 '왕좌의 게임: 킹스로드' 시즌1 '서리와 강철'을 업데이트했다. 총 6주간 진행되는 시즌에는 3개의 가문 중 하나를 선택해 해당 가문의 기수로서 충성을 서약하게 된다. 이용자들은 다양한 콘텐츠를 플레이하면서 가문 간 명예 경쟁을 펼칠 예정이며, 축적된 시즌 점수는 개인 및 가문 랭킹을 산정하는 데 활용된다.",문화/트렌드
"""오늘부터 록스타""…권진아, 데뷔 10주년에 꺼낸 자기 구원 권진아가 데뷔 10주년을 맞아 록스타로 새로운 출발을 알렸다. 첫 록 앨범 '세이브 미'(SAVE ME) 발매…자기혐오와 상처 담아. 데뷔 10주년에 이르러서 앞으로의 음악을 새롭게 시작하는 지점이 됐다.",문화/트렌드
"[기고] 이용석 전 더불어민주당 대전시당 청년대변인 ""진정한 ‘청년정... 이용석 전 더불어민주당 대전시당 청년대변인이 '진정한 청년정치'를 주제로 강연을 열었다. 청년 정치인들은 정당 내 기득권 눈치를 보기보다 타당의 청년들과 손을 잡는 '초당적 연대'를 실천해야한다. 기성 책임정치인들은 더이상 '액터욕심'을 버리고 청년을 지원하는 '서포터역할'을 자처해야한다.",정치
"[민선 9기 취임 인터뷰] 박용철 강화군수 ""경제자유구역 완성해 강화 미... 박용철 강화군수가 민선 9기 취임 인터뷰에서 강화 경제자유구역 완성해 강화를 수도권의 새로운 성장축으로 도약시키겠다고 발언했다. 강화 경제자유구역과 평화경제특구, 광역교통망 구축을 반드시 현실로 만들어 강화를 수도권의 새로운 성장축으로 도약시키겠다는 구상이다. 군민들에게 전하고 싶은 말은 강화는 더 이상 변방이 아니다. 수도권의 새로운 성장축이자 역사와 평화, 미래산업이 공존하는 기회의 땅이다.",사회/세계
경남도의회 임시회 제1차 본회의 열린다 경남도의회 임시회 제1차 본회의 열린다. 일 오후 2시 도·교육청 추경 심의 민생회복 등 현안 실질적 성과 원칙 경남도의회 전경. 이번 추경 예산안이 민생경제 회복은 물론 도정과 교육행정의 주요 현안 해결에 실질적인 성과를 낼 수 있도록 사업 타당성과 재원 배분의 적정성을 자세히 심사할 계획이다.,사회/세계
"홍천군의회, 홍천찰옥수수축제 성공 개최 힘 보탠다 홍천군의회 의원들이 제30회 홍천찰옥수수축제 준비 상황을 점검했다. 일 축제장을 방문한 의원들은 판매 부스 배치와 행사장 주요 동선, 안전관리 계획 등 축제 운영 전반에 대해 설명하고 준비 현황을 공유했다. 홍천군의회 의장은 '지역 대표 축제인 만큼 성공적인 개최를 위해 의회도 적극 협력하겠다'고 말했다.",문화/트렌드
"제13대 경북도의회 “공부하는 의회, 신뢰받는 의회”… 의원 직무교육... 제13대 경북도의회가 의원 직무교육을 실시했다. 명의 강사와 100여 명의 의원들이 참여했으며, 다양한 주제를 다뤘다. 이 교육은 의회의 경쟁력을 높이고 도민에게 신뢰받는 의회를 구현하는 데 초점을 맞췄다.",사회/세계
한복부터 국악까지··· 'K-컬처 6법' 문화강국 뼈대 세운다 'K-컬처 6법' 문화강국 뼈대 세운다. 대 법안 중 3개가 국회 문턱을 넘어 시행 중이거나 시행을 앞두고 있어. '마지막 퍼즐'인 '지역축제'와 '궁궐·왕릉' 법제화 추진.,라이프
"BNK금융그룹, 2026 하반기 조직개편…부울경 특화 전략 전면 가동 BNK금융그룹이 하반기 조직개편을 단행해 부울경 특화 전략을 전면 가동시켰다. 일 BNK에 따르면 이번 조직개편은 지역경제 대응 강화, ESG 전략의 지역화, 미래금융 대응 등 세 가지 방향을 중심으로 추진됐다. 이번 조직개편은 하반기 경영전략을 실행 중심 조직체계로 구체화하고 지역금융그룹의 핵심 경쟁력을 강화하기 위한 것.",사회/세계
"SY춤컴퍼니, 창작 무용극 '조선에서 온 댄스 마스터, 황진이' 공연 SY춤컴퍼니가 창작 무용극 '조선에서 온 댄스 마스터, 황진이'를 공연한다. 공연은 22∼29일 공간 춤에서 열리며 전석 2만원의 관람료. 이번 무용극은 21세기 무용수들이 전통을 만들어 나간다는 의미로 구성해졌다.",문화/트렌드
"페이커도 혼란에 빠졌다... AI 추리 게임쇼 '머더클럽', 역대급 출연진... 페이커가 출격하는 AI 추리 게임쇼 '머더클럽'이 디즈니+를 통해 베일을 벗는다. 만 구독자를 거느린 여행 유튜버 빠니보틀, 레전드 프로게이머 페이커, 코미디언 최양락과 엄지윤 등 각 분야 정상급 인사들이 대거 합류했다. 이들은 냉철한 판단력과 예리한 추리, 탁월한 입담을 무기 삼아 예측 불가능한 심리전을 펼치며 진범 찾기에 도전한다.",문화/트렌드
"남양유업, 믹스커피 상반기 매출 15%↑… 제품 다변화로 경쟁력 강화 남양유업이 프리미엄 라떼 브랜드 '루카스나인'과 기능성 커피믹스 브랜드 프렌치카페를 강화하여 믹스커피 매출을 15% 증가시켰다. 올해 상반기 프렌치카페와 루카스나인 등 믹스커피 매출이 전년 동기 대비 약 15% 증가했다. 남양유업은 제품 다변화로 경쟁력 강화를 통해 해외 사업을 확대하고 있다.",경제
"'무주택'이면 뭐하나 '현금' 없으면 땡… 유명 걸그룹 '방배 로또 청약... 안유진, 서울 강남권 고가 아파트 청약에 당첨된 소식이 전해지면서 현행 청약 제도의 구조적 허점을 비판하는 목소리가 커지고 있다. 당첨자들은 대출 규제로 진입 장벽에 가로막힌 무주택 서민들 사이에서 상대적 박탈감이 확산되는 모양새다. 정부의 강력한 대출 규제 탓에 이 같은 기회가 철저하게 막강한 자금력을 갖춘 자산가 계층에게만 돌아간다는 점이다.",경제
"IPO 연기에도 서비스 혁신은 계속···토스, 금융 일상화 전략 본격화 토스가 금융 일상화를 추진하고 있다. 토스는 하나은행과 손잡고 '하나 만보기 적금'을 출시하며 생활 습관과 금융을 연결하는 서비스 확대에 나섰다. 100일 가입 기간, 하루 1000원부터 최대 3만원까지 자유롭게 납입할 수 있다. 토스는 해외송금 수수료 면제 정책을 올해 말까지 연장하고 지원 통화를 기존 7개에서 10개로 확대했다.",경제
"선문대 앵커사업단, 청양군 사회적경제기업 판로 확대 지원 선문대 앵커사업단이 청양군 사회적경제기업의 판로 확대와 제품 경쟁력 강화를 지원했다. 개사 200여명이 참석해 다양한 지역 특산품을 선보였다. 앞으로도 지역기업의 제품 경쟁력 강화와 안정적인 판로 확대를 위해 다양한 지원사업을 지속적으로 추진하겠다.",경제
"트럼프, 네타냐후에 시리아·레바논 철수 요구 트럼프가 이스라엘군 철수 요구를 내놓았다. 시리아와 레바논에서 이스라엘군 주둔이 13,000km²에 이르는 지역을 점령하고 있다. 이스라엘과 레바논은 국경지대 무력 충돌을 끝내기 위해 협상을 이어가고 있지만, 헤즈볼라의 위협이 걸림돌이다.",사회/세계
"원/달러 환율, 두달 만에 1480원대 중반 원/달러 환율이 두 달 만에 1,480원대 중반으로 내려왔다. 달러화 대비 원화 환율의 오후 3시 30분 기준가(기존 주간거래 종가)는 전 거래일보다 8.3원 내린 1,484.7원으로 집계됐다고 연합뉴스가 보도했다. 이날 유가증권시장에서 외국인 순매수 금액은 2조3천227억원으로 전날(9천527억원)에 비해 크게 늘었다.",경제
"대법관도 방탄조끼 입는 미국···미 대법, 보안 예산 대폭 증액 미국 대법원, 보안 예산 대폭 증액을 요청. 총 2억2800만달러(약 3393억원)를 의회에 요청. 사법부를 향한 위협이 커지면서 대법관의 일상도 크게 달라졌다.",경제
"미국 “엔비디아 H200 중국 수출 재개…아직 극소량” 엔비디아의 H200 칩이 중국으로 재출하되 시작됐다. 일 CNBC방송에 따르면 제프리 케슬러 미 상무부 산업안보 담당 차관은 '극소수만' 중국과 홍콩으로 출하되고 있다고 밝혔다. 엔비디아의 대중국 수출이 재개된 것은 시진핑 중국 국가주석과 회담한 후 일부 수출 금지가 해제됐지만, 중국 정부가 기업들의 대량 수입까지 허용할지는 여전히 불확실하다.",사회/세계
"미성년자 성매매·성착취물 제작…경찰, 청주 시의원 압수수색 충북 청주시의회 국민의힘 소속 30대 현직 시의원이 만 13세 여중생을 상대로 성매매 혐의를 받고 있다. 년 10월부터 지난해 5월까지 3차례에 걸쳐 자신의 차량과 모텔 등에서 여중생과 성관계를 가진 혐의를 받고 있다. 국민의힘 충북도당은 최 시의원 제명을 의결하고, 청주시민께 깊이 사과드린다.",사회/세계
"중대범죄 피해자들 “보완수사권 폐지 신중해야” 부산 돌려차기 사건 피해자들이 검찰의 보완수사권 폐지를 요구하고 있다. 이번에 추진 중인 형사소송법 개정안에 포함된 보완수사권 폐지는 피해자의 권리를 약화할 수 있다고 우려했다. 변호사들은 제도적 보완이 필요하다고 주장하며, 검찰과 경찰이 협조해 신속하게 움직여야 한다고 강조했다.",정치
거칠어진 金·말 폭탄 宋에 鄭은 언더독 전략…당심잡기 사활(종합) 더불어민주당 당권 주자들이 15일 저마다 자신의 비전을 내세우며 당심 공략을 가속화했다. 김민석 전 총리는 '민주당 4대 혁신 플랜'을 발표하며 정책과 비전으로 당심을 파고들었다. 송영길 의원은 연일 초강경 폭탄 발언을 통해 정 전 대표의 공격하는데 앞장서고 있다.,정치
58억 원 횡령 의혹에 고개 숙인 김포FC 김포FC 직원 58억 원 횡령 의혹 발표. 억 원의 공금이 장기간 빠져나갈 수 있었는가. 시민의 세금이 투입되는 공공 스포츠 구단의 내부 통제 시스템을 재고해야 한다.,사회/세계
"경기대 총장 예정자 ""성비위 사실과 달라…임용취소 시도 위법"" 반박 경기대 총장 예정자 고기복 씨가 성비위 의혹을 전면 부인하고 무죄를 다투고 있다. 현재 형사재판 1심이 진행 중이며, 객관적 정황과 증거가 존재한다. 임용취소는 사실상 해임으로 위법이고, 학교법인이 손해배상 등 법적·재정적 부담을 질 가능성이 있다.",사회/세계
"""4개월째 교섭절차만 밟고 있다""…민주노총, '원청교섭 쟁취' 총파업 민주노총이 원청교섭 쟁취를 촉구하며 총파업에 나섰다. 주최측 추산 전국 10만 명이 대회에 참여했다. 정부는 개정 노조법 취지 보장할 특단의 대책 마련을 촉구하고 있다.",경제
약물 낙태 부추기는 이재명 대통령?...'미프진' 도입 검토 직격한 윤용... 국민의힘 윤용근 의원이 낙태약 도입 검토 관련 기자회견을 했다. 일 국회 소통관에서 열린 기자회견에서 태아 보호를 강조했다. 윤 의원은 사회적 합의와 법적 기준이 마련되지 않은 상황에서 낙태약 도입을 서두르는 것은 국민의 생명과 안전을 위험에 빠뜨릴 수 있다고 주장했다.,정치
"이재명 대통령 ""촉법소년 연령 낮춰야""…국민 의견 수렴 후 재논의 이재명 대통령이 촉법소년 연령 기준을 낮출 필요성을 언급했다. 국민 의견 14.4%가 촉법소년 연령 기준을 낮출 것을 지지하고 있다. 이 대통령은 성장과 개혁의 균형을 강조하며, 국민 의견을 반영하는 방식으로 정책을 추진하겠다는 점에 기대감을 나타냈다.",정치
"미 긴축우려 완화·하닉 ADR 효과에…환율, 1,480원대 중반 하락 미국 긴축 우려 완화에 따라 달러화 환율이 1,480원대 중반으로 내려왔습니다. 일 서울외환시장에서 미국 달러화 대비 원화 환율의 오후 3시 30분 기준가는 전 거래일보다 8.3원 내린 1,484.7원으로 집계됐습니다. 이날 유가증권시장에서 외국인 순매수 금액은 2조 3천227억 원으로 전날 9천527억 원에 비해 크게 늘었습니다.",경제
"[인터뷰] 팀 월령 - 깊이있게, 최정상에서, 진심으로 재미를 탐구하는 ... Team 월령, a group of 11 members, has been playing the classic MMORPG game Lineage for over 10 years and has expanded its influence to 5 servers. The team's motto is '깊이 있게, 최정상급 위치에서, 진심으로' (Deeply, at the highest level, with sincerity), emphasizing the importance of perseverance and teamwork in the game. The team is looking forward to the upcoming updates, including the addition of a new continent, Avena, and the update of the forgotten island, which will bring new challenges and opportunities for players.",사회/세계
"[현장] 옴디아 ""메모리 공급 부족…삼성·SK 신규 팹 가동 때까지 지속"" 옴디아의 브루스 베이트먼 수석 연구원이 메모리 공급 부족을 경고했다. SK하이닉스와 삼성전자, 마이크론의 새로운 팹 가동 때까지 지속될 것. 년 전후부터 소비자용 휴머노이드가 조금씩 등장하기 시작할 것.",IT/과학
"채무자 모르게 빚 시효 연장 못 한다…정부, 공시송달 특례 손질 한국 정부가 채무자 모르게 빚 시효 연장을 못 한다고 규제를 강화하고 있다. 이번 제도 개선으로 26개 금융기관 및 공공기관에 대한 예외적 공시송달 허용을 폐지할 계획이다. 이러한 제도 개선을 통해 채무자의 권익을 보다 두텁게 보호하고, 장기 연체의 늪에 빠진 채무자의 재기 가능성을 원천적으로 차단하는 무분별한 시효 연장 관행을 개선할 수 있도록 하겠다.",정치
"트럼프, 이란 내륙 공습 확대 검토…""핵시설 움직이면 날려버릴 것"" 트럼프 대통령이 이란 내륙 공습 확대 검토 중인 것으로 전해졌습니다. 미국은 지난 4일 동안 이란 남부와 서남부 해안 지역을 중심으로 방공망과 레이더 시스템, 대함미사일 기지, 드론 발사대 등 군사시설을 집중 타격해왔습니다. 트럼프 대통령이 이란 중부 나탄즈 핵시설 인근의 '곡괭이산'에도 관심을 보이고 있으며, slightest movement will be destroyed with great force.",사회/세계
"'美 정부와 관세 분쟁' 韓 알루미늄사 투자자, 트럼프 회사에 30억 줬다 도널드 트럼프 미국 대통령 소유 회사에 30억원 지급. 만달러(약 30억원)가 '아직 공개되지 않은 한국 내 골프장 개발 사업과 관련된 비용'으로 밝혀졌다. 트럼프 대통령, 가족이 코리아알루미늄을 돕기 위해 상무부 조사에 개입했다는 증거는 확인되지 않았다.",사회/세계
[도쿄환시] 美 CPI 둔화에 달러-엔 하락 후 소폭 반등 도쿄환시에서 달러-엔 환율이 하락한 후 소폭 반등했다. 일 오후 2시 46분 기준 전장보다 0.04% 오른 162.202엔에서 거래됐다. 미국 물가 상승세 둔화와 금리 인상 전망 후퇴에 반응해 하락한 달러-엔 환율이 다시 상승 전환했다.,경제
"강경화 주미대사 일시 귀국…靑 ""한미관계 발전 의견 청취 목적"" 강경화 주미대사가 일시 귀국했다. 일부터 19일까지 5일간의 일정으로 귀국할 예정이다. 이번 귀국의 목적은 한미관계 발전 방안에 대한 공관장의 건의나 솔직한 의견을 청취하기 위한 것임.",사회/세계
"일시 귀국한 강경화 ""쿠팡 이슈, 생각보다 훨씬 오래 가"" 강경화 주미대사가 일시 귀국해 쿠팡 이슈에 대한 협의를 계속할 것임. 일 조현 외교부 장관과 면담을 가질 예정. 한미 관계 업무 협의로 일시 귀국한 강 대사는 쿠팡 문제를 관리하면서 다양한 레벨에서 협의를 계속할 계획.",정치
"태웅, 나이지리아 암모니아 플랜트 단조품 공급 계약…105억 규모 태웅이 나이지리아 암모니아 플랜트 프로젝트에 단조품 공급 계약을 했다. 억 원 규모의 계약으로, 산업플랜트 분야에서 태웅이 100억 원이 넘는 수주를 따낸 것은 5년 만이다. 이번 계약은 중동 지역에서 입지가 높은 인도 최대 EPC사와의 수주 계약으로, 양국 종전 시 재건 시장 수혜 기대감도 커지고 있다.",경제
"[속보]코스피, 6.24% 급등해 7284 마감…‘7000피’ 탈환 코스피가 6.24% 급등해 7000선을 회복한 것. 이날 코스피는 7284.41로 거래를 마쳤다, 삼성전자는 6.27%, SK하이닉스는 8.83% 급등 마감했다. 반도체 대형주의 강세장으로 이어졌다는 분석이 제기된다, 이달 하순에 있을 빅테크의 실적 발표 결과를 확인할 필요가 있다.",경제
"tvN 칼 뽑았다…'비영어권 1위' 글로벌 흥행 싹쓰리→역대급 '도파민'으... tvN의 드라마 '내일도 출근!'이 글로벌 흥행을 기록했다. 화에서 재인(원규빈 분)은 노아(강미나 분)에 대한 직진 매력으로 설렘 지수를 높였다. tvN '내일도 출근!'은 전 세계 VOD, OTT 시청률 순위 집계 사이트 플릭스패트롤 차트에 따르면 비영어권 1위를 기록했다.",문화/트렌드
"[위클리오늘] 신세계까사, 신세계인터내셔날(7.15) 신세계까사가 2030년 소비자 공략에 나선다. 신세계까사는 온라인 전용 가구 라인업을 확대하고, 주요 카테고리의 신제품과 리뉴얼 제품을 출시했다. 신세계인터내셔날은 남성 브랜드 맨온더분이 국내외 빈티지 숍과 협업한 '청담 빈티지 마켓'을 운영한다.",라이프
"유시민 ""李대통령, 필연적 실패의 길 가고 있어…참혹한 결과 귀착될 것... 유시민 작가, 이재명 대통령의 정치 구상과 국정 운영 방식을 비판했다. 이 대통령은 1년 넘게 안 이뤄지는 검찰개혁을 책임지라고 주장하고, 마키아벨리적 업무 처리 방식을 지적했다. 유 작가는 이 대통령의 업무 처리 방식이 실패할 가능성이 높다고 경고하며, 민주당이 재건축할 정도로 문제가 있는 정당이 아니라는 취지를 펼쳤다.",정치
"與, 선호투표제 확정…청년최고위원 논란은 계속 더불어민주당이 15일 선호투표제를 확정하며 전당대회 룰을 둘러싼 갈등을 일단락했다. 당대표 후보 3명과 최고위원 후보 8명을 압축한 뒤, 다음 달 1일 충청권을 시작으로 순회경선에 돌입한다. 전당대회준비위원회는 선출직 청년최고위원 부결을 수용하는 대신 부대의견으로 차기 지도부가 지명직 최고위원 1명을 청년 몫으로 임명하고, 당헌·당규 개정을 통해 청년최고위원제를 제도화할 것을 권고했다.",정치
"""보궐선거 절차 안내 문자""…대한축구협회, 회장 선거 규정 이행 놓고 ... 대한축구협회가 회장 보궐선거 절차 안내 문자를 발송했다. 일까지 후보 등록 의사를 밝히거나 현재 직위에서 사퇴해야 한다. 이번 문자 안내 공지가 향후 절차에 어떤 영향을 미칠지 주목된다.",문화/트렌드
가상자산 보이스피싱 피해금도 돌려받는다…10월부터 환급 시행 가상자산 보이스피싱 피해자도 환급받을 수 있게 된다. 금융위원회는 10월 1일부터 가상자산을 이용한 보이스피싱 피해자에게 환급을 시작할 것임. 이제 보이스피싱 피해자들도 가상자산을 포함하여 환급받을 수 있어 실제로 구제할 수 있는 기반이 마련될 것으로 기대된다.,경제
"[위클리오늘] 엄기성 강원도의원, ""문화정책, 양적 확대 넘어 도민 체감... 강원도의원 엄기성, 문화정책 방향 전환 필요성을 강조했다. 회 이상 개최 목표가 단순 횟수 증가에 그칠 것이 아니라, 도민 체감도와 질적 수준을 평가할 기준이 필요하다. 문화정책은 사업 확대가 아니라 도민 삶의 질과 직결되는 핵심 정책으로 전환해야 한다.",라이프
"'188cm' 유지태, '왕사남'으로 최대 몸무게 찍더니→'건강 이상' 고지혈... 배우 유지태가 영화 '왕과 사는 남자' 촬영을 위해 인생 최대 몸무게를 달성했다. kg이 최고 몸무게고 최저 몸무게는 72kg이었다. 그러나 실제로 고지혈증과 급성 위염을 앓았다는 사실을 밝히며 '건강이 안 좋아지는 것 같다'라고 털어놨다.",문화/트렌드
"SK에코플랜트, 반도체·AI 혁신기술 6건 선정 SK에코플랜트가 2026 테크 오픈 콜라보레이션을 통해 6건의 기술을 선정했다. 총 6건의 기술이 선정됐으며, 중소벤처기업부 장관과 연구개발특구진흥재단 이사장 표창 등이 수여된다. SK에코플랜트는 앞으로 AI·반도체 분야 다양한 기업들과 오픈이노베이션을 확대해 미래 성장동력을 확보하고 산업 혁신 생태계 조성에 이바지하겠다.",IT/과학
"성매매 처벌 후 캐나다행 지나, 데뷔 16주년 자축 근황 “아직도 곁에 ... 가수 지나가 데뷔 16주년을 맞아 팬들에게 감사 인사를 전했다. 지나는 지난 2010년에 데뷔한 후 '블랙 앤 화이트' 등의 곡을 히트시키며 솔로 여가수로서 입지를 다졌다. 데뷔 16주년을 기해 다시 한번 대중에게 인사를 건네며 눈길을 끌고 있다.",문화/트렌드
"하나은행, 토스와 손잡고 '하나 만보기 적금' 출시 하나은행이 '하나 만보기 적금'을 출시했다. 일 만기의 자유적립식 적금으로, 하루 최대 3만원까지 원 단위로 자유롭게 적립할 수 있다. 기본금리 연 1.0%에 우대금리 최대 연 3.5%포인트를 더해 최고 연 4.5%가 적용된다. 이 상품은 고객의 건강관리와 금융혜택을 결합한 참여형 금융상품으로, 앞으로도 다양한 협업을 통해 고객에게 실질적인 혜택을 제공하는 금융상품과 서비스를 지속적으로 선보이겠다.",라이프
"삼성생명, 초고령사회 맞춤 상품 선봬 삼성생명이 초고령사회 맞춤 상품을 선보인다. 일 '삼성 시니어대표건강보험' 출시, 뇌질환·관절질환 보장 강화. 초고령사회에 대응하는 상품 라인업을 지속 확대해 나갈 계획.",라이프
"라이엇 게임즈, 현대백화점과 '와일드 팬페스트' 개최 예고 라이엇 게임즈가 현대백화점과 '와일드 팬페스트'를 개최한다. 이벤트 기간 동안 15,000㎡의 실내정원 '사운즈 포레스트'는 TFT 신규 세트 테마로 꾸며진다. 이벤트는 라이엇 게임즈의 IP 기반으로 진행되며, 참가자들은 신규 콘텐츠를 체험하고 참여형 프로그램에 참여할 수 있다.",문화/트렌드
"홍보 성공에도 흥행 아쉬웠던 '와일드씽', 넷플릭스서 재기할까 홍보 성공에도 흥행 아쉬웠던 '와일드씽', 넷플릭스서 재기할까. 만 뷰를 넘었다. '와일드 씽'의 새로운 흥행 가능성에 기대가 쏠리고 있다.",사회/세계
"특검, '양평 의혹' 원희룡 휴대전화 압수수색…소환일자 협의 특검, '양평 의혹'에 대한 강제수사 나선다. 일 2차 종합 특별검사팀이 원희룡 전 국토교통부 장관의 휴대전화 압수수색 영장을 집행했다. 원 전 장관을 소환해 관련 의혹을 조사할 방침으로, 앞서 두차례 출석요구서를 보냈지만 폐문부재로 송달되지 않았었다.",정치
"국힘 충북도당, '미성년자 성착취' 최영중 청주시의원 제명 의결 국힘 충북도당의원 최영중이 아동 성매매 혐의로 제명 의결. 일 경찰 수사를 받고 있는 최영중 청주시의원의 사무실을 압수수색한 것에 대한 조사 결과다. 국민의힘 충북도당은 이 사안으로 심려를 끼쳐드린 청주시민께 깊이 사과드린다.",정치
아워홈 용인공장 '끼임 사고' 근로자 끝내 숨져…경찰·고용부 수사 가... 아워홈 용인공장 '끼임 사고'가 발생해 50대 노동자가 사망했다. 사고 직후 의식을 잃고 병원으로 이송됐던 근로자 A씨는 이날 오전 숨을 거두었다. 이 사건은 산업안전보건법 위반 조사와 더불어 중대재해처벌법 위반 여부를 집중 조율할 계획이다.,사회/세계
"'성범죄 전력' 부산 경찰관, 이번엔 미성년자 준강간 혐의 입건 부산 경찰관이 미성년자와 성범죄를 저지른 혐의로 입건됐다. 당사자 간 진술이 달라 사실관계 확인 등 수사를 진행 중. A 경감은 지난 2023년에 비슷한 성범죄 사건으로 입건된 전력이 있는 것으로 알려졌습니다.",사회/세계
"돌려차기·강력범죄 피해자들 ""檢보완수사로 진실 밝혀"" 부산 돌려차기 사건 피해자들이 검찰의 보완수사권을 유지해야 한다고 주장했다. 일 서울 서초동 변호사회관에서 기자회견을 열어 강력범죄 피해자 10명이 참석해 이날 회견에 나선. 피해자가 사라진 검찰 개혁은 진정한 개혁이 될 수 없다며 형사소송법 개정안에 대한 입장을 냈다.",정치
"“대통령 한마디로 낙태약물 허용 안 돼”… 위민앤패밀리, 지시 철회 ... 이재명 대통령이 낙태약물 허용을 검토하도록 지시한 것에 대해 위민앤패밀리는 강력히 반발하고 있다. 위민앤패밀리는 이 대통령의 발언이 국회의 입법을 우회해 행정부의 판단만으로 낙태약 도입을 추진할 수 있다는 잘못된 인식을 드러낸 것이라고 지적했다. 위민앤패밀리는 이 대통령에게 법 개정 이전의 낙태약 도입 검토 지시를 즉각 철회하고 해명할 것을 촉구하고 있다.",정치
"李대통령 “지난 1년 많은 성과…국정기획목표 부합하게 정책준비 잘해... 이재명 대통령이 부처 업무보고를 경청하고 있다. 년 7월 15일 기준으로 재정경제부 등 5개 기관이 7대 패키지를 종합 지원하고 있다. 이 대통령은 국가 균형발전을 위한 부처의 정책도 일부 발표하고, 자본시장의 정상화와 선진화를 강조했다.",정치
"오세훈, 정부 부동산 정책에 공급 확대 촉구…정책 보고서 서면 전달 서울시장이 정부의 부동산 정책 방향에 공급 확대가 필요하다고 강조했다. 이재명 정부 출범 이후 1년간 서울 아파트 매매가격이 13.1%, 전세가격이 6.3%, 월세가 7.4% 상승했다. 서울시는 주택 거래와 토지거래허가대장 4만4000여 건, 공인중개사 약 660명의 의견을 분석해 정부의 부동산 대책이 주택담보대출 제한 등 수요 억제에 치중됐다고 지적했다.",정치|경제
기보 새 수장에 권형택 전 HUG 사장…AI·딥테크 지원 강화 기보 새 수장 권형택 전 HUG 사장이 취임했다. 일부터 공식 업무를 시작하고 2029년 7월 14일까지 3년 임기를 갖는다. 권 이사장은 AI·딥테크 등 미래 산업에 대한 기술금융 공급을 주요 과제로 제시하며 중소벤처기업의 성장 단계별 지원도 확대하겠다는 구상이다.,경제|IT/과학
"[포토타임] 8년 만에 방한한 앤 공주…유엔묘지 참배부터 이 대통령 접... 앤 공주가 8년 만에 방한해 유엔기념공원 참배하고 이 대통령을 접견했다. 이번 방한 기간 동안 앤 공주는 부산 남구 유엔기념공원, 서울로 이동한 후 이 대통령을 예방해 양국의 우호 협력 증진 방안을 논의했다. 앤 공주는 방한 마지막 날인 15일 서울 동대문디자인플라자 이간수문전시장에서 열린 ‘한·영 지속가능한 패션 미래(UK-Korea Sustainable Fashion Futures)’ 전시에 참석하고, 김혜경 여사와 함께 세이브더칠드런 행사에 참석했다.",정치
"한화, 임시주총서 테크·라이프 부문 인적분할… 3세 승계구도 마무리 한화그룹, 임시주총서 테크·라이프 부문 인적분할… 3세 승계구도 마무리. ㈜한화는 방산·조선·에너지·금융 중심 존속 법인과 테크·라이프 부문 신설 법인으로 분리, 15일 임시주총서 의결. 이번 인적분할로 한화그룹의 구조 재편과 3세 승계 작업이 마무리 단계에 진입, 김 부회장 중심의 경영체제가 더 굳건해졌다는 분석.",사회/세계
왜 신문기자가 되랴는가!? [유레카] 신문기자가 되려면 출중한 '글빨'이 신문사 주변 사람들의 눈에 띄어 알음알음 추천을 받는 수밖에 없었다. 년 7월 발행된 잡지 ‘철필’ 제1호엔 당시 문제가 공개돼 있다. 지원자는 무려 120명에 이르렀다. 이러한 답답한 상황 속에서 첫 공채시험이 치러지게 된 것이다.,라이프
"한화, 인적분할 주총 통과…'김동관 중심' 지배구조 재편 본격화 한화그룹이 인적분할 주총회를 통과하여 그룹 지배구조 개편을 본격화했다. %의 찬성률로 원안 가결됐으며, 8월 1일 분할 기일을 잡았다. 신설법인 '한화머시너리앤서비스홀딩스'가 테크·라이프 사업을 중심으로 운영하며, 오너 3세의 독립 책임경영 체제를 구축할 계획이다.",문화/트렌드
"창원대 총동창회, ""창원상의 로스쿨 설치 대정부 건의 지지한다"" 창원대 총동창회가 '창원상의 로스쿨 설치' 건의에 전폭적인 지지를 표명했다. 개 법학전문대학원 중 14개교가 수도권에 집중돼 있고, 경남에는 법학전문대학원이 한 곳도 없다. 창원대 총동창회는 '창원대의 로스쿨 설치'를 필수적 과제로 창원대에 로스쿨은 반드시 설치되어야 한다.",사회/세계
"한국지방행정연구원·행정안전부, '고향사랑 기부제의 새로운 전환' 포... 한국지방행정연구원과 행정안전부가 '고향사랑 기부제의 새로운 전환' 정책 포럼을 개최했다. 이번 포럼에는 법인기부 도입 방안과 제도 설계 방향 등에 대한 논의가 진행됐다. 이러한 포럼은 지역 균형발전과 지방재정 확충에 미칠 영향을 비롯해 제도의 실효성을 높이기 위한 법·제도 개선 방안을 모색하는 등 연구 협력을 확대할 계획이다.",문화/트렌드
"[비즈&] 삼성, 차세대 폴더블 티타늄 첫 공개…주름 줄여 外 삼성전자가 차세대 폴더블폰 화면에 적용할 '플렉스 티타늄' 기술을 공개했습니다. 한화솔루션ㆍ한화시스템, 위성용 태양전지 개발에 300억 원 규모의 연구개발 비용을 단계적으로 투입합니다. LG엔솔, 구글 태양광·ESS에 배터리 탑재하여 에너지 인프라 프로젝트를 확보하게 됐습니다.",IT/과학
"삼성물산, HJ중공업과 '스마트 주거 서비스' 확대 위해 '맞손' 삼성물산과 HJ중공업이 스마트 주거 서비스 확대에 합의했다. 해모로by홈닉 서비스를 제공하여 14,000명의 입주민들이 홈IoT 제어 등 기능을 사용할 수 있도록 지원한다. 이번 협력으로 양사는 AI 주차 서비스, 에너지 통합모니터링 시스템(REMS) 등의 스마트 주거 솔루션과 관련한 기술 협력을 추진할 계획이다.",IT/과학
"[증권UP+] 인재 육성·혁신기업 지원·신상품 확대···금투업계 '성장... 금융투자업계가 인재 육성과 산업 생태계 지원, 투자상품 확대 등 미래 경쟁력 강화에 속도를 내고 있다. 한국투자증권은 지난 14일 대학생 대상 투자분석 경연대회인 '제9회 리서치챌린지' 시상식을 개최했다. 금융사의 역할도 한층 다양해지고 있으며, ESG 기반의 사회적 가치 창출을 위한 다양한 지원을 지속해 나가겠다.",경제
"공사비·안전 논란 시대···수요자가 시공사 '관리 능력'부터 따지는 ... 수요자가 시공사 '관리 능력'부터 따지는 ..., 545개 사업장이 참가해 단계별 심사를 거쳤으며 최종 16개 사업장이 본선에 진출했다. 두산건설은 건설(대기업) 부문 대상을 수상하며 고용노동부 장관상을 받았다. 수상 기업에는 상금과 함께 내년도 산업안전보건 분야 정기감독 면제 등의 혜택도 제공된다. 안정적인 일자리가 만들어지고, 이를 기반으로 주거 수요와 교통·상업시설이 단계적으로 확충되는 선순환 구조가 형성되기 때문이다.",문화/트렌드
"엔씨, '리니지 클래식' 신규 에피소드 사전예약 外 엔씨가 '리니지 클래식' 신규 에피소드 '거대한 운명의 서막: 잊혀진 섬' 사전예약을 시작했다. 이벤트 NPC를 통해 한정 정령 '인연령', 수호령 '인연수호령', '단축부' 등이 담긴 '25년인연함'을 받을 수 있다. 엔씨는 오는 22일 '리니지 클래식'에 신규 지역 '잊혀진 섬'과 신규 서버 '안타라스'를 추가할 전망이다.",문화/트렌드
"종합특검, '양평 의혹' 원희룡 압수수색…""출석 일자 조율"" '양평 의혹' 수사, 원희룡 전 국토부 장관 압수수색... 일 직권남용권리행사방해 혐의를 받는 원 전 장관의 신체 및 차량을 압수수색. '출석 일자 조율 중'으로 출석 요구서를 전달.",정치
"종합특검, 원희룡 전 장관 압수수색…출석일자 조율 원희룡 전 국토교통부 장관에 대한 강제수사 착수. 일 2차종합특검에서 압수수색 영장을 집행, 휴대전화를 확보. 양평고속도로 노선 변경 의혹이 제기되며 원 전 장관은 혐의를 부인하고 있다.",정치|사회/세계
"2차 특검 ‘양평고속道 노선 변경 의혹’ 원희룡 전 장관 압수수색 양평고속도로 노선 변경 의혹에 대한 2차 특검에서 원희룡 전 장관이 압수수색됐다. 일의 압수수색 결과, 휴대전화를 압수하고 출석요구서를 전달했다. 원 전 장관은 혐의를 부인하고 있으며, 2023년 국토부가 서울∼양평고속도로 사업을 추진하면서 특혜를 주었다는 의혹을 받는다.",사회/세계|정치
"종합특검, '양평고속도로 의혹' 원희룡 압수수색 양평고속도로 의혹에 대한 종합특검의 강제수사가 시작됐다. 원희룡 전 국토교통부 장관의 신체와 차량 압수수색을 포함해 휴대전화를 압수했다. 이 과정에서 원 전 장관이 공무원들에게 의무 없는 일을 시켰다고 보고 있으며, 앞으로는 출석 일자를 조율할 예정이다.",사회/세계
"김건희, 尹·도이치 주가조작 세력과 ‘공동정범’이었나… 다음주 첫 ... 김건희 여사가 도이치모터스 주가조작 의혹과 관련해 대법원 2부의 판단을 기다리는 중이다. 도이치모터스 주가조작 혐의에 대한 유무죄 판단도 대법에서 최종 결론이 내려질 전망이다. 김 여사는 총 3건의 형사재판을 받고 있는데, 첫번째 상고심 판단이 오는 24일 열린다.",문화/트렌드|경제
"'도이치 주가조작·명태균 연루' 김건희 전 대표 상고심 선고 생중계 도이치모터스 주가조작 및 명태균 여론조사 수수 혐의에 대한 대법원 상고심 선고 과정이 실시간으로 생중계된다. 일 오후 2시로 예정된 김 전 대표의 자본시장법 위반, 정치자금법 위반, 특정범죄 가중처벌법상 알선수재 혐의 선고 재판에 대해 실시간 생중계를 결정했다. 이번 선고는 법원에서 자체적으로 촬영한 영상을 통해 실시간으로 송출될 예정이다.",정치|경제
"대법, 김건희 상고심 선고 24일로 연기 대법원, 김건희 여사의 상고심 선고를 24일로 연기. 김 여사는 58회의 무상 여론조사 제공 혐의에 대해 1ㆍ2심에서 모두 무죄를 선고받았다. 대법원은 윤 전 대통령과 김 여사의 정치자금법 위반 혐의 판단을 논리적으로 연결할 가능성이 거론된다.",정치
"대법, 24일 '도이치 주가조작 등' 김건희 상고심 선고 생중계 결정 대법이 김건희 여사의 상고심 선고를 생중계로 결정했다. 김 여사는 24일 상고심 선고를 받게 되며, 1·2심에서 무죄를 선고받았으나 13일 14회 여론조사 유죄 판결을 받았다. 이 사건은 윤 전 대통령 부부의 정치브로커 명태균씨로부터 대선 여론조사 58회를 무상으로 제공받은 혐의와 관련된もの으로, 특검팀은 1심과 2심 재판부의 법리 오해를 강조하기 위해 재판단을 요청한 것이다.",정치|경제
"대법, 김건희 상고심 선고 생중계 허가…尹 선고 법정서 진행 대법원, 김건희 상고심 선고 생중계 허가... 일 오후 2시, 대법원 제1호 법정서 선고 특검 생중계 신청 '허가'... 이번달 8일로 연기, 대법원은 특검팀의 요청을 일부만 받아들여 선고를 연기했다.",사회/세계
"세븐일레븐 지자체 연계 관내 점포 활용한 기후 위기 대피 공간 지정 세븐일레븐이 세종특별자치시청과 공공 협약을 맺어 기후 위기 대피 공간을 지정했다. 개 매장이 상시 대피 공간으로 전환되며, 하절기 열대야와 폭염 대피 목적으로 개방된다. 이번 협약은 세븐일레븐의 사회공헌 운영 방식을 지속해 왔으며, 향후에도 거점 유통망을 활용한 생활 밀착형 사회 안전망 구축을 지속할 예정이다.",라이프
"""용인 반도체 방류수 계획 철회하라""...안성시의회, 결의안 채택 안성시의회가 용인 반도체 클러스터 방류수 직방류 계획을 철회하라는 결의안을 채택했다. 일 시의회에 따르면 시의회는 3일간의 회기 일정에 돌입하고, 12건의 안건을 최종 의결할 예정이다. 안성시의회는 지역의 미래와 시민의 권익을 지키기 위해 의회가 한목소리를 낸 만큼 관계기관도 결의안의 취지를 무겁게 받아들여야 한다.",문화/트렌드|IT/과학
"‘운영자금 고갈’ 홈플러스…전국 67개점 전면 휴업 홈플러스가 전국 67개점을 전면 휴업에 들어간다. 이 중 대구·경북 8곳이 포함되어 휴업 상태다. 운영자금 고갈로 인한 휴업으로, 정부 개입과 생계 대책 촉구가 나오고 있다.",경제
"“트럼프 속내? 백악관도 모른대요”…하루 만에 말 바꾸자 참모진은 혼... 트럼프 대통령이 호르무즈 해협의 '보호비 20% 부과안'을 발표하고 하루 만에 철회한 가운데, 참모진은 혼란스러운 상태다. 트럼프 대통령은 14일 SNS를 통해 호르무즈 해협을 오가는 민간 선박들로부터 선적 화물 가치의 20%를 통행료 명목으로 징수하겠다는 방침을 철회했다. 이번 결정은 트럼프 대통령의 '타코' 행보를 다시 한번 보여준 사례로, 미국과 이란 사이에는 신뢰가 전혀 없다.",사회/세계
"미국, 26일만에 해상 봉쇄 재개…이란 “모든 원유 수출로 차단될 것” 미국이 이란에 대한 해상 봉쇄를 26일 만에 재개했다. 미군은 이날 오후 4시부터 이란 항구를 드나드는 선박들에 대한 해상 봉쇄를 재개했으며, 이란 혁명수비대는 원유 수출로 차단될 것임을 경고했다. 트럼프 대통령은 다음주까지 합의에 이르지 못하면 발전소와 교량 등 기간시설까지 공격하겠다고 강력히 경고하며, 대규모 공습을 준비 중인 정황도 포착됐다.",사회/세계
"미국 상원, 러시아 원유 구매국에 최대 100% 관세 추진…사실상 중국 겨... 미국 상원이 러시아 에너지 수입국에 최대 100% 관세를 부과하는 대러시아 제재안을 추진 중입니다. 러시아에서 원유와 천연가스를 가장 많이 수입하는 5개국에는 미국이 최대 100%까지 관세를 부과할 수 있도록 대통령에게 권한을 부여합니다. 미 상원에서는 이 법안이 통과되면 러시아에 대한 경제적 압박 수위를 높여 우크라이나 전쟁 종식을 끌어낼 수 있을 것으로 보고 있습니다.",경제|사회/세계
"""러시아산 원유 사면 100% 관세""…美 상원, 칼 뽑았다 러시아산 원유 사면 100% 관세.",경제
“레버리지 ETF는 대량살상무기”…‘7천피’ 회복 뒤 숨은 불안 [머니... 레버리지 ETF가 대량살상무기라는 경고가 나왔다. 코스피는 6월 이후 종가 기준 4% 이상 등락한 날이 15거래일에 달했다. 또한 SK하이닉스는 8.83% 상승하여 투자심리를 크게 개선했다. 레버리지 ETF의 구조는 최근 코스피의 극심한 변동성으로 이어졌다.,경제
"'美 물가 우려 완화'에 국고채 일제히 하락…3년물 연 3.866% 美 물가 우려 완화에 따라 국고채 금리가 하락했다. 국고채 금리는 3년물 연 3.866%, 10년물 연 4.327% 등으로 하락했으며, 20년물은 연 4.468%로 2.4bp 내렸습니다. 이달 말 미국 중앙은행인 연방준비제도(Fed)의 금리 인상 확률도 크게 낮아졌지만, 한국은행 금융통화위원회에서 기준금리를 인상할 것이 기정사실화되면서 국고채 금리 낙폭을 제한했습니다.",경제
"‘밑 빠지는 느낌’ 참고 살았는데… 10년 만에 원인 찾은 여성 대 여성의 '밑 빠지는 느낌' 호소가 10년 만에 원인 찾은 사연이 전해졌다. 년부터 2024년까지 약 17.5% 증가한 골반장기탈출증 환자 수는 고령층뿐 아니라 40~50대 여성 환자도 포함된다. 골반장기탈출증은 장기가 내려온 정도에 따라 보통 1기부터 4기까지 나눌 수 있으며, 초기에는 골반저근 운동을 통해 장기를 받치는 근육을 강화할 수 있다.",라이프
"증권사 해외투자 지원한다…한국증권금융 첫 외화채 발행 [시그널] 한국증권금융이 해외투자 지원을 위해 외화채를 발행한다. 발행 규모는 3억~5억 달러(약 4500~7500억 원) 사이에서 정해질 것으로 관측된다. 이번에의 외화채 발행은 증권사들의 자체 조달 부담을 완화하고, 안정적인 외화 공급처를 확보하는 데 도움이 될 전망이다.",경제
"[이슈] 스마일게이트, 북미 공략 속도…신규 IP로 글로벌 성장축 넓힌다 스마일게이트가 북미 공략 속도를 내고 신작 '이클립스: 더 어웨이크닝'과 '미래시'를 앞세워 글로벌 성장축 넓힌다. 실제 로스트아크 개발사 스마일게이트알피지의 지난해 매출은 2천800억원으로 전년(4천758억원)보다 약 41% 감소했다. 스마일게이트는 북미 파트너십을 확대하고 글로벌 게임쇼 참가를 통해 서구권 시장에서 사업 기반을 넓히고 있다.",IT/과학
"부안소방서, '2026년 하반기 전북 청년 직무인턴' 배치… 현장 실무 체험... 부안소방서가 '2026년 하반기 전북 청년 직무인턴'을 운영한다. 명이 5주간 인턴으로 배치되며, 실질적인 직무 체험을 통해 취업 역량을 강화하고 진로 설정을 돕는 데 목적이 있다. 부안소방서는 실효성 있는 실습 운영을 위해 부서 내 전담 멘토를 지정하여 일대일 맞춤형 직무 교육을 실시하고, 체계적인 출결 관리와 실무 지도를 병행할 방침이다.",사회/세계
"아이온2, 글로벌 출시 초읽기... 'BM'부터 알렸다 아이온2가 글로벌 출시를 앞둔 상태에서 엔씨가 비즈니스 모델(BM)을 공개했다. 월 15달러의 단일 멤버십을 운영하며, 가입자는 유저 거래소와 재화 거래소를 이용할 수 있다. 엔씨는 글로벌 유저들이 가장 민감하게 바라보는 과금 정책에 대해서도 거듭 강조했다.",문화/트렌드
"금융당국, 디지털 뱅크런 대응 강화…5대 지주 위기대응계획 승인 금융당국이 대형 금융기관의 위기 대응체계를 강화한다. 대 금융지주와 은행 10곳의 '2026년도 자체정상화계획'과 예금보험공사가 수립한 '부실정리계획'을 각각 승인했다. 올해는 디지털 금융환경 변화에 맞춘 위기 대응체계 보완이 핵심으로, 하반기에는 관계기관 합동 모의훈련도 실시할 계획이다.",경제
"신춘문예 작가 희곡 9편, 대학로 낭독무대 오른다 신춘문예 작가 9편의 희곡이 대학로 무대에서 낭독공연을 열게 된다. 월 12일부터 16일까지 서울 대학로예술극장 소극장에서 공연이 열린다. 작품들은 '거대한 폭력과 무너진 세계의 틈새에서 발굴한 연대와 희망'을 공통 주제로 삼는다.",문화/트렌드
"영국, 2027년 블록체인 국채 발행…G7 첫 디지털 길트 실험 영국이 G7 최초로 블록체인 기반 디지털 국채 'DIGIT'를 도입. 년 초 발행, 추가 물량도 이어간다는 방침. 금융 인프라의 효율성을 검증하는 데 초점을 맞출 것.",IT/과학
"'尹 체포 저지' 박종준 전 경호처장·특검, 1심 징역 4년에 쌍방 항소 윤석열 전 대통령에 대한 체포영장 집행을 방해한 혐의로 기소된 박종준 전 대통령경호처장이 1심 징역 4년 판결에 불복해 항소했다. 박 전 처장 등은 윤 전 대통령의 위법한 지시에 따라 경호처 소속 공무원을 이용해 수사기관의 적법한 영장 집행을 저지했다. 박 전 처장은 최후진술에서 '대통령 개인을 비호하기 위해 국가 공권력을 무시하거나 법원의 권위를 무시하려는 의도는 추호도 없었다'며 '결과적으로 국민께 큰 혼란과 걱정을 끼쳐드려 진심으로 송구하다'고 말했다.",정치
"검찰, '반도체 부품 담합' 몬타지 테크놀로지 등 3곳 압수수색 검찰이 글로벌 반도체 부품 업체들의 국내 담합 정황을 포착하고 강제 수사에 들어갔습니다. 일 법조계에 따르면 3곳의 업체를 압수수색한 것으로 파악됐습니다. 이들 업체는 삼성전자 등에 반도체 부품을 공급하면서 가격을 짬짜미한 혐의를 받습니다.",IT/과학
"국민의힘, '범죄 피해자 보호 3법' 당론 발의 국민의힘이 범죄 피해자 보호 3법을 발의했다. 이 법안에는 검찰의 보완수사권을 유지하는 내용이 포함되어 있다. 이러한 법안은 범죄 피해자를 더 잘 보호할 수 있도록 하며, 중수청과 공소청의 출범 시기를 1년 늦추는 내용도 포함하고 있다.",정치
"법사위, 종합특검 연장 與주도 의결…국힘 반발 국회 법제사법위원회가 2차 종합특검 수사기간을 30일 연장하는 내용의 특검법 개정안을 의결했습니다. 이번에 의결된 특검법 개정안에는 130명에서 150명으로 확대되는 파견 공무원도 포함됐습니다. 민주당은 보완수사권 폐지를 골자로 한 형사소송법 개정안 논의를 이어가고 있습니다.",정치
"이 대통령 ""적극적인 빚 탕감이 도덕적 해이? 무책임한 선동"" [포크뉴스... 이 대통령은 빚 탕감 정책을 강조하며 장기 연체에 따른 불이익이 크다고 말했다. 이 대통령은 국내 채무 조정 제도가 해외에 비해 지나치게 엄격하다고 지적했다. 이 대통령은 공직자들을 향해 회식 문화 개선을 주문하며 젊은 이성 직원의 노리갯감을 강하게 촉구했다.",정치
"전남광주 농업대전환 해법 모색…""행정통합 넘어 농정통합으로"" 전남광주통합특별시장이 '농업대전환' 토론회를 열어 미래 농업 전략을 모색했다. 일 나주 한국농수산식품유통공사 본사에서 열린 토론회에서는 행정통합을 실질적인 농정통합으로 이어가기 위한 정책 방향과 기후위기 대응 신품종 개발, K-푸드 수출 경쟁력 강화 방안 등이 집중 논의됐다. 농식품 수출은 2025년 처음으로 100억 달러를 넘어섰고, 1억 달러 이상 수출 품목도 18개로 늘어나는 등 K-푸드 수출 기반은 확대되고 있다.",경제
"[글로벌이코노믹 사설] 급변하는 국제질서, 방산 수출엔 기회다 글로벌 이코노믹이 급변하는 국제질서를 분석하여 방산 수출의 기회를 찾는 사설을 발표했다. 한국의 지난해 방산 수출은 240억 달러 규모로 러시아의 우크라이나 침공 시기인 2022년 173억 달러를 기록한 뒤 고공 행진 중이다. 이러한 국제질서의 변화에 따라 방산 제품 수출 전망은 밝다. 방산 수출은 대응 구매나 경제적 협력 등 부대조건을 요구하는 만큼 외교·국방 협력 범위도 더 넓혀야 한다.",경제
"과테말라 LGBT 단체, '한 남성과 한 여성의 결합' 결혼 정의에 위헌 소송 과테말라 LGBT 단체가 '한 남성과 한 여성의 결합' 결혼 정의에 위헌 소송을 청구. 이번 소송은 민법 제78조의 효력을 무효화해 달라는 내용을 담고 있다. 이번 소송은 최근 중남미 여러 국가에서 법원을 통해 동성결혼 인정을 추진하는 움직임과 맞닿아 있다.",라이프
"트럼프, 이란 봉쇄 복원·추가 공습…일촉즉발 호르무즈 트럼프 대통령이 이란에 대한 해상봉쇄를 재개하고 추가 공습을 단행했다. 미군은 20여척의 전함과 수백대의 군용기를 작전 수행하고 있으며, 이란 항구와 연안을 오가는 선박에 대한 해상봉쇄를 재개했다. 트럼프 대통령은 통행료 20% 부과 방침을 철회하고 걸프 국가들과의 무역·투자 협정으로 대체하겠다고 밝혔다.",사회/세계
"세상이 우리를 보는 눈 1: 건설노동자와 다문화 가족으로 산다는 것 세상이 우리를 보는 눈 1: 건설노동자와 다문화 가족으로 산다는 것. 년 이상의 결혼 생활, 대통령만 넷이 바뀌는 동안 하찮은 이들의 저열한 행동에 당한 모욕은 한두 건이 아니었다. 장모님을 건강 보험상 가족으로 등록하려고 서류를 준비해 외국인센터를 찾았다.",경제
"엔비디아 ‘H200’ 中수출 시작됐다 엔비디아의 AI 칩 H200이 미국 정부 허가에 이어 중국 정부도 받아들이면서 소량이 수출된 것으로 확인됐다. 일(현지 시간) 제프리 케슬러 미국 상무부 산업안보 담당 차관은 이날 워싱턴DC에서 열린 하원 외교위원회 청문회에서 “지금까지 H200의 대중 수출은 최소한에 그쳤다”며 “출하가 이미 시작됐지만 수량은 매우 적다”고 말했다. 이러한 수출 재개는 트럼프 대통령이 언급했던 거래 허용 조건에 따른 후속 조치로, 중국 정부는 기술 자립을 목표로 화웨이 등 자국산 반도체 개발을 강력히 추진하고 있다.",IT/과학
"""네타냐후, 주말 방미 예정…트럼프와 회담 여부 불확실"" 이스라엘 총리 네타냐후가 방미할 예정. 일 미국 방문, 트럼프 대통령과 회담 여부 불확실. 트럼프 대통령은 이란 전쟁의 출구 찾기를 급하게 요구하고 있지만 네타냐후 총리는 이란 정권 전복을 주장.",사회/세계
"종합특검, '양평 특혜' 원희룡 강제수사…수사 기간 연장도 '청신호' '양평 특혜' 의혹에 대한 강제수사 착수. 일 오후 압수수색 현장에서 출석요구서를 전달해 현재 출석 일자를 조율 중에 있다. '윗선'에 대한 제대로 수사하지 못하고 활동을 종료했다, 30일 연장된 특검 수사기한으로 오는 8월23일까지 진행.",정치
"김건희 여사 대법 선고, 24일로 연기…'尹 유죄 판결' 검토 김건희 여사가 도이치모터스 주가조작 및 정치자금법 위반 사건에 대한 대법원 상고심 선고기일을 24일로 연기했다. 이번 연기는 윤석열 전 대통령의 ‘명태균 여론조사 무상 수수’ 혐의 1심 유죄 판결을 함께 검토해 달라는 민중기 특별검사팀의 요청을 대법원이 수용한 데 따른 것이다. 이 사건은 김 여사의 정치자금법 위반 혐의에 대한 판결과 윤 전 대통령의 1심 재판부의 판단을 일부 수용할 경우 김 여사의 무죄 판단이 뒤집힐 가능성도 제기된다.",정치
"법사위, 與 주도 특검연장법 의결…2차례 연장에도 또 늘린다 대한민국의 2차 종합 특검 수사 기간이 연장되는 법안이 통과됐다. 수사 기간은 추가로 30일 연장할 수 있으며, 파견 공무원 숫자도 현행 130명에서 150명으로 확대된다. 이러한 결정에 대해 국민의힘은 '법치주의 훼손'이라고 반발하고 있다.",정치
"대법, 김건희 '주가조작·금품 수수' 상고심 선고 생중계 결정 대법원은 김건희 여사의 자본시장법 위반, 정치자금법 위반, 특정범죄가중처벌법상 알선수재 혐의 사건을 생중계로 심판할 전망이다. 이 사건에 대한 상고심 선고는 오는 24일 오후 2시에 열리게 된다. 윤 전 대통령의 '명태균 여론조사' 의혹 1심 판결과 관련해 김 여사의 선고기일도 연기된 것으로 보인다.",정치|경제
"[속보]특검, '양평고속道 의혹' 원희룡 압수수색…""출석 조율 중"" 양평고속도로 노선 변경 의혹에 대한 특검팀이 원희룡 전 국토교통부 장관을 압수수색했다. 압수수색 현장에서 1회 휴대전화를 압수하고 출석요구서를 전달해 현재 출석 일자를 조율 중이라고 밝혔다. 양평고속도로 노선 변경 의혹은 2023년 국토부가 서울~양평고속도로 사업을 추진하면서 종점을 윤석열 전 대통령의 배우자 김건희씨 일가 땅 일대로 바꿔 특혜를 줬다는 것이 골자다.",사회/세계
"李대통령 ""비정상이 정상처럼 일상화""…보조금·조달·금융 전방위 정비 李대통령이 비정상적인 관행을 정상화하라는 주문. 부정수급 사업 1만2000건 조사, 포상금은 환수 전액의 30%. 체납관리단 1만명보다 확대, 장기연체자 재기 지원.",경제|정치
"2045비전 만든다…박홍근 ""교육교부금, 장기추세선 수준 보장""(종합) 박홍근 기획예산처 장관이 2045년을 내다보는 국가발전전략을 발표했다. 기준으로 지방교육재정교부금은 20.79%를 차지하고, 이를 10% 감축할 계획이다. 박장관은 향후 장기추세선에 근접하는 정도로 지방교육재정교부금을 보장하겠다고 밝혔다.",정치
"대법, 오는 24일 김건희 상고심 선고 재판 중계 허가 대법원은 김건희 여사의 도이치모터스 주가조작∙세계평화통일가정연합 금품 수수∙명태균 게이트 사건 상고심 선고 재판 중계를 허가했다. 김 여사는 8억1144만원의 부당이득을 취득한 혐의와 6200만원 상당의 그라프사 다이아몬드 목걸이를 비롯해 2000만원 상당의 샤넬 가방 두 개를 수수한 혐의가 있다. 대법원은 김 여사의 자본시장과 금융투자업에 관한 법률 위반, 정치자금법 위반, 특정범죄 가중처벌 등에 관한 법률 위반(알선수재) 혐의 상고심 선고를 생중계하기로 결정했다.",사회/세계
"메리츠·MBK, 홈플러스 긴급자금 지원 메리츠금융그룹과 MBK파트너스가 홈플러스 긴급자금 지원을 논의하고 있다. 억원 DIP 대출이 필요한 것으로 추정된다. 일 메리츠금융 3사의 이사회에서 결정을 내릴 전망이다.",경제
"남동산단, 문화선도산단 첫발…청년·문화·첨단산업 공간으로 인천 남동국가산업단지가 문화선도산단으로 선정됐다. 올해부터 2029년까지 4년간 국비 327억 원과 시비 196억 원, 구비 60억 원, 민간 자본 4억 원 등 모두 587억 원이 투입될 예정이다. 이번 문화선도산단 사업은 인천시의 'ABC+E' 전략을 이끄는 중심으로 만들겠다.",경제
"괴산군, 폭염 대비 축산농가에 '고온 스트레스 완화제' 긴급 보급 괴산군이 폭염 대비 축산농가에 고온 스트레스 완화제를 긴급 지원한다. 총 2억 원의 예산을 투입해 가축 고온 스트레스 완화제 1만 4,608포를 관내 736개 축산농가에 보급했다. 군은 이에 따라 축사 냉방기 가동 지원, 시설 안전 점검, 가축 질병 예방 지도 등 여름철 축산 안전 대책을 지속해서 추진할 계획이다.",사회/세계
"[속보] 세계유산위 “일, 사도광산 역사 설명 불충분”…이행보고서 추... 유네스코 세계유산위원회가 사도광산의 역사 설명을 불충분하다고 판단했다. 사도광산이 유네스코 세계유산으로 등재된 후 현재까지 일본이 조선인 강제동원 역사를 인정하지 않는 가운데, 유산위는 관련 역사 설명이 필요하다고 밝혔다. 유산위는 향후 이행 상황에 대한 보고서를 2027년 12월1일까지 세계유산센터에 제출할 것을 요구했다.",사회/세계
"곧 한국서도 볼 수 있다니…스페인전 중계하던 해설가 ""현장서 로드리 ... 스페인 축구 국가대표팀이 2026 국제축구연맹(FIFA) 북중미 월드컵 4강에서 프랑스를 2-0으로 꺾고 결승에 진출했다. 루이스 데 라 푸엔테 감독의 스페인은 전반 22분 미켈 오야르사발의 페널티킥(PK) 선제골로 1-0 리드를 잡았다. 로드리의 활약이 결정적이었다. 그는 경기 내내 상대 공격수들의 압박을 손쉽게 풀어내며 빌드업의 시작점 역할을 완벽하게 수행했다.",문화/트렌드|사회/세계
"금융위 부동산 토론회, 대출 현실화·공급 금융·현장 고충 '격론' 금융위 부동산 토론회, 대출 현실화·공급 금융·현장 고충 '격론'. 일 대토론회서 합리적 대안 찾을 것. 부동산 문제는 마치 실타래처럼 복잡하게 얽혀있다.",경제
"금융위, 금융체계상 중요 금융기관 10곳 정상화·부실정리계획 승인 금융위가 금융체계상 중요 금융기관 10곳의 자체정상화계획과 부실정리계획을 최종 승인했다. 대상 금융기관은 신한·KB·하나·우리·농협금융지주와 신한·국민·하나·우리·농협은행 등 10개사다. 이번 계획이 국제 기준과 법령상 작성 기준에 전반적으로 부합하며 중대한 취약점은 발견되지 않았다.",경제
"HLB ""간암 신약 CRL 핵심 사유 해소""…리보세라닙 제조소 cGMP 실사 종결 HLB가 간암 신약 CRL 핵심 사유 해소. FDA는 해당 제조시설이 전반적으로 현행 cGMP 기준을 준수하고 있다고 판단해 실사 결과를 VAI로 최종 분류했다. HLB 관계자는 '신약 승인 과정에서 문제가 됐던 핵심 사안들이 대부분 해소된 것으로 판단한다'고 말했다.",사회/세계
"금융위, 5대 금융지주 자체정상화계획 승인 금융위가 5대 금융지주와 5대 은행의 자체 정상화 계획을 승인했다. 개사 중 5대 금융지주는 KB, 신한, 하나, 우리, 농협 등으로 구성되어 있으며, 예금보험공사는 부실정리계획을 수립했다. 이번 계획은 금융안정위원회 권고사항 등 국제기준 및 금산법상 작성 기준에 대체로 부합하며 중대한 취약점이 발견되지 않은 것으로 판단됐다.",경제
"“보증 넘어 양질주택 공급…빌라 10만채 매입해 전월세 안정화” [CEO&스... HUG CEO 최인호가 주택 공급 확대 계획을 발표했다. 년 1월 중장기 경영전략을 세운 지 1년 반 만에 전략을 전면 손질했다. 보증사고액 72%↓. 안심전세앱 기반 사고예방 기능도 강화, 전세보증금을 월세로 낼 경우 적용하는 비율인 전월세 전환율을 언급했다.",경제
"개혁이냐 비전이냐 독설이냐…민주 당권 주자 '3인 3색' 전략 더불어민주당 8·17 전당대회에서 당대표 경선이 본격화되면서 주요 주자들이 저마다 차별화된 전략으로 당심 공략에 나서고 있다. 정청래 전 대표는 개혁 노선을 앞세워 지지층 결집에 주력하는 한편 상대 후보들에 대한 직접 공세를 자제하며 ‘언더독’ 이미지를 부각하고 있고, 김민석 전 국무총리와 송영길 의원은 강한 리더십과 비전을 내세우며 존재감 키우기에 집중하는 모습이다. 당 안팎에서는 최근 정 전 대표를 향한 강도 높은 비판 역시 강성 당원층에 존재감을 각인시키기 위한 전략이라는 분석이 나온다.",정치
"정부, 강력·중대·반복 범죄에 한해 '촉법소년 연령 13세' 하향 검토…... 한국 정부가 강력, 중대, 반복 범죄에 한해 촉법소년 연령을 13세 미만으로 하향 검토하고 있다. 이번 공론화 과정에서는 5대 핵심 제도개선안을 권고하여 소년사법 체계 전반의 제도 개선을 병행 추진할 방침이다. 성평등가족부는 사법 절차 개편과 별개로 비행 청소년의 재범 방지와 원활한 사회 복귀를 돕는 자체 지원망 강화에 박차를 가하고 있다.",사회/세계
"[금융 HOT 뉴스] 금융위, 하반기 금융구조개혁 속도 낸다 금융위원회는 15일 하반기 업무보고를 진행해 금융구조개혁을 강도 높게 본격화하겠다고 밝혔다. 상반기 국내증시는 세계 1위(73.5%)를 기록했으며 현금배당액은 2023년 4조3300억원에서 2025년 5조6000억원으로 늘었다. 금융위원회는 앞으로 생산적 금융 분야에서 국민성장펀드 규모를 150조원에서 200조원+α로 키우고 지원 대상산업도 우주항공 등으로 넓힌다는 계획이다.",경제
"정성호 ""보완수사권 폐지해도 억울한 1% 피해자 없어야"" 정성호 법무부 장관이 보완수사권 폐지 논의에 억울한 1% 피해자 없어야 강조했다. %의 비율로 경찰 불송치 사건 가운데 검찰의 재수사 요청으로 처분이 뒤집히는 경우도 있다. 보완수사권 폐지를 전제로 한다면 보다 철저하게 1%의 피해도 없도록 해야 하며, 경찰을 통제하는 수단으로 전건송치 제도가 필요하다고 주장했다.",정치
"여야, 연금특위 간사 회동…내달 활동 재개 전망 국회 연금개혁특별위원회가 내달 활동을 재개할 전망이다. 일 국회에서 연금개혁특별위원회 전체회의가 열렸으며, 4명이 배석해 연금개혁 진행 상황을 보고했다. 안 의원은 '70년 이상'이라는 기준을 설정한 정부안을 제출해달라며 재정 안정화를 위한 국고 투입 시 재원 마련 방안에 대한 내용을 보고해달라고 요구했다.",정치
"""정제마진 고공행진""… 정유주, 이란전쟁 격화에 강세 정제마진 고공행진.",사회/세계
미군 시설 향하는 이란 미사일 이란 혁명수비대(IRGC)가 미군 시설을 향해 미사일을 발사했다. 일 캡처한 사진에서 바레인과 쿠웨이트의 목표물을 향해 미확인 위치에서 미사일이 발사되는 장면을 보여주고 있다. IRGC는 미국이 공격 행위를 중단할 때까지 호르무즈 해협을 폐쇄할 것.,사회/세계
"검찰, '반도체 부품가격 담합' 몬타지·르네사스·램버스 압수수색 검찰이 삼성전자와 SK하이닉스에 반도체 부품을 공급하는 글로벌 반도체 부품 업체 3곳을 압수수색했다. 일 법조계에 따르면, 3곳의 업체는 고객사에 반도체 부품을 공급하면서 가격을 담합했다는 혐의를 받고 있다. 이들 업체는 삼성전자 등에 제품을 납품하는 과정에서 가격 등을 사전 모의한 정황을 포착하고 수사에 착수한 것으로 전해졌다.",경제|IT/과학
"“요란한 개혁 저항만” 李 한마디에 與,‘부분 존치’로 급선회? 보완수사권 전면 폐지에 대한 신중론이 확산되고 있는 가운데, '부분 존치' 대안이 힘을 받는 모양새다. 민주당은 보완수사권 폐지를 당론으로 의결한 적 없다는 입장을 내비치기도 했다. 향후 어떤 목소리를 낼지 이목이 쏠리고 있다.",정치
"민선 9기 전북 생존은 '인물'에 달렸다 민선 9기 전북 생존이 '인물'에 달렸다. 조 호남권 반도체의 전북 배제가 지역 민심을 절망으로 몰아넣었으며, 정부 핵심 요즘 유행하는 '코어' 분위기를 정확히 파악해야 한다. 전북 연고 인맥을 활성화하고 명예전북도민, 명예전주시민 등은 지역 발전을 이끄는 한 축이 된다.",사회/세계
"[현장] 청년·전세대출 '일괄 완화' 경계론..""자산·소득 따라 지원 세분... 한국금융연구원 선임연구위원 김영도가 주제로 발제한 '부동산 금융 시스템 재점검'을 통해 청년층 금융지원과 전세대출, 정비사업 이주비 대출을 둘러싼 쟁점을 설명하고 기존 금융규제의 보완 방안으로 '거시건전성 관리부담금'을 제안했다. 정부 지원이 부족하면 청년의 주택 구입 가능성이 본인의 상환 능력보다 부모의 자산 지원 여부에 따라 결정돼 청년층 내부의 자산 격차가 확대될 수 있다는 주장이다. 거시건전성 관리부담금에는 대체로 긍정적인 평가가 나왔지만 제도 설계상 보완 과제도 제기됐다.",경제
"트럼프 가족기업에 30억 준 베이스그룹 '뇌물 논란' 트럼프 가족기업에 30억 준 베이스그룹 '뇌물 논란'. 만달러, 트럼프오거니제이션에 지급. 베이스그룹의 사업 추진 과정에서 지급한 것임.",사회/세계
"유시민 ""이 대통령이 수사·기소 분리 원치 않아"" 유시민이 이 대통령을 비판하며 검찰 개혁 문제를 언급했다. 년 넘게 개혁이 이뤄지지 않은 것은 대통령의 수사·기소 분리 원치 않기 때문. 이 대통령은 검찰 개혁 문제에 대한 해명 한마디도 하지 않았다.",정치
"한림대 ‘특별사법경찰 교육체계 설계’ 사업 수주 한림대가 '특별사법경찰 교육체계 설계 및 신임양성과정 개발' 사업을 수주했다. 이 사업은 ㈜동심우와 공동 수행하며, 총괄책임자는 김지온 한림대 융합과학수사학과 교수이다. 이번 사업의 목표는 특별사법경찰의 수사 역량 강화를 위한 교육체계를 정립하고 조직의 전문성을 유지하는 것이다.",IT/과학
"정이한 자작극 본건 내일 검찰 송치…병원·여론조사·의료법 수사는 계... 부산시장 후보 정이한의 '피습 자작극' 사건이 검찰에 송치된다. 금정경찰서는 의료법 위반 의혹과 부친이 운영하는 온그룹 계열사의 조직적 선거운동 개입 의혹, 여론조사업체 관련 의혹 등 3개 사건을 수사하고 있다. 이번 압수수색은 부산시선거관리위원회의 수사 의뢰와 언론 등을 통해 제기된 의혹을 확인하기 위한 조치다.",정치
"41명 신체 불법촬영 장학관…실형 아닌 집행유예, 이유가 충북교육청 장학관이 불법 카메라를 설치해 성폭력 촬영을 시도한 혐의로 재판에 넘겨졌다. 징역 1년 6개월에 집행유예 3년, 80시간의 성폭력 치료 프로그램 이수와 보호관찰 명령했다. 피고인은 학생들을 지도해야 하는 자리에 있지만, 이번 범행으로 제자들에게 큰 실망감을 안겼다.",사회/세계
"검찰, '반도체 부품가격 담합' 몬타지 테크놀로지 등 글로벌 3사 압수수... 검찰이 반도체 부품 가격 담합 혐의로 3곳을 압수수색했다. 월 15일, 중국 몬타지 테크놀로지, 일본 르네사스 일렉트로닉스, 미국 램버스의 한국 사무소를 압수수색한 것으로 나타났다. 이들 기업은 삼성전자와 SK하이닉스 등에 반도체 부품을 공급하면서 가격을 담합한 혐의를 받는다.",경제|IT/과학
"김성태, '이중 기소 아니다' 2심 판결 불복…대법 상고 김성태 전 쌍방울그룹 회장이 '제3자 뇌물공여' 혐의로 추가 기소된 후 2심 판결에 불복해 상고를 제출했다. 일 수원고등법원에 상고장을 제출한 김 전 회장 측 변호인은 외국환거래법 위반죄와 이 사건 뇌물공여죄는 입법 목적과 보호법익, 고의의 내용 등이 서로 다르다고 판단했다. 이러한 판결은 대북송금 행위를 둘러싼 '이중 기소' 여부와 상상적·실체적 경합 관계에 대한 최종 법리 공방을 대법원에서 판가름 나게 될 전망이다.",사회/세계
"LS증권, 현대차증권 CERCG ABCP 소송 마무리…법원 화해권고 결정 LS증권, 현대차증권이 CERCG ABCP 부도 소송 마무리. 억6410만원을 지급하되 원금에는 2018년 11월 9일부터 2023년 1월 13일까지 연 5%, 이후 완제일까지 연 12%의 지연이자가 가산된다. LS증권은 법적 절차에 따라 원고에게 결정금을 지급할 예정이며 지급이 완료되면 이번 소송은 종결 처리된다.",사회/세계
김성태 '대북송금 뇌물' 2심 공소기각 파기에 상고…대법원으로 김성태 전 쌍방울 회장이 대북송금 뇌물 혐의로 기소된 2심 판결에 불복해 상고를 냈다. 만 달러가 넘는 대북송금이 관련되어 있다. 이 사건은 정치검찰조작기소의혹사건진상규명국정조사특별위원회 전체회의에서 의원 질의에 답변하고 있다.,정치
"대법원, 김건희 ‘3대 의혹’ 선고 24일로 연기...판결 생중계 대법원, 김건희 '3대 의혹' 선고를 24일로 연기. 김 여사의 1·2심은 무죄를 선고했으며, 윤석열 전 대통령의 1심은 유죄를 선고했다. 이 재판부는 윤 전 대통령과 김 여사가 공모해 여론조사 14회를 무상으로 받아 재산상 이익을 얻었으며, 명씨와 가까운 김영선 전 국민의힘 의원의 공천을 약속해 실제로 당에 영향력을 행사했다.",정치
"특검, '양평 의혹' 원희룡 휴대전화 확보…출석요구서도 전달(종합) 양평 고속도로 노선 변경 의혹에 대한 특검의 강제수사 시작. 일 원희룡 전 국토교통부 장관의 신체 및 차량에 대한 수색을 통해 휴대전화를 압수하고 출석요구서를 전달했다. 원 전 장관은 이날 페이스북에 '무리한 수사'에 항의하며 '저는 이러한 무리한 수사와 부당한 법 적용에 절대 굴하지 않겠다'고 했다.",사회/세계
"범여, 종합특검 기한 세 번째 연장 강행 범여당이 2차 종합특검 기간을 30일 추가 연장하는 안을 의결했다. 억원에 이르는 예산이 투입됐으며, 파견 공무원이 130명에서 150명으로 늘어났다. 국민의힘은 보완수사권 존치와 중대범죄수사청·공소청 출범을 내년 10월로 1년 연기하는 내용 등을 담은 '범죄 피해자 보호 3법'을 당론으로 발의했다.",정치
"'집사게이트' 조영탁 항소심 시작…특검 ""공소제기 위법 아냐"" '집사게이트' 조영탁 항소심 시작, 특검 '공소제기 위법 아냐'. 억원 상당의 투자금 중 24억3000만원을 조 대표가 김씨와 공동으로 횡령. '집사게이트'는 김 여사 일가의 집사로 알려진 김씨가 설립에 관여한 IMS모빌리티가 오아시스에쿼티파트너스를 통해 카카오모빌리티 등 다수의 대기업으로부터 184억원의 부정 투자를 받았다.",IT/과학
"종합특검, '양평고속도로 의혹' 원희룡 전 장관 압수수색...""출석 일자 ... '양평고속도로 의혹'에 대한 종합특검 시작. 일 원 전 장관의 신체·차량 압수수색, 휴대폰 압수. '출석 일자 조율 중', 윗선 개입 가능성 살펴보는 것.",사회/세계|정치
"사장단회의에 미래학자 부른 롯데 롯데그룹 회장이 '인공지능(AI) 에이전트'에 관한 설명을 듣고 있다. 여 명이 참석한 '2026 하반기 VCM'에서 미래학자 겸 경영 컨설턴트 더그 스티븐스가 강연을 했다. 롯데는 올 하반기 AX 추진에 속도를 낼 계획으로, 신 회장은 'AX는 선택이 아니라 그룹의 생존이 걸린 최우선 과제'라고 강조해왔다.",IT/과학
"현대차 노조, 파업 사흘째 지속…생산 차질 현실화에 '긴장' [산업계 노... 현대차 노조가 13일부터 7일째 부분 파업을 진행하고 있다. 이번 파업으로 약 5000대의 생산 차질과 2000억원대 매출 손실이 예상된다. 노조는 16일 중앙쟁의대책위원회를 열어 추가 파업 여부와 향후 투쟁 수위를 결정할 예정이다.",경제
"[이슈앤이슈] 울산 트램, 어떻게 되나…3814억 사업비와 중단 비용의 셈... 울산 트램 사업이 존폐의 갈림길에 섰다. 총사업비 3814억원, 국비 2288억·시비 1526억. 운영 적자와 공사 기간 교통혼잡 등을 이유로 재검토 결정으로 일시 정지된 상태다.",문화/트렌드
반도체 호황·정부 지원도 안통했다.. 청년 고용률 26개월째 내려 43.9% 반도체 호황에도 청년 고용률 26개월째 내려 43.9%다. 월 취업자 수는 2915만4000명으로 전년보다 6만3000명 늘었다. 정부의 적극적 재정지출에도 고용시장이 풀리지 않고 있다.,경제|IT/과학
"[현장] 현대차·기아·한국지엠 노조 총파업 동참...""원청교섭 쟁취"" 현대차, 기아, 한국지엠 노조가 총파업을 동참해 원청교섭 쟁취를 목표로 한다. 이번 파업은 15일부터 이틀간 진행되며, 현대차는 사흘간 부분파업을 예고하고 있다. 이러한 파업은 노사 갈등을 해결하기 위해 노조가 마지막 기회를 잡아야 한다고 본다.",경제
한빛1·2호기 연장땐 전력공백 메워… 원안위 검토작업 가속 [반도체 전... 한빛원자력발전소 수명을 연장하는 합의를 정부와 더불어민주당이 내렸다. 조원 넘게 투입될 서남권 반도체 클러스터에는 막대한 양의 전력이 안정적으로 공급돼야 한다. 정부는 한빛원전 계속운전으로 방향을 잡은 것은 재생에너지의 간헐성을 상쇄할 기저전원이 현재로서는 원전 외에 마땅치 않다는 판단 때문이다.,경제|IT/과학
"[2차 부처보고-금융위] 李 ""빚 과감하게 탕"" ""삼전닉스 레버리지 ETF 대책... 이재명 대통령이 금융위원회를 대상으로 취임 이후 두 번째 정부 부처 업무보고를 받았다. 정부는 국민성장펀드 규모를 200조 원으로 확대하고, 초장기 기술투자펀드를 조성해 과기정통부의 '넥스트 국가전략기술' 등 미래 원천기술 기업에 장기간 인내자본을 공급할 계획이다. 금융위는 코스닥 시장 활성화를 위해 혁신기업 상장 지원, 부실기업 신속 퇴출, 우수기업 우대 등 '3대 구조혁신 프로그램'을 가동하고, 오는 9월 말부터 3주간 '코리아 프리미엄 위크'를 열어 글로벌 자금과 기업 유치를 추진할 계획이다.",경제
"브렌트유 85달러 돌파...호르무즈 위기에 국제유가 100달러 공포 '고개' 국제유가 100달러 공포 '고개'... 브렌트유 85달러, WTI 80달러를 넘어섰다. (7월 15일). 미국의 전략비축유 방출이 이어지면서 추가 공급 충격을 흡수할 완충 장치가 거의 소진됐다는 경고가 나왔다.",경제|사회/세계
"“겉보기엔 평범, 속살은 험난”…디 오픈 개최지 로열 버크데일의 두 ... 제154회 디 오픈 챔피언십이 로열 버크데일에서 열린다. 로열 버크데일의 4번 홀은 219야드의 파3 홀로 2017년보다 20야 드 더 길어졌다. 디 오픈 마지막 날인 일요 일에 그곳에서 대회를 관람할 수 있는 회원 들이 정말 부럽다.",문화/트렌드
이스라엘 당국자 “네타냐후 18일 방미…트럼프와 회동은 불투명” 이스라엘 총리 네타냐후가 18일 미국을 방문. 이번 방문을 통해 트럼프 대통령과 회동을 희망하고 있으나 불확실하다. 이란과의 휴전·종전 협상 과정에서 이스라엘군의 레바논 철군을 강하게 압박해왔기 때문.,사회/세계
"트럼프, 이란 항구 봉쇄 재개···이란 ""홍해까지 막겠다"" 맞불 트럼프 대통령이 이란 항구 봉쇄를 재개하고 추가 공습 가능성을 시사했다. 일 오후 8시부터 해상봉쇄를 재개한 것과, 이란 선박을 제외한 다른 국가 선박의 호르무즈해협 통항은 허용하겠다고 밝혔다. 이란은 미국의 군사적·경제적 압박으로는 협상장에 돌아가지 않겠다는 입장을 분명히 했다.",사회/세계
"이란·후티, '홍해 목줄' 봉쇄 경고...""유가 200달러 치솟을 것"" 이란 이슬람혁명수비대(IRGC)가 호르무즈 해협의 선박을 대한 해상 봉쇄 경고를 내렸다. 이란은 200달러까지 국제 유가를 치솟할 것이라고 경고하고, 미국과 동맹국을 겨냥한 원유·가스 수출로를 차단할 수 있다고 말했다. 이란의 경고는 홍해와 아덴만을 연결하는 전략적 요충지인 바브엘만데브 해협의 통항을 막을 수 있는 신호를 보낸 것으로 분석된다.",사회/세계
호르무즈 재봉쇄에 대규모 공습 맞불… 美·이란 대립 최고조 호르무즈 해협 통행료 부과 방침을 발표한 트럼프가 철회하고 대규모 추가 공습을 단행했다. 미국은 20여척의 전함과 군용기 수백 대를 투입해 이란 항구와 연안 지역을 오가는 선박에 대한 해상봉쇄를 재개했다. 이란도 보복 공습으로 맞서면서 중동 지역의 군사적 긴장이 다시 고조되고 있다.,사회/세계
"檢, 삼성·SK하이닉스에 반도체 부품 공급하는 ‘몬타지’ 등 압수수색 검찰이 삼성전자와 SK하이닉스에 반도체 부품을 공급하는 중국 몬타지 테크놀로지 등 3곳을 압수수색했다. 몬타지는 전 세계 메모리 인터페이스 칩(MIC·Memory Interface Chip) 시장 점유율 1위 업체로 알려졌다. 검찰은 이들이 삼성전자 등에 제품을 공급하면서 가격 등을 담합한 정황을 자체적으로 포착해 수사에 나선 것으로 전해졌다.",경제|IT/과학
수출 호황인데 내수가 발목…中 성장률 3년만에 최저 중국 경제가 코로나19 팬데믹 이후 3년여 만에 최악의 성장률을 기록한 것으로 나타났다. 올해 2분기 국내총생산(GDP)은 전년 동기 대비 4.3% 증가했다. 수출이 강한 흐름을 유지하고 있기 때문에 정치국 회의에서 재정적자를 확대하려는 신호가 나오지 않을 것.,경제
"장윤기 차 뒷좌석 문에 '혈흔'…'성범죄 목적' 치밀한 정황 장윤기가 성범죄 목적으로 피해 여고생을 제압해 강제로 차에 태우려고 뒷좌석 문을 열어놨다가 살해했습니다. 피해 여고생의 휴대전화 공기계 속 단서 포착으로 장윤기의 계획적 범죄가 드러났습니다. 이 사건은 성범죄 목적의 살인이었으며, 경찰은 단순 살인죄만 적용해 검찰로 넘겼습니다.",사회/세계
"국힘 ""與, 당 내부도 설득 못하는 '보완수사권 폐지' 폐기해야""…민주당... 국민의힘은 민주당 내부에서 검찰의 보완수사권 폐지를 골자로 한 형사소송법 개정안을 둘러싸고 이견이 분출하자 '자중지란의 늪에 빠졌다'고 비판하며 법안 폐기를 촉구했다. 민주당은 의원총회를 열고 검찰의 보완수사권 폐지를 골자로 한 형사소송법 개정안을 논의했지만 내부에서조차 심각한 우려와 이견이 쏟아져 나왔다. 보완수사권 전면 폐지를 당론으로 추진해 온 정청래 전 대표를 겨냥한 임시방편일 수도 있다.",정치
"7세 여아 숨진 원마운트 워터파크 ……이와중에 어린이 대상 이벤트 세 여아가 원마운트 워터파크에서 숨진 사고가 발생해 경찰 수사가 진행 중이다. 사고 직후 어린이 대상 마케팅이 진행되면서 운영사의 안전 의식과 대응을 둘러싼 논란이 제기될 가능성이 있다. 이번 사고는 한 어린 생명의 희생으로 끝나서는 안 되며, 원마운트의 안전관리 시스템 전반을 되돌아보게 하고 있다.",사회/세계
"‘바이오 사업한다더니’…‘코스닥사 주가조작’으로 수백억 챙긴 벤처... 벤처투자사 대표가 코스닥 상장사의 주가를 조작하고 수백억 원대 부당이득을 챙긴 혐의로 기소됐다. 징역 2년 6개월, 집행유예 4년, 벌금 50억 원과 추징금 25억3300만 원을 명령했다. 이 사건은 증권시장의 건전성과 자본시장의 발전을 가로막는 사회적 해악이 큰 범죄로 판결됐다.",경제
"[단독] 박상용에 “일과 중 페북 썼나”… 먼지털기식 추가 감찰 박상용, 일과 중 페이스북 사용 여부 추궁. 일 법조계에 따르면 인천지검은 지난 13일 박 검사에 대한 감찰 조사에서 그가 지난 3~5월 작성한 페이스북 게시물 중 20여 건이 일과시간 중 게재된 점을 문제 삼았다. 박 검사는 자신을 향한 의혹을 반박하는 내용 등이 담긴 글을 페이스북에 다수 올려왔다.",사회/세계
"국민의힘, 李대통령 '빚 탕감' 발언에 ""엄격한 기준 아래 운영돼야"" 국민의힘이 이재명 대통령의 '빚 탕감' 발언을 비판했다. 이 대통령은 채무 이행이 불가능한 사람이 정상적인 경제 활동에 재도전할 수 있도록 정부의 개입 필요성을 강조했지만, 국민의힘은 이를 무책임하다고 비판했다. 국민의힘은 엄격한 기준 아래 운영되어야 한다고 주장하며, 사회 취약계층을 위한 기존 제도를 보완하면 될 일이라고 했다.",정치
"“골프·주가·부동산 답 없는 李…불리하면 음소거” 장동혁의 말 李代表가 이재명 대통령을 비판하고 있다. 일 국회 토론회에서 장윤기 사건에 대한 발언을 했다. 이 대통령은 국민의 질문에 답을 하지 않는다며, 정치를 답을 내놓는 일이라 주장했다.",정치|경제
"한동훈, 李 겨냥 “국가 운영은 유튜브 예능 아냐” 한동훈 무소속 의원은 이재명 대통령의 유튜브 댓글 투표에 강하게 비판했다. 억원 이하 아파트 가격이 크게 오르면서 올해 상반기 성북·강서·구로·관악구의 집값 상승률이 높았다. 정부는 전문적인 분석과 공론화를 통해 세제를 결정해야 하며, 국민 여론을 유튜브 댓글로 결정할 일은 아니다.",정치
‘거액 성과급’ 삼전닉스 임직원 주담대 한도 줄이기로 삼전닉스 임직원 주담대 한도 줄이기로. 금융위원회는 15일 하반기 대통령 업무보고에서 이 같은 내용의 가계대출 관리 방안을 발표했다. (총부채원리금상환비율(DSR)을 산정할 때 적용하는 소득심사 기준을 강화하기로 했다.). 이러한 조치는 반도체 업황 호조로 억대 성과급을 받은 삼전닉스 등 일부 대기업 임직원의 대출 한도를 줄이려는 의도로 해석된다.,경제
"""클럽과 대표팀 통틀어 최고 수준""...프랑스 완파한 스페인에 ""우승 전력... 스페인이 프랑스를 2-0으로 꺾었다. 스페인은 15일 댈러스 스타디움에서 열린 2026 국제축구연맹(FIFA) 북중미 월드컵 준결승전에서 프랑스를 꺾었다. 스페인은 월드컵 우승팀으로 거듭나고 있으며, 잉글랜드와 아르헨티나 중 어느 팀이 올라오더라도 스페인이 우승할 것이라는 전망까지 나왔다.",문화/트렌드|사회/세계
"""FIFA, BTS 공연 위해 규정까지 깬다!"" 월드컵 결승 하프타임 30분 파격…... FIFA가 월드컵 결승전에서 공연을 진행하기 위해 축구의 기본 규정까지 깨뜨릴 전망이다. 분 중 11분은 공연에 사용된다. 나머지 시간에는 방송사들이 평소처럼 전반전 경기 내용을 분석할 수 있도록 약 15분이 별도로 주어진다. FIFA는 미국프로풋볼(NFL)의 최대 행사인 슈퍼볼 하프타임 공연에 버금가는 무대를 만들겠다는 계획이다.",문화/트렌드
"일어났더니 회사서 부재중 38통?…박은빈도 질색한 '오싹한 상황'(유인... 박은빈이 '가장 오싹한 상황'으로 '회사에서 부재중 전화 38통이 와 있는 상황'을 꼽았다. 통의 경우에는 15일 유튜브 채널 '유인라디오'에 공개된 영상에서 출연진이 현실적인 공포감을 토로했다. 박은빈은 '회사에서 걸려온 부재중 전화 38통'을 선택하고, '제가 통제할 수 없는 일일 수도 있으니까 그게 더 문제인 것 같다'고 이유를 설명했다.",문화/트렌드
"""메시, 맨마킹 해야 하나?"" 잉글랜드의 메시 봉쇄법. '철혈 사령탑' 투헬... 잉글랜드의 토마스 투헬 감독이 리오넬 메시를 맨마크하는 방안을 고려하고 있다고 밝혔다. 메시는 이번 대회에서 활동력이 떨어져 있는 것은 사실이다. 그의 활동량은 아르헨티나 선수 중 최하인 8.2km 정도다. 투헬의 맨마킹 전술은 메시의 초인적 힘이 있는 것을 고려하고, 팀 수비 포메이션을 정밀하게 가다듬는다고 해도 메시는 그 틈과 약점을 공략할 수 있다.",문화/트렌드
"스페인, 우승후보 1위 프랑스 무너뜨렸다… 16년 만에 월드컵 결승 진출 스페인, 우승후보 1위 프랑스를 무너뜨렸다. 스페인은 2-0으로 승리하여 16년 만에 월드컵 결승 진출을 달성했다. 이번 승리는 스페인의 세대교체가 완벽하게 성공했음을 전 세계에 알린 선언과도 같았다.",문화/트렌드
"""중요한 것은 '숫자'로 증명""…삼성·현대·GS 건설사, 신사업 옥석 가리... 삼성·현대·GS 건설사, 신사업 옥석 가리... 분기 실적 전망은 대체로 시장 기대치에 부합할 것으로 추정된다. 14일 종가 기준 삼성E&A 73%, GS건설과 DL이앤씨 49% 안팎, 삼성물산 45%, 현대건설 42% 뛰었다. 하반기 수주가 가른다…건설사 ‘옥석 가리기’ 본격화.",경제
"[단독] 자녀 학폭 이후 ""담임 교체해달라"" 쏟아진 민원…법원 ""교권 침해... 자녀 학폭 사건 이후 '담임 교체해달라' 쏟아진 민원…. 년 4월 18일 해당 초등학교 운동장에서 발생한 사고 직후 담임교사는 A씨의 자녀를 의무실로 데려간 뒤 119를 불러 응급실에 동행했다. 재판부는 A씨의 행위가 정당한 교육활동에 대한 '반복적으로 부당하게 간섭하는 행위'에 해당한다고 판단했다.",사회/세계
"""많이 당하고 계신 듯""...레버리지 ETF가 뭐길래 [뉴스더보기] 청와대가 레버리지 ETF에 대한 보완대책을 신속히 마련하라고 주문한 것 같다. 레버리지 ETF는 기초 종목의 일간 수익률을 두 배로 추종하는 상품으로, 최근 삼성전자와 SK하이닉스 주가가 급락하면서 손실 폭도 일반 주식보다 크게 확대돼 부작용을 호소하는 여론도 함께 커지고 있습니다. 증시 변동성이 점점 커지는 가운데 시장에서 단일종목 레버리지가 주요 원인으로 거론되자, 청와대와 정부가 긴박하게 대응 수위를 높이는 모습입니다.",경제
"청년 대출 풀까, 집값 불쏘시개 될까…부동산 금융 해법 격돌 금융위원회가 부동산 금융 정책을 둘러싼 국민 의견을 듣기 위해 토론회를 열었다. 청년 대출 완화 놓고 '주거 사다리' vs '집값 자극' 첫 번째 쟁점은 청년과 무주택자 등 실수요자에 대한 대출 규제를 완화할 것인지였다. 이주비 대출, '공급 지원' vs '일부 조합원 특혜' 정비사업 이주비 대출 규제를 완화할지를 두고는 주택 공급 확대와 투기 수요 차단 논리가 충돌했다.",경제
"[정치돋보기] 제대로 된 선거개혁으로 국민들의 참정권 보장해야 제6.3 지방선거에서 투표용지 부족, 개표 오류 등 선거 관리 부실 문제가 대규모로 발생해 선관위의 한계를 여실히 보여주었다. 이번 사태에서는 26곳에 달하는 투표용지 부족으로 개표가 중단됐으며, 유권자 1천100여 명의 표가 누락됐다. 선거개혁을 완수하기 위해 사전투표제 대신 부재자투표를 부활시키고, 본투표일을 1일에서 2일로 늘리며, 투표용지 준비를 선거인 수의 80~100%로 높이고 투표 전후로 투표용지 관리상황을 대통령과 국회에 보고하도록 하여 선관위에 대한 감시 기능을 보완하는 내용을 골자로 한다.",정치
"뉴욕주, AI데이터센터 신축 불허 ""전력·용수 고갈 통제 불능 "" 뉴욕주, AI 데이터센터 신축 불허. 일 캐시 호컬 뉴욕 주지사는 50MW 이상 데이터센터 신축 허가를 일시 중단시키는 모라토리엄을 발효시켰다. 이번 조치는 AI 산업에 대한 규제 논쟁을 불러일으킬 것으로 전망된다.",IT/과학
"""복음의 빚 갚을 때"" 전주신흥학교 목장회, 인도네시아 숨바섬에 희망의... 전주신흥학교 목장회가 인도네시아 숨바섬에 희망의 학교를 설립했다. 총공사비 5억 원 중 3억 2천만 원이 지출됐으며, 향후 1억 3천만 원 상당의 재정이 필요한 상황이다. 숨바 New Dawn 학교가 지역 사회와 긴밀히 협력해 가장 아름다운 선교 공동체로 우뚝 서도록, 전국의 신흥 동문과 한국 교계 성도들이 지속적인 관심과 기도로 동역해 주시길 부탁드린다.",사회/세계
"‘강화도 유기치상 사건’ 피해자 딸 “檢 보완수사 금지는 증거 없애는... '강화도 유기치상 사건'은 강화도에서 발생한 유기치상 혐의로, 경찰이 초동 수사를 실패하고 검찰이 보완수사를 거쳐 의붓아버지가 방치해 어머니를 중태에 빠뜨려 유기치상 혐의로 기소됐다. 이 사건에서는 경찰이 증거 확보 등 필요한 조치를 다하지 않아 성폭력이 구체적으로 규명되지 않았다. 이러한 문제점을 해결하기 위해 민주당이 추진하는 형사소송법 개정안이 필요하다.",사회/세계
"공감·힐링 뮤지컬 '오즈의 의류수거함' 창원 무대 오른다 창원문화재단이 뮤지컬 '오즈의 의류수거함'을 8월 27~28일 3·15아트홀 소극장에서 개최한다. 월 27일 오후 2시와 28일 오전 10시 30분, 총 2회 진행된다. '오즈의 의류수거함'은 외로움과 불안 속에 놓인 이들에게 위로와 희망을 전하며, 자신의 상처를 드러내는 일이 스스로를 치유하고 다른 사람까지 구원할 수 있다는 메시지를 통해.",문화/트렌드
"통행료서 투자 협정으로…'트럼프식' 비용 청구? 트럼프 미국 대통령이 호르무즈 해협 통행료를 받겠다던 방침을 전격 철회했습니다. 호르무즈 해협 통행료를 받을 수 없는 천연 수로로, 트럼프 행정부가 이란을 압박해 온 만큼 통행료 징수를 강행하면 논란을 키울 수밖에 없습니다. 트럼프 대통령의 장사꾼 기질이 극대화된 건 아니냐 생각하고 있습니다.",사회/세계
"미 CPI 둔화에 비트코인 반등…정책·기관 변수는 여전 미 CPI 둔화에 힘입어 비트코인이 반등하는 가운데, 거시경제 변수와 정책 리스크가 여전히 시장을 흔들고 있다. 월 CPI는 전월 대비 0.4% 하락하며 2020년 4월 이후 가장 큰 낙폭을 기록했다. 인플레이션 둔화 신호가 확인되자 비트코인은 발표 직후 상승 반응을 보였다.",경제
“네타냐후 18일 방미…트럼프 회동은 불투명” 이스라엘 총리 네타냐후가 18일 방미를 예정이다. 로이터통신에 따르면 이스라엘 고위 당국자는 네타냐후 총리가 도널드 트럼프 미국 대통령과의 회동을 희망하고 있지만 실제 만남이 성사될지는 불확실하다. 이번 방문은 대이란 전쟁 당시 긴밀한 공조를 유지했던 트럼프 대통령과 네타냐후 총리의 회동으로 이어질 가능성이 있다.,사회/세계
"[코인 시황] 비트코인, 美 물가 둔화에 6만4600달러 회복…ETF 자금도 순... 비트코인이 미국 물가 둔화에 6만4600달러 회복. 미국 현물 비트코인 ETF에 자금이 다시 순유입되며 운용자산이 크게 늘었다. 월 FOMC 주목, 클래리티 법안 윤리 조항을 둘러싼 갈등으로 암호화폐 규제 불확실성이 이어질 것.",경제
"美 제재 당한 韓 기업, 트럼프 회사에 30억 지급… 이해충돌 논란 미국 제재당한 한국 기업이 트럼프 회사의 30억원을 지급. 만 달러(약 30억원)를 지급한 것으로 드러났다. 이해 충돌 우려가 제기되며 트럼프 행정부의 의사결정을 방해하거나 결정에 영향을 미칠 수 있어 문제.",사회/세계
"‘150년 전통’ 인도 자본시장 공략하는 미래에셋… 강문경 법인장 “경... 미래에셋증권의 강문경 인도법인장이 인도 자본시장 공략을 시작했다. 인도는 100년 이상의 자본시장 역사를 지니고 있으며, 고액자산가(HNI) 층과 새롭게 떠오르는 온라인 중심의 대중 고객층이 확연히 나뉘어 있다. 미래에셋증권은 인도를 비롯해 인도네시아·베트남·브라질·몽골 등 신흥국 법인을 통해 견고한 성장세를 뒷받침하고 있으며, 2026회계연도 성장률 전망치는 6.5%로 주요 20개국(G20) 중 1위를 유지 중이다.",경제
"한성숙 총리 ""미·이란 충돌 대응 강화…원유 수급 철저 점검"" 한성숙 총리가 중동 지역 전쟁 대응 강화에 나선다. 일 제15차 비상경제점검회의에서 원유 수급 철저 점검을 주문했다. 정부는 하반기 경제성장전략을 신속히 추진할 계획으로, 각 부처 장관들이 책임감을 갖고 정책을 추진해 줄 것을 당부했다.",경제|사회/세계
"AI 은행이라더니...카뱅 고액 송금 ‘먹통’ 카뱅 고액 송금 ‘먹통’으로 이용자들이 피해를 보게 되었다. 이벤트는 2700만 명의 고객을 대상으로 하며, 15일 기준으로 5억 원 이상의 거래가 2차례에 나눠 송금된 경우에 발생했다. 카뱅은 이 문제를 해결하기 위해 회선을 확대하는 등 조치를 완료했으며, 앞으로는 이러한 문제를 방지할 수 있도록 노력하고 있다.",문화/트렌드
"폭염 속 건설근로자 지킨다…고용노동부 구미지청, 온열질환 예방 캠페... 고용노동부 구미지청이 폭염으로 건설근로자의 안전을 확보하기 위해 온열질환 예방 캠페인을 실시했다. 일 구미시 봉곡동의 한 아파트 신축공사 현장에서 5개 기관과 함께 캠페인을 진행했다. 이종복 구미지청장은 '사업장의 철저한 예방조치가 무엇보다 중요하다'며 산업재해 예방활동을 지속적으로 추진하겠다고 말했다.",사회/세계
"혜전대, 인도네시아와 'K-푸드 리빙랩' 시동…글로벌 교류 본격화 혜전대가 인도네시아 메단 지역 교육기관들과 'K-푸드 리빙랩' 프로젝트에 착수했다. 이번 프로젝트는 2026년까지 운영되며, 인도네시아 메단 지역의 주요 대학과 직업계 고등학교를 방문해 학생·교원 교류를 위한 업무협약을 체결했다. 이 프로젝트는 양국 학생들이 함께 성장하는 글로벌 직업교육 모델을 만들어가는 과정으로, 혜전대는 이를 바탕으로 외국인 유학생 유치와 글로벌 현장 중심 교육을 강화할 계획이다.",IT/과학
역대급 폭염에 ‘배달 금지’ 명령…라이더들 파업 나섰다 이탈리아에서 역대급 폭염에 '배달 금지' 명령이 내려졌습니다. 일 현재 이탈리아 전역에서 7개 도시에 폭염 적색경보가 발령되었습니다. 노조는 사회안전망을 비롯해 폭염 기간에도 임금 손실 없이 건강하게 일을 할 수 있는 대책을 요구하고 있습니다.,라이프|사회/세계
"신안군, 민선 9기 첫 추경 1조211억 원 편성…역대 최대 규모 민생예산 신안군이 민선 9기 첫 추경 1조211억 원 편성. 총 1조211억 원 규모로 신안군 역대 최대 규모의 추가경정예산. 민생경제 회복과 주민 소득 증대를 위한 예산이 대폭 반영됐다.",사회/세계
"최태원 ""AI 도입만으론 부족…일하는 방식 다시 짜야"" 대한상공회의소 회장 최태원은 AI 도입을 넘어 기업의 업무 구조와 의사결정 방식을 전면적으로 재설계해야 한다고 강조했다. AI 도입만으론 부족하여, 사람과 AI가 함께 일하는 방식을 기업 현장에 맞게 새롭게 짜야 한다는 주문이다. 이러한 변화는 기업 내부에만 머물러서는 안 되며, 성장이 필요한 이유는 청년에게 새로운 기회를 제공하고 지역경제에 활력을 불어넣으며 다음 세대에 희망을 주기 위해서.",IT/과학
"국민성장펀드 200조로…우주항공에도 투자 국민성장펀드의 운용 규모를 150조원에서 200조원으로 확대한다. 운용액 30조→40조, 직접 지분투자도 3조서 5조로. 정부가 첨단전략산업을 육성하기 위해 조성한 국민성장펀드의 운용 계획을 발표했다.",경제
[포착] “휘발유 값이 보드카보다 비싸다”…러 크림반도 리터당 7000원... 러시아의 크림반도에서 휘발유 가격이 폭등하여 보드카보다 비싸게 되었다. 리터당 5달러(약 7400원)까지 치솟아 러시아 본토의 리터당 가격보다 3배 이상 높다. 크림반도의 경제가 붕괴하고 관광산업도 직격탄을 맞아 여름철 휴양지의 발길이 끊겼다.,경제
"최태원 “전기 때처럼 일하는 방식 자체를 AI로 재설계해야” [대한상의... 대한상의 회장 최태원, AI를 통해 일하는 방식을 재설계해야 한다고 강조했다. 회 대한상의 제주포럼에 500여명이 참석해 경제계 최대 하계 포럼을 열었다. 올해의 주제는 'Summer Flow, 성장의 바다로'로 AI를 중심으로 꾸려진 3일째인 17일 강연이 예정되어 있다.",IT/과학
"정이한 선거운동 직원 동원 의혹에…父 정근 묵묵부답(종합) 정이한 전 개혁신당 부산시장 후보의 선거운동 직원 동원 의혹에 父 정근 원장이 묵묵부답. 온그룹 계열사 병원 압수수색, 400만 원 벌금 선고된 정근 원장의 항소심 첫 공판 진행. 정근 원장은 아들의 자작극 범행을 언제 알았느냐는 질문에는 침묵으로 일관, 향후 수사 대상에 오를 수 있다는 예측.",정치
"檢, ‘장윤기 사건’ 관련 광주경찰청 지휘부 압수수색 광주 여고생 살해 사건 관련 광주경찰청 지휘부 압수수색. 일 오전 8시간가량 진행된 압수수색으로 장윤기 사건 수사 지휘 라인의 의사결정 과정 관련 자료를 입수. 검찰은 경찰의 '봐주기 수사' 의혹을 조사 중이며, 앞으로는 경찰에 대한 추가 압수수색이 예상된다.",사회/세계
"“형집행 거부해 도주하면 檢 수사권 없이 어찌 잡나” 형집행 거부해 도주하는 징역기피자 검거, 4년간 도피한 전 의령군수도 덜미 창원지검. 일 법조계 등에 따르면 검찰은 현재 검찰청법 등을 토대로 수사·기소뿐만 아니라 형집행 업무까지 수행한다. 2022년 9월 징역 2년 6개월을 선고받은 전 의령군수도 예시다. 현재 논의가 뜨거운 보완수사권을 폐지할 때 이를 통해 얻을 수 있는 정보 확보가 제한되면 형집행 단계에서의 조사 역량도 동반 하락할 가능성이 크다.",정치
경찰 청주시의원 아동 성매매 혐의 조사 청주시의원 아동 성매매 혐의 조사 진행 중. 일 경찰이 청주시의회 A의원 사무실 등에 수사관들을 보내 자료를 확보. 국민의힘 충북도당은 A의원의 제명을 의결하고 더불어민주당도 비판을 내었다.,정치|사회/세계
"국민의힘, ‘미성년자 성매매 혐의’ 최영중 청주시의원 제명 의결 국민의힘당이 최영중 청주시의원을 제명했다. 일 오후 긴급회의를 소집해 의결한 것. 도당은 20일 운영위원회를 열어 제명 절차를 완료할 계획이다.",정치
"""젊은 이성, 노리갯감 아냐""…돌아온 '잼플릭스2'서 공무원사회 '일침' 이재명 대통령이 2차 업무보고에서 젊은 이성을 노리갯감으로 앉히지 말라는 발언을 했다. 이 대통령은 지난해 10월 숨진 광주 여성 소방관의 생전에 강요당한 음주 문화를 겨냥한 것이라고 말했다. 이 대통령은 국가데이터처에 AI를 활용한 실시간 팩트체크 시스템 구축을 주문하고, 도덕적 해이를 유발하는 무책임한 선동을 반박했다.",정치
"이 대통령 ""레버리지 ETF 보완하라""…시장 관리 강화 주문 이 대통령은 레버리지 ETF 보완 대책을 지시했습니다. 정부는 지난 5월 삼성전자와 SK하이닉스 주가의 하루 수익률을 두 배로 추종하는 단일종목 레버리지 ETF를 출시했습니다. 이 대통령은 장기 채무자에 대한 채무조정과 관련하여 공동체 전체가 손해를 본다고 강조했습니다.",정치|경제
"오송참사 3주기…李대통령 ""과하다 싶을 정도로 재난 대비"" 이재명 대통령이 오송 참사 3주기를 맞아 '과하다 싶을 정도의 선제적 대비'를 강조했다. 년 7월 15일 집중호우로 청주시 오송읍 궁평2지하차도 인근 미호강 제방이 붕괴하면서 지하차도에 물이 유입돼 시내버스 등 차량 17대가 침수되고 14명이 숨진 대형 사고다. 정부는 재난 취약지역을 철저히 점검하고 위험이 감지되면 즉시 통제와 대피가 이뤄지도록 빈틈없는 대응체계를 구축하겠다.",사회/세계|정치
"주담대 풍선효과 우려…지역銀, 모기지보험·신규접수 중단 주담대 풍선효과 우려…지역銀, 모기지보험·신규접수 중단. 올해 6조4212억 원의 주담대가 집계됐으며, 4대 은행과 농협은행의 가계대출은 올해 들어서 3조3907억 원 늘었다. 이러한 움직임은 수도권 주택담보대출이 어려워짐에 따른 수요 쏠림 현상에 미리 대비하기 위한 것이다.",경제
"대통령 그 입 어떻게 안됩니까…‘호르무즈 통행료’ 번복한 트럼프 트럼프 대통령이 호르무즈 해협 통행료 부과 방침을 번복하고 중동투자협정으로 대신할 것이라고 밝혔다. 미국은 이란 내 발전소, 교량 등 인프라스트럭처에 대한 전면적인 공격을 예고했고, 이란은 중동의 원유 수출을 전면 봉쇄하겠다고 맞섰다. 호르무즈 해협 인근 군사시설에 대해 나흴째 공습을 이어가고 미국과 이란 간 공방이 격화되면서 긴장이 최고조에 달하고 있다.",사회/세계|정치
"가상자산 보이스피싱 피해도 환급 길 열린다 가상자산 보이스피싱 피해도 환급 길 열린다. 월 1일부터 특별법 시행, 가상자산까지 피해환급 대상 확대. 금융위원회는 이번 제도 개선으로 가상자산을 악용한 보이스피싱 범죄에 대한 피해 회복의 실효성이 높아질 것으로 기대하고 있다.",경제
"경남 곳곳 대형사업, 중앙투자심사 벽 못 넘고 차질 경남 곳곳 대형사업이 중앙투자심사에서 차질을 빚었다. 양산 문화예술의전당 건립사업에 대해 재검토 의견, 김해 진영권역 종합사회복지관 건립사업은 반려 결정을 받았다. (1809억 원). 시가 보완 작업을 거쳐 내년 초 중투심을 다시 신청할 계획이지만 사업 일정이 최소 9개월 이상 차질을 빼야 할 전망이다.",경제
"홈플러스 '2000억 불씨' 살렸지만…부산·울산 점포 회복은 안갯속 홈플러스가 2000억원 규모의 긴급운영자금 조달 가능성을 열면서 회생절차 재개 여부가 막판 고비를 맞고 있다. MBK 전액 보증·메리츠 이사회 변수…영업중단 점포·입점업체 정상화 관건 파산 위기에 몰린 홈플러스가 2000억원 규모의 긴급운영자금 조달 가능성을 열었다. 이제는 실제 점포와 일터, 입점 업체가 다시 정상화될 수 있느냐다.",경제
"美연준 워시 “CPI 둔화에도 인플레 경계”...금리인하 압박에도 독립성... 美연준 워시, 인플레 경계 강조...금리인하 압박에도 독립성. 월 CPI 상승률 3.5%, 둔화한 데다. 워시 의장은 물가 안정을 최우선 과제로 삼겠다는.",문화/트렌드|경제
"“이란 때리다 미사일 절반 썼다?”…美, 중국 대응도 비상 [밀리터리+... 미국이 이란과 전쟁에서 주요 미사일을 대량으로 사용, 재고가 최대 50% 소진 추정. 미군은 이란전에서 방공 요격미사일과 장거리 정밀타격 무기를 전례 없이 빠른 속도로 소모, 재고 회복에 최대 51개월 필요. 미국이 대중국 군사 대비태세까지 흔들릴 수 있는 위험의 창이 생겼다.",사회/세계
"美물가 둔화에 긴축우려 완화...원·달러 환율, 두달 만에 1480원대 복귀 美물가 둔화에 긴축 우려 완화...원·달러 환율, 두 달 만에 1480원대 복귀. 코스피는 6%대 급등세를 보이며 3거래일 만에 7,000선을 회복했다. (427.58포인트 오른). 이벤트의 가장 큰 배경은 미국의 물가 둔화다.",경제
"트럼프 “합의 안 하면 모든 발전소·교량 파괴” 경고 트럼프 미국 대통령이 이란에 대한 공습을 경고하고, 합의가 되지 않으면 모든 발전소와 교량을 파괴하겠다고 말했다. 미군 중부사령부는 호르무즈 인근 해안지역 시설 수십 곳을 7시간 이상 타격했으며, 이란에서는 군인 7명을 비롯 30명 이상의 민간인이 사망했다. 이란도 반격에 나섰으며, 중동의 미군시설을 표적으로 미사일과 드론을 퍼부은 겁니다.",사회/세계
"손정의 “2040년 AI 에이전트 100조 개…인류 최대 산업 될 것” 손정의 회장이 2040년까지 AI 에이전트 100조 개, 휴머노이드 로봇 10억 개 시대가 올 것이라고 전망했다. 년까지 전 세계 GDP의 약 20%를 차지할 것. AI 사업 전략과 관련해 일본에 머물지 말고 미국을 핵심 시장으로 삼아 자원을 집중해야 한다고 강조했다.",IT/과학
"당신에게도, 온열질환은 온다 온난화 시대, 온열질환의 위험성이 증가하고 있습니다. 월에 열사병이 50%의 사망률을 보이며, 무더위가 우리의 건강에 미치는 치명적인 영향입니다. 내 몸의 컨디션을 예민하게 알아차리고, 힘들 때 즉시 쉬거나 도움을 청하는 것은 생존을 위한 가장 고귀한 '내면의 감각'입니다.",라이프|사회/세계
법원으로 가는 안양시의회 의장 선출…‘윤’이냐 ‘운’이냐 논란 안양시의회 의장 선출 논란이 발생해 법원으로 가는 상황. 일 열린 안양시의회 본회의에서는 제10대 전반기 의장 선출을 위한 의원 투표가 진행됐다. 의회 다수당인 더불어민주당이 절차상 하자로 의장 후보를 내지 못하면서 시작된 의회 파행이 결국 의장 선출의 적법성을 법원에서 판단받아야 하는 사태를 빼게 되었다.,정치
"제주SK FC-FC 바이에른 뮌헨전 일반예매 D-DAY…예매 정보 한눈에 제주SK FC와 FC 바이에른 뮌헨의 국제 친선경기 '아우디 풋볼 써밋 2026' 일반예매가 시작된다. 일반예매는 오늘 오후 6시부터 크림과 네이버를 통해 진행되며, 가격은 478,800원부터 49,000원까지 다양하다. 이번 경기 티켓 구매자에게는 FC 바이에른 뮌헨 선수단의 오픈 트레이닝 관람 혜택이 제공된다.",라이프
"""부정 승차 안 돼요""…에스알, 광주송정역서 올바른 승차권 이용 캠페인 에스알이 광주송정역에서 올바른 승차권 이용 문화 정착을 위한 캠페인을 했다. 이날 에스알 임직원들은 승차권 미소지 및 부정 승차 예방을 위한 홍보 활동을 했다. 에스알은 앞으로도 정기적인 캠페인을 통해 이용객 스스로 올바른 승차 문화를 실천할 수 있도록 안내할 계획이다.",사회/세계
"무효표가 2277표인데, 124표로 당락 결정… 충주시장 전국 첫 재검표 충주시장 선거 재검표가 진행중이다. 개의 무효표가 발견되어 124표 차로 당락이 결정된다. 재검표 결과는 이날 오후 6시 이후 나올 예정으로, 새로운 당선인이 확정될 수 있다.",정치
"청년 지원 vs 부실 우려…부동산 규제 의견 ‘팽팽’ 이억원 금융위원장이 15일 서울 은행회관에서 열린 부동산 금융정책 국민의견 경청 토론회에서 발언하고 있다. 주택가격 상승이 과도한 부실로 이어지지 않도록 고강도 규제를 지속해야 한다는 의견과 청년 등 실수요자 지원을 위해 규제를 일부 완화해야 한다는 의견이 나왔다. 부동산 정책의 성공을 위해선 ‘실수요자’의 정의를 재정립해야 한다는 의견도 나왔으며, 이를 통해 주택 구매가 어렵게 되는 청년층의 자산 격차 확대를 방지할 수 있을 것이다.",정치|경제
"박승원 광명시장 국토부 제2차관 면담 신천하·안신·림선 조속 추진 박승원 광명시장이 국토부 제2차관과 면담하여 신천·하안·신림선 조속 추진을 논의했다. 이번 면담에서는 신천·하안·신림선의 제5차 국가철도망 구축계획 반영과 민간투자사업 방식을 병행 추진하는 방안을 제안했다. 박 시장은 수도권 서남부 지역의 교통난 해소를 위해 선제적인 광역교통망 구축이 필요하다고 강조하며, 다양한 방식을 활용해 사업을 앞당기겠다는 뜻을 밝혔다.",사회/세계
"경남도 민선 9기 시장·군수 한 자리에 경남도 민선 9기 첫 번째 정책 회의를 열었다. 명의 시장·군수와 도정 목표인 '경남 대도약' 실현에 힘을 모으기로 했다. 시·군별 주요 현안 등을 논의하고, 도민의 상대적 박탈감과 시·군 재정 부담을 완화하기 위해 방안을 모색할 계획이다.",사회/세계
"SK오션플랜트, 해상풍력 용접에 협동로봇 투입…작업시간 절반 줄여 SK오션플랜트가 해상풍력 구조물 생산에 협동로봇을 도입했다. 이번 프로젝트에서는 44분에서 20분으로 작업시간이 줄어들었다. 이러한 전략은 글로벌 해상풍력 시장의 생산 경쟁력을 높이고 스마트 제조 기반을 강화할 계획이다.",IT/과학
"[촉석루] 진해의 미래를 잇는 길, CTX-진해선- 김순택(경남도의원) 김순택(경남도의원)이 CTX-진해선을 제안하여 진해의 미래를 잇는 길을 열었다. CTX-진해선은 창원중앙역에서 진해 중심부를 거쳐 진해신항과 가덕도신공항을 연결하는 새로운 교통체계다. 이제는 낡은 철길을 대신할 새로운 교통체계를 준비해야 하며, 경상남도와 창원시, 정치권과 지역사회가 끝까지 힘을 모아야 한다.",문화/트렌드
"""미국 물가 둔화에 달러 약세""...금, 중동 불안에도 4,000달러 사수 미국 물가 둔화에 따른 달러 약세로 금이 4,000달러 지지선을 유지하고 있다. 금의 현재 가격은 4,029달러이고, 50기간 지수이동평균선인 4,077달러와 200기간 지수이동평균선인 4,205달러를 밑돌아 매도세가 여전히 우세하다. 미국 경제지표와 연준의 금리 전망, 중동 전쟁 전개가 향후 변동성을 좌우할 전망이다.",경제
"부산서 IYF 교육포럼 개최…16개국 교육계 인사 미래교육 논의 부산에서 IYF 교육포럼이 열려 인공지능 시대의 미래교육 방향을 논의했다. 개국에서 총장, 부총장, 교수 등 26명이 참가해 디딤돌 기법을 활용한 창의적 문제해결 방안을 모색했다. 이번 포럼에서는 리더십을 인성 기반 역량으로 해석하고 교류를 실질적 가치로 평가하며, 마인드교육을 사고력, 자제력, 교류라는 세 가지 요소로 평가했다.",IT/과학
"“개표소 방화 징후”… 거짓 유포 유튜버 송치 유튜버 송치, '개표소 방화 징후' 등 허위정보 게시. 만7000명 구독자 유튜브 채널에서 1000만원 수익 챙긴 것으로 드러났다. 경찰은 AI를 활용해 허위사실을 그럴듯하게 퍼뜨리는 행위를 엄정 대응하겠다고 말했다.",사회/세계
"이시영, 학비 6억 국제학교 아들과 파인다이닝...""샤넬 원피스도 준비했... 배우 이시영이 첫째 아들과 파인다이닝을 즐겼다. 총 학비가 6억 원 대에 이르는 국제학교에서 교육을 받고 있다. 이시영은 홀로 1남 1녀를 키우며 딸의 출산까지 성공해 화제를 모았다.",문화/트렌드
"슬리피, 주식 수익 122%인데…""아들 수술비로 다 날아갔다"" [마데핫리뷰... 랩퍼 슬리피의 아들 수술비로 주식 수익 122% 날아갔다. 만 9500원으로 수술비가 나왔으며, 주식 투자 수익이 다 날아갔다. 슬리피는 충격적인 이야기를 드려야 한다.",문화/트렌드
폴란드 통계청장 안양시 스마트도시통합센터 방문 폴란드 통계청장 안양시 스마트도시통합센터 방문. 명으로 구성된 방문단이 15일 안양시 스마트도시통합센터를 찾아 인공지능(AI)과 빅데이터 기반 스마트도시 운영 사례를 견학했습니다. 안양시는 이번 방문에서도 실시간 도시 데이터 활용 사례와 AI 기반 행정서비스를 소개하며 데이터가 도시 운영 효율성과 시민 안전 강화에 활용되는 과정을 설명했습니다.,IT/과학
"이 대통령 “술자리서 옆에 젊은 이성 앉히지 마라” 이 대통령은 최근 술자리 갑질 의혹으로 사망한 여성 소방관을 염두에 둔 듯 작심 발언하는 것으로 보인다. 이 대통령은 빚 탕감 필요성을 강조하며, 도덕적 해이를 지적하는 건 선동이라고 비판했다. 이 대통령의 이러한 발언은 국민의힘에서 무차별 빟 탕감은 성실하게 갚아온 국민에게 허탈감을 남긴다며 정의도 공정도 아니라고 비판했다.",정치
"특검, '양평고속도로 노선 변경 의혹' 원희룡 압수수색 양평고속도로 노선 변경 의혹에 대한 특검의 압수수색이 진행됐다. 압수수색 과정에서 원희룡 전 국토교통부 장관의 휴대전화를 압수했다. 원 전 장관은 특혜 논란을 받고 있으며, 특검이 정치적 의혹을 근거로 법에 없는 책임을 씌우려 한다면 그것은 권한 남용이자 법치 훼손이라며 대응할 것.",사회/세계
"'계엄 정당화 메시지' 김태효, 구속적부심 청구…내일 오후 진행 김태효 전 국가안보실 1차장이 구속적부심을 청구했다. 일 오후 2시10분 심문기일이 진행할 예정이다. 계엄 정당화 메시지 전달 혐의로 구속된 김태효 전 국가안보실 1차장은 내란 중요임무 종사 및 직권남용 권리행사 방해 혐의를 받는다.",정치
"與 대표 선거 선호투표제로 결정…김민석·정청래·송영길, 3강 경쟁 가... 민주당 8·17 전당대회 당 대표 선거가 선호투표제 방식으로 진행된다. 명의 후보가 출전하며, 전략지역 대의원과 권리당원 표에 가중치가 주어진다. 후보 간 경쟁은 가열 양상으로, 김민석·정청래·송영길 3강 경쟁이 예상되는 상황.",정치
"경찰, ‘직원 선거운동 동원 의혹’ 정이한 부친 병원 압수수색 경찰이 정이한 전 개혁신당 부산시장 후보의 부친이 운영하는 병원을 압수수색했다. 일 부산 부산진구 온그룹 계열사 병원에 직원 업무용 컴퓨터와 관련 문서 등을 확보했다. 정 전 후보의 부친은 의혹을 확인하는 차원에서 압수수색을 진행한 것.",사회/세계
"미군, 이란 추가 공습 개시…""호르무즈 해협 공격 능력 약화"" 미군이 호르무즈 해협에서 이란 군사 활동을 저지하기 위한 추가 군사작전에 돌입했다. 일(현지시간) 이란을 대상으로 새로운 군사작전을 시작한 미군 중부사령부는 6시(이란 현지시간 오후 2시)에 실시됐다. 양측의 충돌은 호르무즈 해협 통제권을 둘러싼 갈등에서 비롯됐으며, 이란은 해협에 대한 통제권을 주장하며 자국이 지정한 항로를 따르지 않는 선박을 위협하고 있다.",사회/세계
"미군 “이란 공격 재개…군사력 약화 목적” 미군이 이란에 대한 공습을 재개했다. 일 오전 6시, 미 중부사령부가 이란에 대한 공습을 개시했다. 이번 공격은 호르무즈 해협의 상선을 공격하는 데 사용되는 이란 군의 군사력을 추가로 약화하는 게 목적.",사회/세계
"트럼프 ""합의 안 되면 발전소 공격""…이란은 드론 반격 트럼프 대통령이 이란에 대한 공습을 강화하고, 발전소와 교량 등 민간 인프라를 공격하겠다고 경고했습니다. 미국과 이란의 물밑 대화 속 군사적 압박으로 대이란 공습은 나흔째 이어졌습니다. 이란 남부 군사시설을 집중적으로 타격했고, 부셰르 원자력 발전소 주변 곳곳에도 폭격이 이어졌습니다. 호르무즈 해협을 둘러싼 봉쇄와 공습이 격화되면서, 중동 정세는 한 치 앞을 내다보기 힘든 혼란 속으로 빠져들고 있습니다.",사회/세계
"하루 만에 통행료 또 말 바꿔…해협도 막았다 풀었다 '혼란' 트럼프 대통령이 하루 만에 통행료 정책을 바꿔 말한 것임. 화물 가치의 20%를 통행료로 받겠다는 계획을 철회하고, 누가도 해협이나 다른 해협에 통행료를 청구해선 안 된다고 생각함. 이란 원유 수출을 막아달라는 대이란 해상 봉쇄도 한 달 만에 다시 시작됐으며, 이란산 원유 판매도 허용했다가 다시 금지시키는 등 혼란만 가중시키고 있음.",사회/세계
"[김희철의 직업군인이야기(332)] 우승팀이 백악관 방문하는 미국의 3사체... 미국 3사체전이 130년의 전통을 갖고 있으며, 대통령배 미식축구경기는 각 학교별로 나누어 개최한다. 년에 다시 재개된 ‘3군 사관학교 체육대회’는 2002년 이준 장관 주관한 행사를 마지막으로 다시 폐지. 국군사관학교 통합이라는 미명하에 국군의 역사를 말살하고 육사를 폐지하여 국군을 무력화시키려는 책동이다.",문화/트렌드
"6월 자동차 수출액 67억 달러…역대 6월 중 최대치 월 자동차 수출액이 역대 6월 중 최대치를 달성했다. 억 1000만 달러, 작년 동월 대비 5.8% 증가. 올 하반기에는 임단협 등 노사관계, 중국업체의 글로벌 판매 확대, 제조업의 인공지능(AI) 전환 가속화 등 대내외 여건의 불확실성과 산업구조 변화가 지속될 것으로 예상되는 만큼.",경제
"“이과생은 안되고, 인문계만 됩니다”…창립 첫 인문계 채용 나선 ‘이... 효성그룹이 창립 첫 인문계 채용을 진행한다. 일부터 22일까지 인문대학 및 문과대학 학사·석사 학위 취득자 또는 올해 8월 졸업 예정자를 대상으로 신입사원 지원서를 받고 있다. 이번 채용은 글로벌 사업 확대에 맞춰 인문학적 사고와 외국어 역량을 갖춘 인재를 확보하기 위해 마련된 것임.",문화/트렌드
"대구 화공품·경북 전기전자 '쌍끌이'…6월 수출 43억8000만 달러 대구와 경북의 수출이 6월에 큰 폭으로 늘어났다. 억8000만 달러, 전년 동월 대비 21.5% 증가. 무역수지는 22억2000만 달러 흑자를 기록하며, 1년 전보다 18.7% 확대됐다.",경제
"검-경 '핑퐁'에 흘러가는 공소시효…민생 사건 피해자들 ""조속 처리를"" 인천지검 정문 주변에서 민생 사건 피해자들이 조속한 사건 처리를 촉구하는 집회·시위가 열리고 있다. 이달 말로 공소 시효가 다가와 경찰은 사기 등 지능 범죄에 대한 수사 경험이나 노하우가 부족하고, 검찰은 인력 부족 등으로 경찰 보완 역할을 하지 못해 일 처리가 제대로 이뤄지지 않고 있다. 이러한 상황에서 인천지검은 정원 대비 실 근무 검사 비율이 50%대 수준으로 심각한 인력 부족 문제를 겪고 있다.",사회/세계
"환자 링거에 대변 섞어 살해…日 엽기 간호사 체포 일본 간호사가 환자의 링거액에 대변을 넣어 살해한 충격적인 사건이 발생했다. 세 여성 간호사, 14일 체포. 해당 병원은 성명을 내고 이번 사건을 강력히 규탄하며 환자와 가족들에게 깊은 사과를 전했다. 용의자는 이 사건 후 해고됐으며, 조사 과정에서 범행을 부인 중이다.",사회/세계
"이 대통령, 오송참사 3주기 맞아 ""평범한 일상 걱정 없이 살 수 있도록 ... 이 대통령은 오송참사 3주기를 맞아 '평범한 일상 걱정 없이 살 수 있도록' 다짐을 내렸다. 일 오전 청주시의회 A의원 의원실을 비롯해 주거지와 차량, 지역구 사무실 등에 수사관을 보내 관련 자료를 확보했다. 이번 압수수색을 통해 확보한 컴퓨터와 휴대전화 등의 디지털 자료를 분석해 인터넷 접속 기록과 통신 내역 등을 확인하고 구체적인 범죄 사실을 규명할 계획이다.",정치
"남편에 ‘폭행’ 당한 결혼이주여성, 지역사회가 품었다 남편에 폭행당한 결혼이주여성, 지역사회가 품었다. 주 치료 의료비 지원 못 받아 성남시 등 7곳, 복지 안전망 구축. A씨의 배우자인 B씨는 수원지법 성남지원에서 징역 1년10월을 선고받았다.",사회/세계
"""가계대출 총량규제 풀어달라""…한 주택판매업자의 하소연 가계대출 총량규제 풀어달라.",경제
"대구·경북 권역응급의료센터 6곳 체제…중증환자 수용력 키운다 대구·경북 중증응급의료체계가 한층 강화될 전망이다. 곳의 전국 의료기관이 권역응급의료센터 역할을 수행하게 된다. 권역응급의료센터는 지역응급의료체계의 컨트롤타워 역할도 수행하며, 보건복지부는 매년 평가하고 운영성과를 차기 재지정과 상급종합병원 지정 등 보건의료 정책에도 반영할 방침이다.",라이프
"남종섭 경기도의회 의장, 전국 광역의회에 지방의회법 제정 연대 제안 남종섭 경기도의회 의장이 전국 광역의회에 지방의회법 제정 연대 제안을 했다. 일 인천광역시의회를 방문해 박종혁 인천시의회 의장 등과 간담회를 갖고 논의했다. 이제는 전국 시·도의회가 한목소리를 낼 때 지방의회의 독립성과 책임성을 높이는 제도적 변화를 앞당길 수 있다.",사회/세계
"“젊은 이성, 옆에 앉히지 마라”… 李, 공직사회 회식 문화 ‘경고’ 李 대통령이 청와대에서 공직사회 회식 문화 경고, 젊은 이성을 옆에 앉히지 말라는 경고를 내렸다. 명이 신청해 약 6.3대 1의 경쟁률을 보였다. 이 대통령은 각 부처의 업무보고가 끝날 때마다 '참관단한테 기회를 드리겠다'며 수시로 의견을 구했다.",정치
"트럼프 또 ""초토화"" 경고…'타코 하겠지' 버티는 이란 트럼프 대통령이 이란에 대한 초토화 경고를 내렸다. 미군은 대이란 해상봉쇄를 재개하고, 20여 척의 전함과 군용기 수백 대를 동원했다. 이란은 군사 맞대응을 강조하며, 홍해 바브엘만데브 해협까지 봉쇄하겠다고 위협하고 있다.",사회/세계
"與 차기 대표, 부산에 달렸다 부산 정치권이 2028년 총선을 앞두고 당권 다툼이 한창인 여야 권력구도 재편의 중심에 섰다. 김민석 전 총리 21.4%, 정 전 대표 20.1%로 팽팽한 민주당 당대표 적합도 조사 결과가 나왔다. 김 전 총리는 '4대 혁신 플랜'을 발표하며 정 전 대표와 차별화하고, 조국혁신당과는 민주당원·혁신당원 동의와 민주당 정체성 유지 등 3대 원칙 아래 통합 또는 연대를 추진하겠다는 구상을 내놨다.",정치
"충주시장 이동석 현 시장 당선 유지…재검표서 2표 변동 충주시장 이동석의 당선이 재확인됐다. 만2961표를 득표해 50.05%의 지지를 받았다. 재검표 작업에는 도내 선관위 소속 공무원 47명이 투입됐으며, 더불어민주당 최민희 의원과 국민의힘 윤상현 의원이 참관을 맡았다.",정치
울산 해수욕장 주변에서 윈드서핑하던 50대 사망 울산 해수욕장 주변에서 윈드서핑을 하던 50대 남성이 숨진 채 발견됐습니다. 해경은 약 50분 만인 오후 3시 40분쯤 의식과 호흡이 없는 남성을 발견했습니다. 해경은 정확한 사고 경위를 조사하고 있습니다.,사회/세계
"서인영 인지도 굴욕…길거리서 아무도 못 알아봤다 '충격' 가수 서인영이 인지도 굴욕을 당했다. 일 유튜브 채널 '개과천선 서인영'에는 '서인영 돈으로 코랑 양악까지 했다는 광희의 충격고백 (+스타제국,중소돌)'라는 제목의 영상이 공개됐다. 서인영은 홍보 좀 하겠다며 직접 홍보에 나섰다.",문화/트렌드
"내일도 남부·제주 장맛비...'폭염·폭우' 널뛰기 날씨 언제까지 폭염과 폭우가 반복되면서 재산 피해와 인명 피해가 심각하고, 시민들도 여름 나기가 버겁습니다. 이해 80mm의 비가 내릴 전망입니다. 19일 일요일에는 전국에 비가 내릴 전망입니다. 폭염과 폭우를 오가는 널뛰기 날씨는 7월 내내 이어질 것으로 보입니다.",라이프
"'싱글맘' 한그루, 26살부터 쌍둥이 독박육아 ""산후우울증 생각도"" [순간... 싱글맘 한그루가 쌍둥이 독박육아를 경험한 적이 있다. 세에 출산한 쌍둥이를 혼자 키워야 했다. 이혼 후 홀로 아이들을 키우는 것이 가장 힘들었다.",문화/트렌드
"프랑스 월드컵 탈락에 또 폭동…캐나다 전역 대형 산불 프랑스 월드컵 준결승에서 프랑스가 스페인에 패배하자, 축구 팬들이 거리로 뛰쳐나왔습니다. 이번에는 800명 가까이 체포됐으며, 캐나다 전역에 경찰 7만 명을 배치했습니다. 캐나다 온타리오주에서는 대형 산불이 발생해 인화물질을 실은 열차 3대가 멈췄습니다.",문화/트렌드|사회/세계
"""월드컵 결승 부담? 전혀 없다""...투헬, 라이스 선발 예고하며 아르헨티... 월드컵 결승 부담이 없는 토마스 투헬 감독의 말. 라이스의 몸 상태는 호전됐으며 선발 출전 가능성. 투헬 감독은 이 경기가 잉글랜드를 월드컵 결승으로 이끌 수 있는 기회.",문화/트렌드
"佛 태운 스페인 무적함대…16년 만에 월드컵 결승행(종합) 스페인 무적함대가 2026 북중미 월드컵 결승에 진출했다. 스페인은 프랑스를 2-0으로 이겼으며, 16년 만에 월드컵 결승전에 올랐다. 이 승리로 스페인은 오는 20일 잉글랜드-아르헨티나 준결승전 승자와 월드컵 우승 트로피를 놓고 격돌할 것이다.",문화/트렌드|사회/세계
"“15억주식, 2억 남았다…레버리지 파멸”주갤러의 마지막 글 한 투자자가 온라인 커뮤니티에서 '레버리지 파멸'을 경고하는 글을 올렸다. 억 원의 투자 자산이 2억 원으로 줄어들었다. A 씨는 돈이 인생의 전부가 아니라는 메시지를 전하며 주식을 그만두기로 마음 먹었다.",경제
"'더 안전한 내일로' 청주 오송 참사 3주기 추모행사 열려 청주 오송 지하차도 참사가 3주기를 맞이해 추모식을 열었다. 명의 목숨을 앗아간 참사로 인한 피해를 기억하고, 다시는 이런 비극이 반복되지 않도록 만드는 일은 아직 끝나지 않았다. 정부와 시민단체가 함께 추모식을 열어 희생자들의 넋을 기렸다.",사회/세계
"13조 자금의 향방… 코스피 7천선 회복에도 개인 레버리지 손실 왜? 코스피 7천선 회복에 개인 레버리지 손실 왜? 조원 넘게 몰린 개인 자금의 회전율이 100.39%로, 전체 ETF 시장의 6월 회전율(37.47%)보다 세 배 가까이 높다. 레버리지 상품 설계 자체가 바뀌어 기존 투자자에게는 또 다른 변수가 되며, 금융당국은 구체적인 시행 시점을 밝히지 않았다.",경제
"李대통령, 김용 재판부·검찰 직격…""구글 타임라인에도 해괴한 기소·유... 이재명 대통령, 김용 전 민주연구원 부원장의 구술을 직격하고 검찰의 이중잣대를 비판했다. 구글 타임라인이 특정사건에서만 무죄의 증거는 되지 못한다는 해괴한 결론으로 구글타임라인이 알리바이를 증명함에도 기소하고 유죄를 선고하는 건 참으로 이해하기 어렵다. 이 대통령은 정치검찰 조작기소를 특검하여 검찰권이 정치적으로 남용됐는지, 증거가 선택적으로 이용됐는지, 수사와 기소가 법이 아니라 정치에 따라 이루어졌는지를 국민 앞에 명확히 밝히기 위한 것.",정치
"[앵커 한마디] 팩트를 근거로 비판해야 년 11월 아세안 정상회의에서 한국의 영부인이 불참한 사실이 드러났다. 아세안 정상회의 공식 영부인 프로그램에 불참한 것은 상대국에 대한 결례라는 비판을 받았다. 그러나 대통령실은 '따뜻한 인도적 행보'라 엄호하고, 일정은 개별적으로 정하는 것이라고 해명했다.",사회/세계
"장윤기 사건 '축소·은폐' 광주경찰청 압수수색...윗선 정조준 장윤기 사건이 광주경찰청에서 축소·은폐 의혹으로 수사 중이다. 검찰은 당시 수사팀원 4명을 입건하고, 경찰 특별수사단은 장윤기 아버지와 통화한 사실을 확인했다. 경찰과 검찰은 윗선의 지시가 있었는지, 혐의 축소 요구나 금전적 대가가 있었는지도 살피고 있다.",사회/세계
"[단독] ""집사람 손해 봤다"" 尹 발언‥'송치' 두고 검·경 이견 윤석열 전 대통령이 아내 김건희 씨의 도이치모터스 주가조작 의혹을 부인한 발언이 공직선거법 위반 가능성으로 의견 차를 보인다. 警察청 3대 특검 인계사건 특별수사본부는 윤 전 대통령의 지난 20대 대선 당시 발언이 공직선거法상 허위사실공표죄가 인정된다고 보고. 檢찰은 김 씨가 실제로 4천만 원의 손실이 발생했던 점을 근거로 들었으며, 공직선거법 위반 사건의 공소시효는 다음 달 말쯤 만료될 것으로 보인다.",정치
"아워홈 용인공장 끼임사고 하청 노동자, 치료 중 37일 만에 숨져 아워홈 용인공장에서 50대 하청업체 근로자가 기계에 끼이는 사고를 당한 후 37일 만에 숨졌다. 사고 직후 심정지 상태로 이송돼 아주대병원에서 치료를 받아온 A씨가 사망했다. 이 사건으로 경찰은 아워홈과 하청업체 안전관리자 각 1명을 형사 입건하고, 재발 방지를 위해 총력을 기울일 것.",사회/세계
"BTS 나설 하프타임쇼, 룰도 깼다…""미국 국가는 왜"" 불만 폭발 BTS가 하프타임쇼를 열다. 개 팀이 참가한 월드컵, 15분간 쉬어가는 하프타임쇼는 26분으로 늘어났다. 월드컵이 미국의 입김에 휘둘리는 지적이 나왔으며, 트럼프 대통령의 조치로 스캔들이 남겼다.",문화/트렌드
"美 “이란 협상 안 하면 발전소 폭격”…통행료는 하루만에 철회 미국 대통령 트럼프가 이란을 향해 강력한 공격을 경고했다. 이란 항구와 연안 지역에 대한 해상 봉쇄를 재개하고, 20척 이상의 전함과 군용기 수백 대가 작전을 수행하고 있다. 트럼프 대통령은 호르무즈 통행료 구상을 하루 만에 철회하고, 중동 주요국이 미국에 대규모 무역·투자를 하는 방식으로 통행료를 대체할 것이라고 주장했다.",사회/세계
"연준 긴축 공포 사라지자 폭발한 암호화폐…비트코인 6만 5,000달러 눈앞 비트코인 가격이 6만 5,000달러에 근접한 가운데 주요 암호화폐가 일제히 상승했다. 미국 6월 소비자물가지수(CPI)가 시장 예상보다 크게 둔화하면서 연준의 추가 금리 인상 가능성이 급격히 낮아졌다. 거시경제 환경 변화에 암호화폐 시장도 즉각 반응해 비트코인이 24시간 동안 3.6% 올라 6만 4,800달러에 근접했다.",경제
"미군, 이란 공습 재개…""상선 공격한 이란의 군사력 약화 목적"" 미군이란 공습을 재개했다. 일 오전 6시 새로운 공습을 시작하고 이란군의 군사적 능력을 약화하기 위한 것. 이란 남부 해안과 호르무즈 해협 일대 목표물을 타격한 후 한국시간 15일 오전 5시를 기해 이란 항구와 해안 지역을 오가는 선박에 대한 해상봉쇄도 재개.",사회/세계
"미군, 이란 추가 공습 “호르무즈 해협 군사력 약화 목적” 미군이 호르무즈 해협 상선을 공격하는 이란의 군사 능력을 약화하기 위한 공습을 시작했다. 일 오전 6시, 이란 시간으로 오후 2시에 단행된 공습은 이란 남부 호르무즈 연안의 이란 군사시설을 폭격한 미국의 에너지 수송을 봉쇄하겠다고 경고한 이란에 대한 대응이었다. 이번 공습은 이란이 호르무즈 해협을 지나는 상선을 공격하자 미국이 제시하는 조건에 합의하지 않으면 발전소와 교량 등으로 공격을 확대하겠다고 경고한 트럼프 대통령의 경고를 따랐다.",사회/세계
"“데이터센터 지으면 전기료 올라”…뉴욕주지사, 신규건설 1년 유예 뉴욕주지사가 데이터센터 건설을 1년간 유예하는 조치를 도입했다. MW급 이상 전력을 사용하는 대형 데이터센터를 건설할 때 환경 허가를 최대 1년간 한시적으로 중단하는 행정명령에 서명했다. 뉴욕주는 전력 소비자 보호 조치를 마련하고 데이터센터 건립이 환경에 미치는 영향을 평가할 계획이다.",IT/과학
"군장대학교, 美 ALAI와 메디컬 에스테틱 인재 양성 MOU 체결 군장대학교와 미국의 ALAI가 메디컬 에스테틱 인재 양성을 위한 MOU를 체결했다. 이번 협약을 통해 양 기관은 국제 수준의 직업교육 프로그램을 개발·운영하고, 재학생 및 유학생에게 실질적인 국제 인증 프로그램과 해외 취업 기회를 제공할 계획이다. 군장대학교는 앞으로도 ALAI와 지속적으로 관계자 및 실무자 협의를 이어가며 글로벌 인재 양성에 힘쓸 계획이라고 전했다.",IT/과학
"미·이란 닷새째 '보복의 악순환'…부셰르 원전 인근 또 공습 미국과 이란 간의 무력 충돌이 닷새째 이어졌다. 이란 군 당국은 7명이 사망하고, 총 30명의 사망자가 늘어났다. 이란 혁명수비대는 호르무즈 해협을 봉쇄하고, 미국의 악행이 완전히 종식될 때까지 유지할 것이라고 경고했다.",사회/세계
"[타볼까]메르세데스-AMG GT 43, 패스트백 실용성 갖췄지만 2톤 차체는 부... 메르세데스-AMG GT 43이 국내 판매에 들어간다. 최고출력 389마력, 최대토크 51.0kg·m, 공차중량 2085kg. 고성능 모델의 분위기를 유지하면서 장거리 주행과 일상 이용까지 고려한 그랜드 투어러 성격이 짙다.",문화/트렌드
"[은평 소식] 은평구, '제헌절 태극기 게양 챌린지' 진행···태극기 달고... 은평구, '제헌절 태극기 게양 챌린지' 진행···태극기 달고... 곳 민간숙박시설 664명 수용. '가치더하기 프로젝트' 운영···자원순환과 탄소중립 실천.",사회/세계
"군산시의회, 상반기 주요업무보고 착수…적정성 집중 점검 군산시의회가 2026년도 상반기 주요업무보고를 시작한다. 일간 15일부터 22일까지 진행되는 업무보고는 시정 운영 방향과 정책 우선순위를 점검하는 데 중점을 두고 있다. 이번 업무보고는 시민의 의견이 시정에 반영되도록 감시와 견제 기능을 수행하며, 정책 문제점을 조기에 보완하고 성과 중심의 행정을 유도하기 위해 개선 요구와 정책 제언을 병행할 계획이다.",정치
"채리나 ""신정환, 군 시절부터 습관성 불법 저질러"" 과거 폭로[스타이슈... 신정환의 과거를 폭로한 채리나가 있는 유튜브 동영상을 공개했다. 일 공개된 동영상에는 신정환이 채리나에게 선물을 주었다는 사실이 드러났다. 채리나는 이에 대해 '오빠가 습관성 불법 저질러'라며 현장을 초토화했다.",문화/트렌드
"비트코인·이더리움 숨 고르기…중동 긴장에 변동성 주의 비트코인과 이더리움이 미국 물가 둔화 지표에 힘입어 상승한 뒤 아시아·유럽 장에서 '숨 고르기' 흐름을 보이고 있다. 시간 기준 3% 이상 상승했지만, 협정 세계시(UTC) 자정 이후에는 0.6% 하락했고, 전일 1895달러(약 282만 원)로 6월 초以来 최고가를 찍었다. 지정학적 변수는 단기 리스크로 남아 있지만, 시장은 현재 '안정적인 변동성 환경' 속에서 상방을 탐색하고 있다.",경제|사회/세계
"[창간 21주년 특집] 정재헌의 SK텔레콤, 고객 중심의 ESG 선도 SK텔레콤의 정재헌 대표이사가 ESG 경영을 선도하고 고객 중심으로 운영하고 있다. 년 SK텔레콤은 통신업 응답자의 46%의 지지를 얻으며 압도적인 1위에 올랐다. SK텔레콤은 지속가능한 기술 혁신을 추진하고 있으며, 2050 넷제로 달성을 위해 기후변화 대응, 환경경영 시스템 고도화, 그린 컬쳐 조성을 3대 추진 과제로 수립해 실행 중이다.",IT/과학
"진주상공회의소, CEO 조찬 세미나 개최 진주상공회의소가 CEO 조찬 세미나를 개최했다. 여 명이 참석한 가운데 진행됐다. 지리적 상상력의 중요성을 강조하며 지역 기업인들의 경영 역량을 높일 수 있는 교육과 세미나를 지속적으로 마련할 계획이다.",사회/세계
"[TOP이슈] 김수현, 1년 4개월만 활동 재개→받은 대본만 40편? '넉오프' ... TOP스타 김수현, 1년 4개월 만에 활동을 재개. 편 이상의 대본이 앞으로 공개될 예정. '넉오프' 드라마의 공개 시기도 관심이 쏠린다.",문화/트렌드
"‘124표 차’ 충주시장 선거, ‘뒤집기’는 없었다···‘26표’ 부산시... 충주시장 선거 재검표가 진행됐지만 결과는 달라지지 않았다. 재검표에서는 2277표가 무효표로 나왔으며, 맹 후보 득표수가 1표 줄고, 맹 후보 득표수가 1표 늘어났다. 이번 지방선거는 예상보다 치열한 접전 양상에다 부실 선거 논란이 불거지면서 여러 지역에서 선거 소청이 제기됐다.",문화/트렌드
"충주시장 선거 재검표 결과, 당선자 '변동 없어' 충주시장 선거 재검표 결과, 당선자 '변동 없어'... ·3 지방선거 충북 충주시장 선거 재검표 결과, 표차가 122표 차로 좁혀졌다. 이번 재검표는 무효표 2천277표를 포함한 10만8천여장의 투표용지를 수작업으로 재확인하는 방식으로 진행됐다.",정치
"'충주시장 재검표'서 이동석 당선 재확인 충주시장 재검표가 진행됐으며, 이동석 시장의 당선이 다시 한번 확인됐다. 재검표 결과, 이동석 시장이 5만2천961표, 맹정섭 전 후보가 5만2천839표를 얻어 122표 차로 승리를 유지했다. 이번 재검표는 맹 전 후보가 제기한 당선무효 소청에 따른 증거조사 절차였다.",정치
이변은 없었다…이동석 당선 유지 이변은 없었다…이동석 당선 유지. 재검표 결과에 따라 선관위는 당선무효 소청을 기각할 것으로 보인다. 150여명이 참여한 가운데 비공개로 진행됐다. 이번 재검표는 충북지역에서 선거 재검표가 진행되는 것은 2014년 괴산군의원 선거 이후 12년 만이다.,정치
"대한항공, '2026 대한민국 드론·UAM 박람회'서 AI·무인기·디지털 MRO 등... 대한항공이 '2026 대한민국 드론·UAM 박람회'에 참가해 AI 기반 무인기 플랫폼과 차세대 관제 시스템 등을 선보인다. 대한항공은 5조199억 원의 2분기 매출을 기록하며 전년 동기 대비 1조340억 원(26%) 증가했으나 영업이익은 2618억 원으로 줄었다. 이번 전시를 통해 대한항공의 전략 기술을 국내외 시장에 알리고, 지속적 기술 혁신으로 항공우주산업의 디지털 전환을 선도하겠다.",IT/과학
"광희, 턱 수술해 준 의사가 진짜 잘해...""난 발음도 안 새"" 역대급 성형... 황광희가 유튜브 채널 '개과천선 서인영'에서 턱 수술을 주제로 한 영상을 공개했다. 이 영상에서는 광희가 자신의 턱 수술 결과에 대한 강한 자부심을 드러내며 성형 비하인드를 털어놓았다. 이 사건은 서인영의 인성과 성형 욕심을 드러내는 예시로 작용하며, 많은 사람들의 관심을 끌었다.",문화/트렌드
"""28년이 지났지만 여전히 아프다""...아르헨티나에 월드컵 꿈 빼앗긴 시어... 앨런 시어러가 28년 전의 아르헨티나와의 월드컵 패배를 회상하며, 잉글랜드 대표팀이 이번 대회에서 같은 후회를 남기지 않아야 한다고 강조했다. 시어러는 잉글랜드가 1998년 프랑스 월드컵 16강전에서 아르헨티나에 승부차기 패배를 당한 경험이 있는 팀으로, 이번 대회에서도 같은 가능성을 보고 있다. 시어러는 잉글랜드가 이번 대회에서 메시를 조용하게 만들고, 다른 싸움이 벌어진다면 승리할 수 있다고 전망했다.",문화/트렌드
"코스피, 미국 물가안정세에 7200선 상승 마감 코스피가 미국 물가안정세 등 영향으로 상승마감했다. 일 코스피는 전 거래일 대비 427.58포인트(6.24%) 오른 7,284.41로 거래를 마쳤다. 이러한 물가 안정세에 긴축 우려가 후퇴했고, 위험자산 선호 심리도 빠르게 회복됐다.",경제
"코스피, 7000선 탈환 성공...아시아 증시 상승에도 중국 시장만 '미끌' 코스피가 7.1% 폭등해 아시아 증시 상승세를 주도했다. SK하이닉스는 9.4%, 삼성전자는 6.1% 상승하며 반도체주 반등을 주도했다. 중국 상하이종합지수는 0.4% 하락하고 2분기 경제성장률은 4.3%로 둔화됐다.",경제
"비트코인 3주 고점 부근 유지·이더리움도 강세 비트코인이 최근 3주 고점 부근에서 안정세를 보였다. 이더리움도 6월 3일 이후 높은 수준에 머물렀다. HYPE는 4% 상승했으며, LIT는 2.76달러 부근까지 오른 뒤 차익 실현 영향으로 상승세가 둔화됐다. 미·이란 긴장이 상승 폭을 제한했지만, 미국 인플레이션 지표가 예상보다 낮게 나오며 가격 상승을 뒷받침했다.",경제
"김숙, 금연 학교 개교 예정 ""탈출 막기 위해 담장에 전기 시스템..몸수색... 김숙이 흡연자들을 위한 금연 학교를 만들겠다고 선언해 웃음을 안겼다. 일 유튜브 채널 '비보티비'에는 '※레전드 사연 탄생※ 김숙 '넌 무슨 병문안 가서 환자를 헷갈리니..'라는 제목의 영상이 공개됐다. 김숙은 금연 학교를 개교할 생각을 밝혔으며, 신기루는 탈출 이야기를 꺼내자 '담장에 전기 시스템을 만들어서 지져버리겠다'고 말해 폭소를 자아냈다.",문화/트렌드
"[영상] 김재원, ‘청청도 완벽 소화’…달콤한 미소에 심쿵 김재원, 이탈리아 럭셔리 하우스 펜디의 마리아 그라치아 키우리 하우스 데뷔 컬렉션 2026 윈터 컬렉션 런칭 기념 포토콜에 참석해 포토타임을 가졌다. 일 오후 서울시 강남구 팔라초 펜디에서 열린 이탈리아 럭셔리 하우스 펜디의 마리아 그라치아 키우리 하우스 데뷔 컬렉션 2026 윈터 컬렉션 런칭 기념 포토콜에 참석한 인원은 100명 이상이었다. 이탈리아 럭셔리 하우스 펜디의 마리아 그라치아 키우리 하우스 데뷔 컬렉션 2026 윈터 컬렉션 런칭 기념 포토콜은 큰 성공을 거두었다.",문화/트렌드
"이 대통령 ""오송 비극 잊어선 안 돼…과하다 싶을 정도로 대비"" 이 대통령이 오송 지하차도 참사 3주기를 맞아 추모하고, 국가의 제1책무는 국민의 생명과 안전을 지키는 것임을 잊지 않겠다고 강조했다. 참사 3주기 추모식에는 14명의 희생자들이 포함됐으며, 이 대통령은 재난 취약지역을 철저히 점검하고 위험이 감지되는 즉시 통제와 대피가 이뤄질 수 있도록 대응체계를 빈틈없이 갖추겠다고 약속했다. 이 대통령은 오송 지하차도 참사 3주기를 맞아 '국가의 제1책무는 국민의 생명과 안전을 지키는 것임을 잊지 않겠다'며 희생자들을 추모하고, 국가의 대비를 강조했다.",정치
"이 대통령 ""구글 타임라인 특정사건서만 증거 못된다 결론…이해하기 어... 이 대통령은 구체적 증거를 요구하고 구글 타임라인의 신뢰성을 문제삼았다. 구글 타임ライン에 대한 검찰의 이중잣대는 정치검찰 조작기소의 실체를 드러내야 한다고 주장했다. 이 대통령은 형사소송법을 강조하며 증거의 중요성을 역설하고 특검으로 책임을 물어야 한다고 말했다.",정치
"프랑스, 우크라에 ‘러 본토 타격용’ 순항미사일 설계도 전달 프랑스가 우크라이나에 '러 본토 타격용' 순항미사일 설계도를 제공. 프랑스는 15일 프랑스 파리에서 우크라이나 대통령과 국방 협정에 서명. 이번 협정으로 우크라이나는 프랑스산 최신예 라팔 전투기 16대를 신규 주문하고, 첨단 지대공 방공 시스템인 '샘프티' 4개 포대를 도입하기로 확정.",사회/세계
"李, 김용 재판부·檢 비판 “구글 타임라인 알리바이 증명에도 기소·유... 이재명 대통령이 김용 전 민주연구원 부원장 사건을 비판하며 검찰의 '이중잣대'를 특검으로 규명해야 한다는 주장에 힘을 실었다. 년 7월 15일 청와대 영빈관에서 열린 재정경제부, 국가데이터처, 금융위원회, 기획예산처 업무보고에서 이 대통령이 발언을 청취하고 있다. 이 대통령은 정치검찰 조작기소 특검을 요구하며, 검찰의 선택적 법집행을 비판하고 있다.",정치
"미, 물가 둔화했지만 전쟁이 변수…연준 고민 깊어져 미국 소비자 물가 둔화, 6월 물가 상승률 3.5%로 전달 대비 하락. 에너지 가격이 5.7%, 휘발유가 9.7% 떨어졌으며, 국제유가가 다시 급등하고 있어 연준의 고민이 깊어졌다. 트럼프 대통령은 인플레이션을 낮게 평가하며 금리 인하 필요성을 압박하고 나섰지만, 연준 의장 케빈 워시는 정치와 통화정책을 분리해야 한다고 주장.",경제|사회/세계
"재검표까지 간 충주시장 선거, 결과는 그대로 충주시장 선거 재검표, 결과는 그대로. 재검표 결과 표차 122표로 2표 줄어들었다. 이번 선거는 일부 정정이 이뤄진 끝에 결국 당선자가 재확인됐다.",정치
"[속보] '124표 차이' 충주시장, 재검표 결과…당선자 변동 없어 충주시장 선거 재검표 결과, 124표 차이 줄어 122표로 좁혀졌다. 재검표 결과, 무효표 2000여표와 10만8000여장의 투표용지를 일일이 재확인한 것임. 이벤트는 개표 사무원의 전문성이나 현장 상황에 따라 무효표 판정 기준에 미세한 차이가 발생할 수 있는 일로 유의미한 수치는 아니다.",정치
이동석 충주시장 당선 재확인...재검표 결과 '122표 차'로 단축 충주시장 선거 재검표 결과 이동석 현 시장의 당선이 최종 재확인됐다. 만2961표를 얻은 것으로 나타났다. 선거 당락을 바꿀 만한 유의미한 수치는 아니다.,정치
"임미애 의원 민주당 최고위원 도전 “영남 관점 목소리 내겠다” 민주당 최고위원 도전하는 임미애 의원, 영남 관점 목소리 내겠다고 선언했다. 임 의원은 2024년 6월 강민구 민주당 대구시당위원장이 지명직 최고위원으로 선임되고, 올해 2월에는 박규환(영주-영양-봉화) 전 지역위원장이 지명직 최고위원에 발탁된 바 있다. 이번 도전은 수도권 현역 국회의원 중심의 지도부에 풀뿌리 정치와 당 취약지역의 시각을 반영하겠다는 의지다.",정치
"""피해자 지운 검찰개혁은 개혁 아니다""…'부실 수사' 겪은 피해자들의 ... 피해자 지운 검찰개혁은 개혁 아니다. 명의 범죄 피해자가 보완수사권 폐지에 반대. '실패한 초동수사' 공백, 보완수사가 메웠는데….",정치
"영국 차기 총리로 버넘 확실시…20일 총리 취임 전망 영국 차기 총리로 앤디 버넘이 확정됐다. 앤디 버넘 의원은 349명의 지지를 모아 노동당 대표 경선 후보 지명이 시작된 지난 9일부터 13일까지 노동당 의원 403명 가운데 87%를 달성했다. 앤디 버넘이 차기 총리로 취임할 것으로 보이며, 그는 협력의 정치를 세우고 중앙의 권한을 국민과 지역의 손에 돌려드리겠다고 말했다.",정치
"법사위, 종합특검 30일 연장·수사 대상 확대 의결 국회 법제사법위원회가 종합특검의 수사 기간을 30일 추가 연장하는 내용을 담은 특검법 개정안을 의결했다. 이번에 확정된 특검법 개정안에서는 공무원 등이 직무유기, 직권남용, 공무상 비밀누설 등을 통해 감사를 방해한 행위와 범인 도피죄를 수사 대상에 포함하도록 했다. 종합특검이 3대 특검과 관련한 사건을 이어받아 수사할 수 있도록 협조 체계도 마련했다.",정치
"국민의힘 보좌진협의회, 36대 운영진 인선 완료…박현영 회장 체제 출범 국민의힘 보좌진협의회가 36대 운영진 인선 완료, 박현영 회장이 체제를 출범시켰다. 이번 인선에서는 감사에 조병수 보좌관, 수석부회장에 최병현 보좌관 등 20명이 임명됐다. 박현영 회장은 '문턱은 낮게! 도움은 확실하게!'를 실천하며, 동료 보좌진의 권익 증진에 힘쓸 수 있는 인선에 중점을 뒀다.",정치
"[포토] ‘AI 시대 의료혁신 생태계와 미래도시 전략’ 포럼 'AI 시대 의료혁신 생태계와 미래도시 전략' 포럼이 열렸다. 포럼에 참여한 인사로는 이형철 원장, 정종석 명예연구위원, 이기종 대표이사가 포함됐다. 이러한 포럼은 의료혁신을 위한 새로운 방안을 모색하는 데 기여할 것으로 보인다.",IT/과학
"트럼프, 호르무즈 통행료 번복…이란, 통제권 굳히기 나서 트럼프 미국 대통령이 호르무즈 해협 통행료를 중동 국가들과 맺을 무역과 투자 협정으로 대체하기로 했다. 호르무즈 해협 통제권 확보를 위한 이란 의회의 법안 발의, 4개월여 만에 다시 문을 연. 이란은 호르무즈 해협의 공동 연안국인 오만에게 새로운 항로를 제시하는 등 공동 관리를 설득하고 있다.",사회/세계
"트럼프, 내주 발전소 공격...이란, 끝까지 항전 트럼프 대통령이 이란에 대한 해상 봉쇄를 재개하고, 7시간 동안 호르무즈 해협 인근과 해안 지역의 군사시설 수십 곳을 집중 타격했습니다. 미국은 20여 척의 해군 전함과 군용기 수백 대를 작전 수행 중입니다. 이란은 즉각 반격에 나섰습니다. 이란은 신념을 지키며, 영토 한 치도 내주지 않을 것입니다. 최종 승리를 거둘 때까지 군사적 대응을 멈추지 않겠다며 강경한 입장을 거듭 확인했습니다.",사회/세계
"트럼프, 성추행 피해자에 80억 원대 배상금 지급 트럼프 미국 대통령이 성추행 피해자에게 배상금을 지급하게 됐다. 약 80억 원대 배상금이 책정됐으며, 이에 대한 상고를 기각했다. 이 판결은 성폭력 피해자의 권리를 보호하는 데 중요한 의미를 가질 것으로 보인다.",사회/세계
"MLB 승률 1위 LA 다저스가 불안하다? 전반기 막판 3연패 늪→뉴욕 양키스... LA 다저스가 불안한 전망을 보이고 있다. 61승 36패의 승률을 기록했지만, 최근 7경기 중 2승 5패로 성적이 좋지 않다. 전반기 막판 3연패를 당해 지구 2위 애리조나 다이아몬드백스와 홈 3연전을 모두 내줬다. 11일부터 13일까지 펼친 애리조나와 홈 3연전에서 3득점, 2득점, 3득점을 기록했다. 후반기 초반에 만나는 양키스와 필라델피아의 전력이 만만치 않다는 점도 눈에 띈다. LA 다저스는 올 시즌 MLB 승률 1위를 질주하고 있다.",문화/트렌드
"미국서 기생충 감염 사이클로스포리아증 환자 급증 미국서 기생충 감염으로 발병하는 '사이클로스포리아증'이 급증하고 있다. 지난 5월 1일 이후 1천645명에 달하는 것으로, 이는 지난해 같은 기간 249명의 6.6배에 달하는 것으로. 질병통제예방센터는 사이클로스포리아증이 오염된 상추나 고추 등을 섭취할 때 감염된다며 멕시코 음식점 '타코벨' 매장 연관성을 조사하고 있다.",경제
"이란, 미국 해상봉쇄 맞서 '그림자 선단' 구축 이란이 미국의 해상봉쇄에 맞서 '그림자 선단'을 구성한 것으로 보인다. 척의 선박 중 10척에는 원유 등 화물이 실려있는 상태였던 것으로 알려졌습니다. 이란은 미국의 해상봉쇄를 피하기 위해 이러한 조치를 취한 것으로 추정된다.",사회/세계
"전남광주 국립의대 신설, 필수의료 빠진 ‘유치 경쟁’ 매몰 전남광주 국립의대 신설 논의가 36년간 숙원이던 필수의료 확충을 놓치게 한 '유치 경쟁' 매몰에 빠졌다. 목포대와 순천대가 2024년 11월15일 작성한 '대학통합 합의서' 5항에는 한 대학이 기한 안에 설립 요건을 갖추지 못하면 다른 대학이 정원을 먼저 받은 뒤 통합대학으로 넘기도록 한다는 내용이 있다. 박재만 참여자치21 공동대표는 '골든타임을 놓친다면 지역 의료 붕괴 책임은 두 대학이 져야 할 것'이라며 '지역민에게 도움이 되는 방향으로 양보하고 조정해야 한다'고 말했다.",사회/세계
"이 대통령 ""삼전닉스 단일종목 레버리지 보완책 마련해야"" 이 대통령이 단일종목 레버리지 상장지수펀드(ETF)에 대한 신속한 보완책 마련을 공개 지시했습니다. 이 대통령은 최근 관련 문제를 공개적으로 제기해 온 이찬진 금융감독원장도 언급했습니다. 이 대통령의 지시에 따라 업계는 자율규제 방안을 마련하고, 당국 차원의 제도 개선 논의도 속도를 낼 것으로 보입니다.",정치|경제
"[BE.현장] 부산이 나아가는 '길'… U-18팀 정혁목 감독, ""볼 돌리는 횟수... 부산 U-18팀의 정혁목 감독이 K리그 U-18‧17 챔피언십에서 울산 HD U-18팀에게 5-2로 패배했다. 정혁목 감독은 올해부터 K리그 유스 디렉터 직무를 맡아 팀을 이끌어가고 있으며, 부산의 유스 모델 구축을 목표로 하고 있다. 정혁목 감독은 K리그 클럽들이 유소년 레벨업에 더 적극성을 가져야 한다고 강조하며, 유스 선수들은 빠르게 성인 무대로 올라가 훈련과 실전에 임해야 한다.",문화/트렌드
"미 중부군, ""이란 미사일 기지 소재한 툰브섬 공습"" 미 중부군이 이란의 그레이터 툰브 섬을 공습했다. 일 오후 3시(한국시간 저녁 8시반)에 공습이 진행됐다. 이란 군사 및 미사일 기지가 있는 지역을 대상으로 공격한 것으로 추정된다.",사회/세계
"""더위에 지쳤어요"" '삼복 더위' 시작 삼복 더위의 시작인 초복을 맞아 제주에는 종일 무더위가 이어졌습니다. 제주시의 낮 최고기온은 33.6도까지 올랐고, 최고 체감온도는 34도에 달했습니다. 제주는 바닷바람이 불어서 조금 괜찮은데 습해서 더 더운 것 같아요.",라이프
"잇따른 차량 추락 '풍덩'...안전 기준 '무용지물' 서귀포항에서 차량이 바다로 추락해 한 명이 병원에 이송됐다는 소식. 해양수산부는 항포구 내 차막이 설계 기준을 명시해 두고 있는데, 기준 자체가 낮아 사고를 막기엔 역부족인 데다. 해양수산부는 잇따르는 항포구 안전 사고를 막기 위해 관련 기준을 강화하는 방안을 논의 중이라고 밝혔습니다.",사회/세계
"후덕해진 송민호, 3개월 전 모습 비교해 보니..병역 논란 속 달라진 얼굴... 송민호, 7월 14일 서울서부지법에서 사회복무요원 복무 관리 책임자 A씨의 병역법 위반 혐의 세 번째 공판에 증인으로 참석했다. 송민호는 2023년 3월부터 2024년 12월까지 사회복무요원으로 복무했으며, 총 102일을 무단 결근했다고 보고 있다. 송민호는 병역법 위반 혐의를 받고 있는 전 위너 출신으로, 복무 당시 컨디션 문제로 출근이 어려운 날 A씨에게 건강상의 이유를 전달한 적이 있다고 주장하고 있다.",문화/트렌드
"강경화 ""쿠팡, 생각보다 오래가는 이슈…계속 협의 중"" 강경화 주미대사가 쿠팡 문제에 대해 협의 중이다. 쿠팡 문제는 15일 오후 조현 외교부 장관과 면담을 위해 서울 종로구 외교부 청사로 등청해 기자들의 질문에 답하고 있다. 강 대사는 한미 관계 전반에 대해 유관부처 업무협의 등을 위해 일시 귀국했다.",정치
"강경화 주미대사 ""쿠팡 사태, 생각보다 오래가는 이슈"" 강경화 주미대사가 쿠팡 사태에 대한 생각보다 오래가는 이슈를 밝혔다. 이사장은 산업통상자원부와 미 상무부가 협의를 이어가고 있으며, 대미 투자 지연과 관련한 미국 측의 압박 여부에 대해 설명했다. 강 대사는 쿠팡 사태 및 대미 투자, 안보 현안 전반에 대한 대책을 논의할 예정으로, 19일까지 한국에 머무를 계획이다.",경제
"2028년 총선 겨냥 당권 레이스…여야, 계파 대결 년 총선 겨냥 당권 레이스가 시작됐다. 이재명 대통령은 경제 분야 부처 업무를 점검하며 '국민이 체감하는 국정'을 강조했다. 폭염 뚫고 노숙인 곁으로…'거리상담' 지원 절실.",정치
“제~천제일!” vs “제~천봉양!” 금배 유스컵에서 성사된 첫 ‘제천 더... 제천제일고와 제천봉양FC가 대통령 금배 유스컵에서 첫 더비를 펼쳤다. 명 남짓의 관중이 시끌벅적한 응원전을 펼쳤다. 제천제일고 감독은 '선수들은 최선을 다했지만 결과는 아쉬운 부분이 있다'면서 '체력 안배를 해주지 못한 게 미안하다'고 말했다.,문화/트렌드
김성태 상고…'北송금=李뇌물' 개별 기소 적법성 대법원서 가린다 김성태 전 쌍방울 회장이 대북송금과 뇌물 공여 혐의로 재판에 넘겨진 후 항소심 공소기각 파기 판결에 불복해 상고를 냈다. 김 전 회장 측은 15일 뇌물공여 등 혐의 1심 공소기각 결정을 파기한 수원고법 형사2부에 상고장을 제출했다. 대법원은 김 전 회장이 북한에 돈을 보낸 범죄와 이를 통해 대통령이 정치적 이익을 취한 범죄는 구조가 다른 두 범죄를 각각 저지른 것으로 봐야 한다고 판시했다.,정치|사회/세계
李 ‘김용 구글 타임라인 배척’ 항소심 재판부 직격…“해괴한 결론” 이재명 대통령이 김용 전 민주연구원 부원장의 '구글 타임라인' 동선 해명을 인정하지 않은 항소심 재판부의 판결을 비판했다. 일 이 대통령은 자신의 엑스를 통해 이건태 더불어민주당 의원의 글을 공유하며 사법부와 검찰을 향해 쓴소리를 던졌다. 이 대통령은 '구글 타임라인'이 알리바이를 증명함에도 기소하고 유죄를 선고하는 건 참으로 이해하기 어렵다.,정치
"서범수 ""계엄 당시 당사-국회 이동 두고 한동훈·추경호 의견 갈려"" 서범수, 한동훈·추경호 의견 갈려 국회 이동. 일 법조계에 따르면 서울중앙지법 형사합의34부는 추 시장의 내란 중요임무 종사 혐의 사건 속행 공판을 열었다. 당시 국민의힘 의원 중 비상계엄 찬성한 사람은 없었다, 국회 들어가고도 집결 장소 두고 맞섰다고 했다.",정치
"47% 걸어다닌 메시, 최소 기동력으로 최대 공격 [북중미 월드컵] 리오넬 메시가 2026 북중미 월드컵에서 최대의 공격 효율을 내는 특별한 데이터 지표를 보여주고 있다. 메시는 슈팅 33회와 기회 창출 21회를 묶어 총 54회의 공격 기회를 생산했으며, 활동량 지표는 대회 참가 선수 중 가장 낮은 편에 속한다. 메시는 최근 소화한 월드컵 15경기에서 16골 7도움을 기록하며, 팀의 준결승 진출을 이끌었다.",문화/트렌드
"뉴욕증시 프리뷰, 반도체주 반등에 미 주가 선물 상승…페이팔 22% 급등... 뉴욕증시 프리뷰, 반도체주가 강세를 보였다. 미 주가지수 선물 가격은 소폭 상승했다. 5.25% 상승. ASML 전망 상향에 AI 반도체 강세...",경제|IT/과학
"[현장] 괌, '스포츠·웰니스' 새 관광 브랜드 제시 ""휴양 넘어선 체험형... 괌정부관광청이 한국 미디어를 현지로 초청해 관광 회복 전략과 신규 관광 콘텐츠를 소개하며 한국 시장 공략에 속도를 내고 있다. 괌은 98%의 전력 공급을 복구하고 미국 연방정부가 9조 원 규모의 예산을 확보해 전력망 지중화 사업을 추진하고 있다. 괌은 스포츠·웰니스(Sports & Wellness)를 비롯한 체험형 관광 콘텐츠와 문화행사를 지속 확대하며 한국 관광객 유치에 전력을 다할 방침이다.",문화/트렌드|사회/세계
"엔비디아, '파산위기 구원' 세가와 30년 파트너십…AI칩 'RTX 스파크' 공... 엔비디아와 세가가 30년 파트너십을 맞이해 차세대 AI 슈퍼칩 'RTX 스파크'를 공개했다. 엔비디아는 500만 달러의 지원을 받았으며, 세가는 엔비디아의 첫 칩인 ‘NV1’을 개발한 바 있다. 이번 발표는 엔비디아의 AI 생태계 확장과 세가의 게이밍 시장 진출을 예고하며, 향후 새로운 플레이 경험을 제공할 전망이다.",IT/과학
"젠슨 황, SK하닉 ADR 상장에 “믿을 수 없을 정도로 성공적” 호평 엔비디아 CEO 젠슨 황이 SK하닉스 ADR 상장에 대해 호평했다. SK하닉스의 ADR은 14일 저평가 인식이 확산하며 27.29% 올랐다. 황 CEO는 오는 16일 일본 정부와 대규모 AI 협력에 대해 발표할 계획이라고 했다.",경제
"張, 전남광주서 ""소중한 한 표 지키는 데 정치생명 걸겠다"" 국민의힘 장동혁 대표가 전남광주에서 '소중한 한 표 지키는 데 정치생명 걸겠다' 발언. 일 오후 200여명의 시민이 참석한 집회에 장 대표가 참석해 부정선거를 외치고 있다. 장 대표는 제헌절인 오는 17일 올림픽공원 집회에 참석하는 데 이어, 다음 주 대구·경기 지역에서 '장외 행보'를 이어갈 구상이다.",정치
장동혁이 ‘밖으로’ 돌 수밖에 없는 이유 장동혁 국민의힘 대표가 '선관위 해체 및 재선거 요구 광주시민청년학생모임' 집회에 참석해 있다. 일 당대표 연임을 위한 전략인 동시에 그를 따르는 원내 세력이 없다는 방증. 장 대표는 최근 6·3 지방선거 투표용지 부족 사태와 관련해 지역을 순회하며 당원들을 만나고 있다.,정치
"장동혁, 전남광주서 ""6·3 시민혁명군 올공 모이자…정치생명 걸어"" 장동혁, 전남광주서 '6·3 시민혁명군 올림픽공원 모이자…정치생명 걸어' 외쳤다. 일 오후 광주시선관위 앞에서 열린 보수 성향 단체 호남우파친구들의 선관위 개혁 집회에 참여해 구호를 외치고 있다. 장 대표는 '참정권이 침해된 것은 민주주의 국가에서 있을 수 없는 일인데 그것을 돌려달라는 것은, 잘못된 선거를 다시 하자는 것은 지극히 당연한 외침'이라며 '제헌절 6·3 시민혁명군의 힘으로 새로운 대한민국을 세우고 새로운 헌법질서를 세우고 새로운 민주주의를 세우는 역사적인 날을 만들어보자.'라고 말했다.",정치
"검찰 ""피해자 몰랐다던 장윤기 주장 뒤집힐 근거 있다면 공소장 변경"" 검찰이 여고생 살해범 장윤기의 피해자 알았을 것으로 추정 정황과 관련해 추가 조사를 거쳐 재판에 반영하기로 했다. 일 법조계에 따르면 광주지방검찰청은 이날 기자단 간담회에서 '피해자 이채원양과 일면식 없는 관계라던 장윤기의 주장이 뒤집히는 근거가 있다면 공소장을 변경할 것'이라고 말했다. 공소 유지와 경찰 수사 비위 규명의 최우선 목적은 피해자 이양의 원을 푸는 것으로 검찰 관계자는 강조했다.",사회/세계
"정성호 법무장관 ""보완수사권 폐지, 억울한 1% 피해자 없어야"" 정성호 법무장관이 보완수사권 폐지 논의에 나선다. 일 국회에서 열린 법제사법위원회 전체회의에서 의원 질의에 답했다. 억울한 1%의 피해자가 없도록 하는 게 중요하다.",정치
“예외 두자” 박지원도 선회…여당 내 신중론 확산 박지원 더불어민주당 의원과 정성호 법무부 장관이 국회에서 대화하고 있다. 명 중 10명이 보완수사권 전면 폐지에 신중해야 한다는 의견을 냈다. 보완수사권은 약자를 돕는 범위 내에서 해야 한다.,정치
7월엔 '양파+고추장' 꼭 같이 볶으세요...반찬 걱정 끝납니다 월엔 '양파+고추장' 꼭 같이 볶으세요...반찬 걱정 끝납니다. 양파 고추장 볶음은 10여 분이면 충분히 완성된다. 무더운 여름에는 불 앞에 오래 서 있는 것이 부담스럽지만 양파 고추장 볶음은 실용적인 집밥 반찬으로 꼽힌다.,라이프
한미 '현안' 엉켰나…주미대사 '이례적' 귀국 한미 주무대사 강경화가 일시 귀국했다. 이례적으로 현직 주미 대사가 개인적인 일이 아닌 현안 조율을 이유로 귀국한 것. 쿠팡 문제와 안보 협의 등 주요 현안을 풀어나가는 게 여의치 않은 상황.,문화/트렌드
"""멕시코전도 포기했다""…곽튜브, 월드컵 직관 중 돌연 한국행 비행기 탄... 곽튜브가 멕시코에서 월드컵 직관을 포기하고 한국으로 귀국했다. 일 만에 다시 한국 땅을 밟은 것. 아들의 백일잔치 일정이 겹쳐서 곽튜브는 가족을 우선시한 결정이었다.",문화/트렌드
"남해~여수 해저터널 2031년 개통 준비 ‘착착’ 남해~여수 해저터널 2031년 개통 준비가 진행되고 있다. 토지 보상률 70.8%, 공정률 8%를 기록하고 있다. 개통 이후 남해안 광역경제권이 현실화되는 것이며, 관광산업에도 변화가 예상된다.",경제
"최태원 ""AI는 지금부터 함께 키워야 할 동료""…대한상의 제주포럼 개막 대한상의 회장 최태원, 제49회 대한상의 제주포럼 개막을 기념하여 AI를 주제로 대담을 진행했다. 이날부터 18일까지 제주 신라호텔에서 열리는 제49회 대한상의 제주포럼에는 국내 대표 기업인 500여명이 참석해 한국 경제의 성장 전략과 기업의 대응 방안을 논의할 예정이다. 이번 포럼은 '성장의 토대', '리더들의 도전', '기술로 여는 기회', '사회로 퍼지는 변화'를 주제로 나흔간 진행되며, AI 신약 개발 선구자인 석차옥 서울대 교수 겸 갤럭스 대표와 김형우 트래블월렛 대표, 최홍국 올곧 총괄대표 등이 혁신 사례와 성장 전략을 공유할 예정이다.",IT/과학
"미군, 이란 공습 수위 높여… 이란, 에너지 수출 봉쇄 위협 미군이 이란에 대한 새로운 공습을 시작해 이란의 에너지 수출을 위협하고 있습니다. 미국은 15일 오전 6시부터 이란 항구와 연안 지역을 오가는 선박에 대한 해상봉쇄를 재개했습니다. 또한, 14일 오후 3시부터 약 7시간 동안 호르무즈 해협 인근과 해안 지역 수십 개 군사 목표물을 타격했습니다. 이란은 중동 내 미군 기지를 상대로 즉각 반격에 나섰습니다. 이란의 이슬람혁명수비대 IRGC는 미국의 호르무즈 해협 봉쇄 조치와 관련해 중동 지역에서의 모든 에너지 수출을 막겠다고 위협했습니다.",사회/세계
"SK오션 협동로봇, 해상풍력 혁신 속도 낸다 SK오션플랜트가 해상풍력 하부구조물 생산공정에 협동로봇을 도입하여 생산 혁신을 낸다. 이번 협동로봇 도입은 작업자 안전 확보와 제품 품질 향상, 제조 원가 상승 대응을 위한 것이다. 44분에서 20분으로 작업시간을 줄였다. SK오션플랜트는 향후 적용 범위를 다양한 용접 공정으로 확대하여 스마트 제조 기반을 강화하고 글로벌 해상풍력 시장에서 생산 경쟁력을 지속적으로 높여나가겠다.",IT/과학
"그레이엄 추모 분위기에 美 상원서 러 제재법 탄력(종합) 미 상원에서 대러 제재법안이 탄력을 받고 있다. 명 이상의 공동 발의자가 모였으며, 100% 관세를 물릴 수 있도록 했다. 러시아 제재 법안은 우크라이나 전쟁 수행 자금줄을 차단하는 것이 목표로, 러시아산 에너지 구매를 줄이도록 만들고 있다.",사회/세계
"푸틴 ‘급소’만 골라 때린다…우크라, 9일간 아조우해 러 선박 116척 공... 러시아 대통령 블라디미르 푸틴이 우크라이나 드론 공격을 받은 뒤 아조우해에서 러시아 선박을 공격하고 있다. 일간에 걸쳐 116척의 러시아 선박을 타격했다고 밝혔다. 러시아의 해상 물류를 마비시키고, 점령된 크림반도에 대한 군수품 공급을 제한하고 석유 수출을 방해하려는 의도다.",사회/세계
"러 야권 인사 나데즈딘, 총선 앞두고 잇단 제재…""수감 위기"" 러시아 야권 정치인 보리스 나데즈딘이 총선 앞두고 잇단 제재를 받았다. 일 '극단주의 단체 상징물 공개 게시' 혐의로 경찰에 연행돼 조사를 받은 뒤 풀려났다. 나데즈딘은 재판에서 유죄 판결을 받을 경우 최장 15일간 구금될 수 있으며, 1년간 선거 출마가 제한될 가능성도 있다.",사회/세계
“푸틴 궁전 코앞서 러 함정 두 동강”…우크라 해상드론 공격 [밀리터... 러시아의 푸틴 대통령이 연계 별장에서 열린 러시아·아세안 정상회의 환영식에 참석한 모습과 우크라이나 해군이 공개한 러시아 연방보안국(FSB) 소속 경비함 ‘에메랄드호’의 위성사진을 합성했다. 러시아의 FSB 국경수비대 소속 경비정 ‘에메랄드호’가 우크라이나 해상드론 공격으로 크게 파손됐다고 주장해졌다. 러시아는 우크라이나의 해상드론 공격을 피해 흑해함대 전력을 크림반도 세바스토폴에서 노보로시스크 등 동쪽 기지로 분산해왔다.,사회/세계
"오송 참사 3주기...정부·지자체 첫 공동 추모 행사 오송 참사가 발생했습니다. 이벤트는 200여 명의 참석자와 추모 발언, 영상 상영, 공연을 포함하여 진행됐습니다. 정부와 지자체가 공동 주최한 이번 추모 행사는 시민단체가 주관하던 전례를 깨뜨렸습니다.",문화/트렌드
강예빈 “저 애기 되게 섹시하다”며…초5 때 대학생이 대시 ‘충격’ 강예빈이 초등학생 시절 성인으로 오해받아 대학생에게 대시를 받았던 일화를 공개해 놀라움을 안겼다. 초등학교 5학년 때 이미 키가 164cm였다. 그때는 외모와 신체 조건만 믿고 살았던 것 같다.,사회/세계
"유인나 “옹성우, 내 원픽이었다…’한국의 짐 캐리’라고 생각해” 유인나가 옹성우를 팬으로 응원했던 과거를 공개했다. 일 유튜브 채널 '유인라디오'에는 '오싹한 여름~에 누가 돌아왔~게?'라는 제목의 영상이 게재됐다. 유인나는 옹성우에게 '제가 원픽이었다. 정말 놀라운 건 그때부터 '저 사람은 한국의 짐 캐리다'라고 생각했다.'라고 말했다.",문화/트렌드
"'호프' 황정민·정호연, '틈만 나면,' 시즌5 첫 게스트 출격 '호프' 황정민·정호연, SBS 예능 프로그램 '틈만 나면,' 시즌5 첫 게스트 출격. 일 제작진은 첫 회 게스트로 영화 '호프'의 배우 황정민과 정호연이 출연한다고 밝혔다. '틈만 나면,'은 일상에서 마주치는 짧은 틈새시간을 공략해 행운을 선사하는 버라이어티 프로그램이다.",문화/트렌드
"이하정, 58세 ♥정준호 근황 공개 ""체력 한계, 전보다 일찍 귀가"" ('퍼라... 이하정, 58세 정준호의 근황을 공개했다. 체력 한계, 전보다 일찍 귀가. 지금은 건강 고민에 관해 소화가 잘 안 된다.",문화/트렌드
"‘왕은 무얼 자셨는가’ 양상국 “우리 사랑은 계약관계, 출연료에 반영... TV조선의 예능 프로그램 '왕은 무얼 자셨는가'에서 배우 지예은이 예능 고백으로 촬영장을 초토화 한다. 이연주 셰프는 장희빈에게 아들을 안겨준 '장희빈 표' 흑색 밥상, 오골계탕과 흑염소 수육 한상을 준비했다. 양상국은 '우리 사랑은 계약관계, 출연료에 반영되어 있다'며 철저한 계약관계로 이루어진 사랑을 해명해 이연주 셰프의 웃음마저 터트렸다.",문화/트렌드
"토스, 금융복합기업집단 첫 지정…삼성·한화·미래에셋 등 8곳 토스그룹이 금융복합기업집단으로 지정됐다. 개 금융그룹이 2026년도 금융복합기업집단으로 지정됐으며, 자산 규모 순으로 삼성·한화·미래에셋 등이 있다. 금융위는 이 지정을 통해 금융복합기업집단의 자율적인 위험관리 체계가 정착되고, 빅테크 금융그룹에 대한 그룹 차원의 리스크 관리·감독도 강화될 것으로 기대한다.",경제
"개장 앞둔 경북 영천경마공원… 부산경남 경주마 수송 놓고 ‘삐걱’ 영천경마공원 개장 앞둔 경주마 수송 문제로 마사회와 부경마주협회 간의 갈등이 발생하고 있다. 부경마주협회는 장거리 이동에 따른 경주마의 스트레스 검증, 주로 적응 실패로 인한 기수와 관리사의 안전사고 위험 등에 대해 구체적이고 객관적인 검증을 요구하고 있다. 한국마사회 측은 부경마주협회와의 협의를 계속 이어가겠다는 입장으로, 9월 개장 차질 없이 추진할 것이라고 밝혔다.",사회/세계
"이더리움(ETH), 미국 물가 둔화에 4.4% 반등...규제 입법 속도 따라 대폭... 이더리움(ETH)가 4.4% 상승, 미국 물가 둔화에 힘입어. 미국 소비자물가지수 상승률은 예상치 3.8%보다 낮은 3.5%를 기록. 연준은 스테이블코인 규제법 지니어스 시행 규칙을 토요일 시한까지 마련하기 위해 작업을 서두르고 있다.",경제
창원 서마산IC ‘Y자 덫’ 푼다 창원 서마산IC 'Y자 덫' 푼다. 총사업비는 81억1000만 원 정도로 추산된다. 시의회 심의·의결을 거친 뒤 오는 9월께 실시설계 등 본격적으로 사업에 착수할 계획이다.,사회/세계
"3살 딸 둔 가장도 총격…""할당량 채우려"" 비판 들끓자 미국에서 불법 이민자를 단속하는 과정에서 3명이 숨졌습니다. 이번 주에 2000명 체포 할당량을 채우기 위해 이민 당국이 무리한 단속을 계속하고 있습니다. 이민 당국은 차량 검문 단속을 일시 중단하기로 했습니다.",사회/세계
"李대통령, 김용 재판부 겨냥…""구글 타임라인 증거 불인정 해괴"" 이 대통령, 김용 전 민주연구원 부원장의 불법자금 수수 혐의 재판에서 '구글 타임라인'이 무죄의 증거로 받아들여지지 않은 것을 겨냥해 '해괴하다'고 언급했다. 이 대통령은 '구글 타임라인'이 알리바이를 증명함에도 유죄를 선고하는 건 참으로 이해하기 어렵다. 이 대통령은 특정 사건에서만 무죄의 증거는 되지 못한다는 해괴한 결론으로, 형사소송법을 배울 때 가장 먼저 가르치는 가장 초보적이고 중요한 원칙.",정치
"유시민 ""이 대통령 외연 확장 전략 성공 어려울 것...통합 기조 비판"" 유시민 작가가 이재명 대통령의 정치적 외연 확장과 통합 기조를 비판했다. 일 유튜브 채널 '매불쇼'에 출연해 비판적인 견해를 밝혔다. 정당 재편이나 외연 확대는 구성원과 국민의 공감대가 있어야 추진력을 얻을 수 있다.",정치
80대 치매 여성 성추행한 70대 이장…“연인 사이” 주장했지만 대 치매 여성 성추행한 70대 이장이 징역형에 처해졌다. 징역 2년과 40시간의 성폭력 치료 프로그램 이수 명령이 내려졌다. 이 사건은 노인을 대상으로 한 성범죄를 근절할 수 있는 대책을 조속히 마련해야 한다고 촉구하고 있다.,사회/세계
"민주당 정준호 의원, 사설서버 처벌 강화법 발의 민주당 정준호 의원이 불법 게임 사설서버 처벌 강화법을 발의했다. 매년 약 230만 명이 불법 사설서버를 이용하며, 이에 따른 업계 피해 규모는 연간 3,600억 원 수준으로 추산된다. 정부 차원의 대응도 진행 중이며, 국무조정실은 '국가정상화 프로젝트' 1차 과제에 '불법 게임 사설서버 근절' 대책을 포함하고 있다.",정치
"'아동 성매매 혐의' 최영중 시의원, 사설 포렌식 주장하며 휴대전화 미... '아동 성매매 혐의' 최영중 시의원, 경찰 수사에 협조하지 않는 등으로 알려졌다. 이 사건에서 최 의원은 2024년 10월부터 지난해 5월까지 3차례에 걸쳐 중학생과 성관계를 가지고, 나체 사진을 촬영해 보내라고 요구한 혐의를 받는다. 경찰 조사 결과 최 의원의 휴대전화 제출을 요구했지만, 그는 사설업체에 포렌식 작업을 맡긴 뒤 제출하겠다고 하며 아직도 제출하지 않았다.",사회/세계
"앤트로픽, 미국 K-12 교사 대상 '클로드 포 티처스' 공개…프리미엄 AI ... 앤트로픽이 미국 K-12 교사 대상 '클로드 포 티처스'를 출시했다. 프리미엄 AI 서비스는 교사들에게 50개 주의 교육 기준과 연계된 콘텐츠를 제공하고, 학생 개별 수준에 맞춘 학습 자료 제작 기능도 포함된다. 앤트로픽은 클로드 포 티처스를 통해 교사가 행정·준비 업무 부담을 줄이고, 학생과의 상호작용과 개별 지도에 더 많은 시간을 투입할 수 있도록 지원한다.",IT/과학
"美 6월 PPI 전월比 0.3% 깜짝 '하락'…전년 대비도 예상 하회(상보) 美 6월 PPI가 하락한 것 같다. 전년 대비 5.5% 상승, 전월 대비 0.3% 하락. 이러한 결과는 에너지 가격 하락과 인플레이션 우려 완화에 기인된 것으로 분석된다.",경제
"K9 자주포 ‘대수술’ 요구하는 스페인…“다 뜯어고치란 얘기” 지적 ... 스페인 기업 사파가 K9 자주포의 변속기를 국산화하려는 요구를 제기해 한화에어로와 인드라 간의 계약 문제를 일으켰다. 사파의 요구는 8%의 지분을 보유한 인드라 이사회 주주 호킨 아페리바이의 정치적 동기가 강하다는 의혹이 나온다. 한화에어로는 K9 자주포의 명성이 훼손될 수 있는 상황을 우려하고, 스페인 현지 조건을 어느 정도 수용할 수밖에 없다고 전망한다.",문화/트렌드
"[속보] 美6월 생산자물가 예상치 하회…전월 대비 0.3%↓ 미국의 6월 생산자물가지수가 하회하여 전월 대비 0.3% 떨어졌다고 밝혔다. 전월 대비 0.3%, 연율로 전체 생산자물가지는 5.5%를 기록했다. 이러한 추세는 소비자물가의 선행지표로 받아들여진다.",경제
잘 나가던 이수지 벼랑 끝 몰릴 뻔…‘재선거 시위’ 논란에 결국 제작... 유튜브 채널 '핫이슈지'의 이수지가 논란을 일으킨 페이크 다큐멘터리 에피소드에서 재선거 시위를 묘사한 장면에 대한 사과를 발표했다. 이번 콘텐츠로 인해 실망감과 불편함을 느끼신 모든 시청자분들께 고개 숙여 사과드린다. 이번 사태를 뼈저린 계기로 삼아 향후 콘텐츠 제작 시 더욱 무거운 책임감을 느끼고 신중을 기하겠다.,문화/트렌드
"'이재명이 내란수괴' 피켓 든 장동혁…광주서 '부정선거' 집회 참석 장동혁 국민의힘 당대표가 '부정선거' 집회에 참석해 이재명 정부를 겨냥한 비판을 제기했다. 이날 집회에는 20여 명의 경비 인력이 배치됐으며, 장 대표는 특검 도입과 선거제도 개편을 촉구했다. 장동혁 당대표는 '우리의 소중한 한 표를 빼앗기고 대한민국의 민주주의가 무너지는 지금 이 순간이 우리가 분노하고, 우리가 목숨을 걸고 싸워야 할 때라고 생각한다'며 7월 17일 올림픽공원으로 모여달라 호소했다.",정치
"유시민 ""李대통령 행동, 본인·나라에 害…국민이 나서 바로잡아야"" 유시민 작가가 이재명 대통령의 선택을 비판하고, '재건축론'을 거론하며 대중이 나서야 문제를 바로잡아야 한다고 주장했다. 이 대통령의 선택은 실패로 끝날 것이라고 본다. 국민이 나서야 뭔가를 할 수 있다.",정치
"청와대, 강경화 귀국에 ""한미관계 발전 방안 의견 청취 목적"" 청와대가 강경화 주미대사의 귀국을 계기로 한미관계 발전 방안 의견을 청취하고 있다. 강 대사는 외교부 장관 보고와 청와대·유관 부처 인사들과 업무 협의를 가질 예정이다. 이번 일시 귀국은 쿠팡 사태와 대미 투자 등 현안을 둘러싸고 급히 논의가 필요한 문제가 생긴 것 아니냔 관측이 제기되기도 한다.",정치
"""쿠팡 이슈 생각보다 오래 간다""...주미대사 일시 귀국 쿠팡 이슈 생각보다 오래 간다 주미대사 일시 귀국. 강 대사는 6개월이나 늦게 시작한 한미 간 원자력협력 논의를 진행 중. 강 대사는 국내에 머물면서 외교부와 국가안보실 등과 만나 한미 간 현안 해법을 논의할 예정.",정치
"안세영, 또 쓰러졌다… 발 부상으로 일본오픈 기권 ""체중을 싣는 것조차... 안세영이 일본오픈 배드민턴 선수권대회에서 부상으로 기권을 결정했다. 안세영은 이번 대회 여자 단식 32강 경기 도중 왼쪽 발 외측 부위에 통증을 느꼈고, 16강 경기에 나서지 않기로 결정했다. 안세영의 부상은 과거 훈련과 경기 과정에서 반복적으로 통증이 발생했던 부위로 알려졌다.",사회/세계
"곽튜브, 출국 10일 만에 20시간 날아와 깜짝 귀국…""아들 백일 때문에"" ... 곽튜브가 아들의 백일을 맞이기 위해 급거 귀국했다. 시간 동안 하늘길을 달려왔다. 아들 백일을 챙기고 곧바로 다시 출국해야 하는 바쁜 일상을 전했다.",문화/트렌드
"금융위, 국민성장펀드 규모 150조→200조 확대 금융위가 국민성장펀드 규모를 150조에서 200조로 확대합니다. 이에 따라 연간 30조 원에서 40조 원으로 늘어납니다. 이러한 확대를 통해 국가 경쟁력을 강화하고 새로운 성장동력 창출을 목표로 합니다.",경제
"방화문 갖춘 방화셔터 허용한다… 국토부 '복합 방화셔터' 도입 방화문 갖춘 방화셔터 허용. 국토부는 15일 입법예고한 '건축물의 피난ㆍ방화구조 등의 기준에 관한 규칙' 일부개정령안을 통해 방화문을 갖춘 '복합 방화셔터' 개념을 도입. 이러한 개정은 건축자재 품질관리서 서식도 손질하고, 생년월일 등 불필요한 정보 삭제.",라이프
"[민주당 당대표 후보 인터뷰]송영길 ""호남 정치 다시 세워야…DJ 정신으... 송영길 전 대표가 호남 정치를 다시 세우는 것을 목표로 민주당 8·17 전당대회에서 당대표 선거에 출마한 것임. 호남 지역 발전을 위해 핵융합 연구시설 구축, 여수산단과 광양제철 문제 해결 등을 추진할 계획임. 송영길 전 대표가 DJ 정신을 계승하여 젊은 피 수혈론을 재현하겠다는 방침임.",정치
HLB “리보세라닙 원료 제조소 실사 VAI 종결”…허가 절차 재개 협의 HLB가 리보세라닙 원료 제조소 실사 VAI 종결. FDA는 해당 제조시설이 cGMP를 전반적으로 준수하고 있다고 판단해 실사 결과를 VAI로 분류했다. 이번 실사 종결이 리보세라닱의 허가 재개나 승인으로 곧바로 이어지는 것은 아니다.,IT/과학
"사도광산 ‘안내판’ 늘었지만 ‘강제동원’ 없어…유네스코, 추가 조치... 일본의 사도광산에서 강제동원 역사의 안내판이 늘었지만 강제성 언급 없이 '한국에서 온 노동자'라는 표기만 남아있다. 년 유네스코 세계문화유산 등재 후 2년이 지난 지금까지 일본 정부가 약속을 지키지 않았다. 유네스코는 일본이 약속을 지키지 않는 것은 문제가 있다고 판단하고 내년 말까지 이행 보고서를 제출하라고 명시했다.",문화/트렌드
"국립미술관 전국 쟁탈전…창원·진주 도전 국립미술관 전국 쟁탈전이 시작됐다. 만 명이 찾으며 막대한 부가가치를 창출하는 국립현대미술관의 지역 분관 유치전이 본격적으로 막을 올렸습니다. 창원시와 진주시가 전국구 경쟁을 뚫어낼지, 치밀한 전략에 운명이 걸렸습니다.",사회/세계
"앤 공주 방한으로 되살아난 반세기 우정...韓 산업화 이끈 '울산대-영국... 앤 공주가 울산대 방문, 반세기 전의 산업화 이끈 '울산대-영국'의 특별한 교육 동맹을 다시금 주목받고 있다. 년 32만 파운드의 파격적인 재정을 투입해 최신 실험실습 기자재를 공급했다. 이번 영국 왕실의 울산 방문은 반세기 전 울산대 설립의 초석을 놓아준 영국 정부와의 깊은 인연과 고마움을 다시금 환기하는 뜻깊은 계기다.",문화/트렌드
"세계음식문화관 조성 행정절차 누락 세계음식문화관 조성 행정절차 누락. 일 열린 제265회 임시회 상임위원회별 업무보고에서는 206억원에 달하는 울산복합생태관광센터 건립을 놓고 논란이 일었다. 이러한 문제를 해결하기 위해 행정자치위원회, 문화복지환경위원회, 산업건설위원회 등에서 사업계획을 확인하고 기존 정책의 변경 근거와 행정절차 이행 여부를 검증해야 한다.",정치
"무인 해상 드론과 로봇의 상륙작전…우크라이나 ""새로운 전쟁 시작"" 우크라이나가 무인 해상 드론과 로봇을 사용한 상륙작전을 공개했습니다. 지상 로봇은 5만 대를 만들 계획으로 우크라이나의 핵심 전력으로 떠오르고 있습니다. 이번 전쟁 역사상 처음으로 지상 무인 로봇 플랫폼과 공중 드론만을 사용하여 적진을 점령했습니다.",사회/세계
"최태원 ""AI, 4살 아이 수준…완벽하지 않아도 써야 쓸모 생겨"" 대한상의 제주포럼 개막, 최태원 회장이 AI 전환·성장 해법 논의. 여명이 참석해 AI 대전환과 한국 경제의 성장 방안을 논의한다. AI는 놓쳐서는 안 될 기회로, 기업이 지금부터 AI를 업무에 활용하고 자체 데이터와 지식을 지속적으로 학습시켜야 한다.",IT/과학
"영남대의료원, AI 기반 저선량 CT로 피폭 줄인다 영남대의료원, AI 기반 저선량 CT를 도입한다. 이번에 도입된 장비에는 필립스의 AI 기반 영상 재구성 기술인 ‘프리사이즈 이미지(Precise Image)’가 적용됐다. 방사선 노출을 줄인 저선량 검사에서도 고해상도 영상을 구현해 진단 정확도를 유지하면서 환자의 피폭 부담을 낮출 수 있다는 것이 병원 측 설명이다. 이번 장비 도입을 계기로 필립스 CT ‘우수 협력병원(Center of Excellence)’으로 선정됐다. 앞으로 스펙트럴 CT 7500을 활용한 저선량 CT의 임상적 가치 검증을 위한 공동 연구를 수행하고, 국내외 의료기관과의 학술 교류도 확대할 계획이다.",IT/과학
"대구파티마병원, 차세대 로봇수술 시대 연다 대구파티마병원이 로봇수술시스템 '다빈치5'를 도입하고, 17개의 첨단 수술실을 구축했다. 이번 사업은 환자 안전과 수술 정밀성, 의료진의 진료 효율을 높이기 위한 의료 인프라 확충의 일환이다. 로봇수술센터에서는 비뇨의학과, 산부인과, 외과, 이비인후과, 갑상선내분비외과 등 다양한 진료과의 고난도 최소침습수술을 시행할 수 있도록 했다.",라이프
"인천대, AI·해양 융합 혁신 선도…국제해양포럼서 미래산업 청사진 제... 인천대가 제7회 인천국제해양포럼을 계기로 AI와 해양산업 융합을 선도하는 지역혁신 플랫폼으로 도약에 나섰다. 이번 포럼에서는 15명의 스피커가 참여해 해양·물류 분야의 교육, 연구, 산학협력 성과를 소개했다. 인천대는 AI 기반 물류 혁신 방향을 제시하며, 세계 정상급 AI 로봇 기술을 하나로 연결하여 인천을 AI 기반 미래 해양산업 혁신의 중심지로 육성하는 비전을 제시했다.",IT/과학
"[김종석의 리포트]이란 봉쇄 3일 만에 美도 역봉쇄 이란 봉쇄 3일 만에 美도 역봉쇄. 척의 군함과 수백대의 군용기, 하루 약 350만 배럴의 원유가 전달. 트럼프 대통령은 호르무즈 해협을 지나는 선박에 통행료를 부과하겠다는 방침을 철회하고 중동 국가들이 무역과 투자 협정을 체결할 계획이라고 밝혔다.",사회/세계
"[리부트] '강성연♥' 장민욱, 재혼 스토리 공개…""의사·환자 보호자로... 장민욱 원장이 강성연과의 재혼 스토리를 공개한다. 년 12월 이혼 소식을 전한 강성연은 최근 장민욱 원장과 재혼했으며, 현재 두 아들을 함께 양육 중인 것으로 알려졌다. 장민욱 원장은 KBS1 '아침마당'에 출연한 바 있으며, 강성연과 함께 2022년 방송된 JTBC '닥터들의 썰왕썰래'를 진행했다.",문화/트렌드
"46kg 손나은, 이러니 ‘뼈말라’ 몸매..“데뷔 이후 라면 먹은 적 無” ... 에이핑크 출신 배우 손나은이 철저한 자기 관리를 보여줬다. 데뷔 이후 라면을 먹은 적이 없는 손나은은 최근 '김부장' 촬영 때 겨울이었는데 너무 춥고 액션하고 몸도 힘들었다. 데뷔 초부터 철저하게 관리해온 손나은은 이제야 처음으로 편의점에서 큰 라면을 먹었다.",문화/트렌드
"박지원 “정청래 대선 안나가? 오히려 출마선언” 박지원이 정청래의 대선 불출마 발언을 오히려 차기 대권 의지를 드러낸 선언으로 평가했다. 박지원은 정 전 대표가 2년 임기를 가진 당대표직을 수행하면서 사리사욕을 채우지 않겠다고 강조한 데 대해 '후회할 수는 있다'고 지적했다. 박지원은 정 전 대표의 발언이 차기 대선 구상에 대한 인상을 부각했으며, 김민석 전 국무총리의 출마 목적에는 차기 대권 구상이 깔려 있다는 인상을 부각했다.",정치
"유시민 ""李노선 필연적 실패""…친명계 ""정부 실패 바라나"" 유시민 작가가 이재명 대통령의 중도·보수 확장 기조를 '필연적인 실패의 길'이라고 비판하자, 더불어민주당 친명계가 강하게 반발했다. 이재명 정부의 국정 운영 방향을 둘러싼 범여권 내부 갈등이 공개 충돌 양상으로 번지고 있다. 유 작가는 이 대통령의 선택한 노선은 매우 위험한 선택이라며, 결국 실패로 끝날 것이라고 주장했다.",정치
"이상일 용인특례시장, ""상현동 주민 목소리 듣는다"" 용인특례시장 이상일이 상현동 주민의 민원 사항을 청취하고 관련 부서에 검토를 지시했다. 여 명의 아파트 주민과 시 관계자들이 참석한 간담회에서 주민들은 생활과 교통 불편 등에 대한 우려의 목소리를 들였다. 이상일 시장은 시관계자들에게 여러 각도에서 문제를 살펴보는 등 신중하게 검토하겠다고 말했다.",라이프
"124표→122표…충주시장 재검표에도 이동석 당선 유지 충주시장 재검표 결과 국민의힘 이동석 충주시장이 5만2961표, 더불어민주당 맹정섭 후보가 5만2839표를 얻어 이 시장이 122표 차로 앞선 것으로 최종 확인했다. 재검표 비용 5487만원은 공직선거법에 따라 맹 후보 측이 예납했다. 무효표는 2277표로 집계됐다. 재검표 결과와 관계없이 맹 후보 측은 투표지 스캔 이미지 파일과 CCTV 영상 공개를 계속 요구할 것으로 알려졌다.",정치
"‘디지털자산법’ 연내 마련…스테이블코인 제도화 추진 [금융위 업무보... 금융위원회가 가상자산 2단계 입법인 디지털자산법을 연내 마련하겠다는 목표를 제시했다. 디지털자산기본법 논의 재개 주목, 주요 내용으로는 디지털자산업 정의와 규율, 공정하고 효율적인 시장 조성, 이용자 보호 강화 등이 제시됐다. 금융위는 스테이블코인 등 가상자산을 활용한 자금세탁 범죄에 대응하기 위해 AML(자금세탁방지) 규율도 강화한다.",경제
"강유정, 2차 개각 가능성 언급…""중기부 공석과 한꺼번에 발표할 듯"" 강유정 수석 대변인이 2차 개각 가능성을 언급했다. 중소벤처기업부 장관 인선과 함께 한꺼번에 발표될 가능성이 크다고 밝혔다. 이재명 대통령의 국정 지지율 변화에 대한 신중한 태도를 보였다.",정치
"코스닥 '3대 구조혁신' 프로그램 가동…주식 결제주기 'T+1' 단축 추진 [... 코스닥 '3대 구조혁신' 프로그램 가동…주식 결제주기 'T+1' 단축 추진. 금융위원회는 올해 하반기 15개 기업을 추가로 기술특례상장 확대하고, 동전주 퇴출 요건을 강화할 계획이다. 코스닥 시장의 구조혁신으로 우량기업을 모은 '코스닥 셀렉트' 세그먼트를 신설하고, 주주동의 등 중복상장 특례 심사기준을 도입할 예정이다.",경제
유시민 ‘이재명 대통령 필연적 실패’ 발언에 범여권 “저주와 다르지... 유시민 작가가 이재명 대통령을 '필연적 실패의 길로 가고 있다'라고 발언한 것에 대해 범여권이 비판을 내세웠다. 이날 유 작가는 이 대통령이 선택한 노선을 존중하는데 이는 매우 위험한 선택.,정치
"인천시교육청, 아동학대 신고 법 개정 촉구 인천광역시교육청이 국회 앞에서 아동학대 신고 법 개정 촉구 기자회견을 열었다. 이번 기자회견에는 15명의 참석자들이 참여해 교원의 정당한 교육활동 보호를 요구했다. 이러한 요구는 교사의 정당한 생활지도와 교육활동이 아동학대 신고와 수사로 이어지는 현실을 지적하며, 관련 법률의 조속한 개정을 촉구하는 데 있다.",사회/세계
"'24억 보조금 정산 절차 진행'…부여군 체육행정 관리체계 점검 목소리 부여군 체육행정 관리체계 점검 목소리. 억5000만원 중 7억2000만원 정산 완료, 나머지 24억3000만원 절차 진행. 군은 행정상 최종 정산이 완료된 금액과 현재 절차가 진행 중인 금액을 구분해 설명하고 있다.",사회/세계
청주시의회 ‘미성년자 성매매’ 혐의 시의원 사과…규탄 잇따라 청주시의회 시의원 미성년자 성매매 혐의로 수사를 받는 것과 관련해 입장문을 내었다. 이번 사안을 철저한 수사 협조와 후속 조치로 단호하게 대처하겠다고 밝혔다. 더불어민주당 충북도당은 시의원을 공천한 공직자가 아동·청소년을 대상으로 성범죄를 저질러 수사를 받는 것에 대해 비판하고 있다.,사회/세계
"이 대통령, 김용 사건에 “구글 타임라인 증거 불인정 해괴하다” 이 대통령은 김용 전 민주연구원 부원장의 불법자금 수수 혐의 재판에서 '구글 타임라인'을 무죄의 증거로 받아들여지지 않은 것을 비판했습니다. 김 전 부원장은 대장동 개발 민간업자 일당에게 금품을 받은 혐의 등으로 기소돼 1, 2심 모두 징역 5년과 벌금 7천만 원, 6억7천만 원의 추징 명령을 선고받았습니다. 이 대통령은 '의심스러울 때는 피고인의 이익으로 판단해야 한다'는 법언을 인용하며 '형사소송법을 배울 때 가장 먼저 가르치는 가장 초보적이고 중요한 원칙'이라고 강조했습니다.",정치
"이 대통령, 김용 재판부 향해 ""구글 타임라인 무죄증거 불인정은 해괴"" 이 대통령, 김용 전 민주연구원 부원장 사건에 대한 '구글 타임라인' 무죄증거 불인정 문제를 지적하고 있다. 일 청와대 춘추관에서 출입기자들과 간담회를 가졌으며, '검찰의 구글 타임라인 이중잣대, 특검으로 반드시 밝혀야 한다'는 의원의 글을 공유했다. 이 대통령은 '범죄의 증명은 합리적 의심의 여지가 없을 정도여야 하고, 의심스러울 때는 피고인의 이익으로 판단해야 한다'며, 김 전 부원장 사건 재판부에 대한 비판을 강조하고 있다.",정치
"이 대통령, 김용 재판부·검찰 비판…""구글 타임라인에도 기소·유죄 선... 이 대통령, 김용 재판부·검찰을 비판하여 불법 고리사채 엄벌을 강조했다. 구글 타임라인의 무결성과 정확성이 충분히 입증되지 않았다는 해괴한 결론으로 구글 타임ライン이 알리바이를 증명함에도 기소하고 유죄를 선고하는 건 참으로 이해하기 어렵다. 불법 고리사채 엄벌도 재차 강조하며, 경찰을 향해서는 불법 고리사채에 대해 철저히 단속하고 엄벌해야 한다고 강조했다.",정치
"김해서 다시 울린 재선거 요구 목소리 김해 시민단체와 시민들이 16일 재선거 요구 목소리를 다시 울렸다. 수십 명이 참여한 집회에서 '부정선거 재선거, 당일투표 수개표' 등의 구호를 외쳤다. 시민들은 공정한 선거관리 체계 마련 없이는 국민 신뢰를 회복하기 어렵다고 주장하며 앞으로의 활동을 계속 이어가겠다고 밝혔다.",정치
영·호남 손잡은 우주항공 특별법…대치 정국 속 여야 협력 이뤄내나 영남의 사천과 호남의 고흥이 우주항공 산업벨트를 조성하는 특별법안이 국회에서 논의 중이다. 여 명의 여야 의원들이 참석한 토론회에서는 프랑스 툴루즈와 미국 스타베이스가 대표 사례로 제시됐다. 특별법은 우주항공청이 위치한 경남 사천과 나로우주센터가 있는 전남 고흥을 중심으로 우주항공복합도시를 지정하고 국가 차원의 산업 육성과 정주 기반을 지원하는 것이 골자다.,정치
"울산 진하해수욕장 해상서 50대 윈드서핑객 숨진채 발견 울산 진하해수욕장에서 50대 윈드서핑객이 실종됐다. 일 오후 2시 47분에 신고가 접수됐으며, 오후 3시 37분에 발견됐다. 해경은 자세한 사고 경위를 조사하고 있다.",사회/세계
"‘AI 시대, 해양의 미래’…제7회 인천국제해양포럼 개막 제7회 인천국제해양포럼이 개막했다. ~16일 이틀간 AI 기반 해양 신산업 논의. 인천 특화 데이(Incheon Special Day)로 운영되는 2일차에서는 지역 맞춤형 AI 비전을 제시할 예정이다.",IT/과학
"백학선 서해해경청장, 군산 연안해역 점검…""해양사고 예방 총력"" 백학선 서해지방해양경찰청장이 군산 연안해역을 방문해 해양 안전관리 실태를 점검했다. 이번 점검은 해수욕장 개장 이후 관광객이 증가함에 따라 연안 안전사고를 사전에 예방하고 현장 중심의 안전관리 체계를 강화하기 위해 마련됐다. 백 청장은 '여름철에는 물놀이 이용객 증가로 안전사고 위험도 함께 높아진다'며 '지자체와 유관기관과의 긴밀한 협력을 통해 국민들이 안심하고 이용할 수 있는 안전한 연안해역 환경 조성에 최선을 다하겠다'고 말했다.",사회/세계
"'세월호 참사' 연상 병원 앱 ""작성자는 현재 재직중 아냐"" 세월호 참사가 연상되는 병원 앱에 사과. 년 4월 16일 세월호 침몰 날짜가 입력 예시로 사용된 것. 병원 앱 개발사가 국민의 아픔을 인정하고 앞으로 방지 대책을 수립하겠다고 강조.",사회/세계
"인천대, 국제포럼서 AI 시대 해양의 미래 논의…비전 제시 인천대학교가 제7회 인천국제해양포럼을 통해 해양산업의 미래 비전을 제시했다. 올해 포럼에서는 AI 시대, 해양의 미래를 주제로 해운·물류, 스마트 항만, 해양관광, 해양환경·에너지, AI 기반 해양도시 등 다양한 해양산업 현안과 발전 방향을 논의했다. 이번 포럼에서는 인천대학교가 해양수산산업연구원을 설립하고 전문가와 산학연관 관계자가 참여하는 심포지엄을 개최하는 등 해양 분야 역량을 결집하고 있다.",IT/과학
"이수지, 공무원 패러디 속 ‘재선거’ 음성 논란…제작진 “정치적 의도... 이수지의 공무원 패러디 영상이 '재선거' 음성 논란을 일으켰다. 일 제작진은 공식 사과를 내고, 해당 장면 삭제를 약속했다. 이번 일은 출연진 개인의 정치적 성향이나 의사와는 전혀 무관하며, 앞으로는 보다 책임감 있는 자세로 콘텐츠를 제작하겠다고 강조했다.",문화/트렌드
"신정환 유튜브에 의리로 출연한 채리나, 박용근과의 부부 생활 관련 파... 유튜버 채리나가 남편 박용근과 부부 생활을 털어놨다. %의 기혼 응답자들이 섹스리스에 해당한다고 답했다. 각방 생활이 지목된 부부의 섹스리스 비율은 64.9%로, 같은 방을 사용하는 부부보다 2배 이상 높았다.",문화/트렌드
"박명수, 조혜련 '태보 컴백' 제안에 칼거절…통화 중 '쌍욕' 터졌다 ('조... 박명수와 조혜련이 유튜브 라이브 방송에서 태보 컴백 제안을 나눈 후 칼거절에 쌍욕 터졌다. 일 오후 유튜브 채널 '조회련: 조혜련'에는 '요즘 누가 마운자로 맞아?'라는 제목의 영상이 게재됐다. 박명수의 반응은 냉정했다. 조혜련 역시 매운맛 반격에 나섰고, 이를 들은 박명수는 순간 울컥하며 쌍욕을 발사해 현장을 웃음바다로 만들었다.",문화/트렌드
"'정신병원 강제입원' 도대윤, 극심한 조울증 고백 ""투개월 압박감 심해... 도대윤, 조울증 고백 '투개월' 강제입원. 일 KBS 2TV '해피투게더 - 혼자가 아니어서 좋아' 예고영화 공개. 도대윤은 미국으로 돌아가 음악을 잠시 접고 다른 일에 집중.",문화/트렌드
"러 ""美, 이란 현안 정리 후 우크라 종전 지원 재개 신호 보내와"" 러시아가 미국이 이란 전쟁과 관련한 현안들을 정리한 뒤 우크라이나 전쟁 종식을 지원하는 데 다시 나설 준비가 돼 있다는 신호를 보냈다. 트럼프 대통령의 최근 발언과 미국의 추가 대러 제재 가능성 언급 이후에도 트럼프 대통령을 우크라이나 분쟁의 중재자로 보는 시각에 변화가 없느냐. 이러한 신호와 함께 현재 미국 상원에서는 러시아산 에너지를 대규모로 수입하는 국가에 최대 100%의 관세를 부과할 수 있도록 하는 추가 대러 제재안이 추진되고 있다.",사회/세계
"김강우, 사춘기 子 사고에 놀란 가슴 ""골반뼈 다치고 다리 찢어져 20바늘... 김강우의 유튜브 채널에 사춘기 아들의 사고에 놀란 가슴을 쓸어내린 영상이 게시됐다. 일 김강우의 유튜브 채널엔 '여보, 나 엄마 보고 싶어. 사춘기 아들 스트레스에 엄마 보러 본가 간 사연'이라는 제목의 영상이 게시됐다. 김강우는 지난달 체육대회 중 크게 넘어져 골반을 다친 태은 군에 대해 토로했으며, 한무영 씨는 남아들은 왜 만날 다치는 건가와 놀란 가슴을 쓸어 내렸다.",문화/트렌드
"32kg 효연, 이특·희철에 불호령… 마흔넷 연습생 기강 제대로 잡은 갑을... 슈퍼주니어 이특과 희철을 상대로 효연이 마흔넷 연습생 기강 제대로 잡은 갑을 케미를 펼쳤다. kg의 효연이 20년 차 장기 연습생 콘셉트로 등장해 오프닝부터 큰 웃음을 선사했다. 마지막에는 희철이 '춤이나 추지'라는 불만을 터뜨렸지만, 효연은 이를 혹독하게 훈계해 구독자들을 깜짝 놀라게 했다.",문화/트렌드
"“대출로 버텨요” 홈플러스 여성 노동자 한숨 홈플러스 여성 노동자 80%가 경력단절 후 재취업에 어려움을 겪고 있다. 명의 직원 중 80%가 여성으로, 40~60대가 대다수를 차지하고 있다. 정부는 중장년층 맞춤형 직업 훈련과 새로운 일자리 모델을 포함한 구체적 실행 계획을 제시해야 한다.",경제
"내년 개식용 종식 시행 앞둔 울산의 '초복 풍경' 울산의 '초복 풍경'은 개식용 종식 시행을 앞두고 극명하게 엇갈렸다. 일, 울산 남구의 삼계탕 전문점에는 30분도 채 지나지 않았지만, 손님들이 길게 줄을 서 있었다. 이 같은 변화는 정부의 개식용 종식 정책과 맞물려 있으며, 울산지역 내 관련 업소들도 본격적인 전·폐업 절차를 밟고 있다.",문화/트렌드
"김강우, 사춘기 두 아들 사고에 한숨 ""골반뼈 다치고 다리 20바늘 꿰매""... 김강우가 사춘기 아들들과의 소통에 고민을 토로했다. 사춘기 두 아들은 골반뼈를 다치고 다리가 20바늘 이상을 꿰매게 되었다. 김강우는 아들들의 걱정에 여념이 없었다.",문화/트렌드
"“군대 가겠습니다” 입대 신청 8100명 몰렸다…정부가 ‘다 복무 못 시... 리투아니아에서 군대 가겠다는 청년들이 몰려드는 추세다. 명이 넘는 입대 신청, 4400명이 자발적으로 입대를 신청했고, 3700명이 우선 입대를 희망했다. 유럽 각국은 병력 확보 방식을 놓고 서로 다른 선택을 하고 있어 안보 환경 변화가 청년층의 인식과 행동에도 뚜렷한 영향을 미치는 모습이다.",사회/세계
"신동빈 ""지난 10년 경쟁력 정체""…롯데, 본원적 경쟁력·AI 혁신 주문 롯데그룹 회장 신동빈이 경영 방침을 강조하고 AI 혁신을 주문했다. 롯데그룹의 2026년 하반기 실적 개선은 비용 절감과 비핵심 자산 정리로 인해 발생한 것임. 롯데그룹은 AI를 고객 경험과 상품 경쟁력, 의사결정 구조를 혁신할 핵심 성장 동력으로 활용할 계획이다.",IT/과학
"어촌어항공단, '노사상생인증' 사후심사 통과 한국어촌어항공단이 '노사상생인증' 사후심사를 통과했다. 이번 심사는 지난달 현장 평가를 통해 공단의 노사상생 운영을 중심으로 면밀한 점검이 이뤄졌으며, 3년간 부당노동행위와 임금체불 등 중대한 노동관계 법령 위반 사례 없이 건전한 노사관계를 이어온 점이 높은 점수를 받았다. 공단은 이번 사후심사 결과를 바탕으로 전 직원 의견수렴 체계를 강화하고 소통 프로그램의 효과성을 지속적으로 점검해 노사상생 문화를 더욱 확산해 나갈 계획이다.",사회/세계
"‘채상병 수사정보 유출’ 이시원 전 비서관 구속영장 기각 이시원 전 대통령실 공직기강비서관이 채상병 수사정보 유출 의혹에 대한 구속영장이 기각됐다. 서울중앙지법 이종록 영장전담 부장판사는 범죄혐의에 대해 법리적으로 다투어 볼 여지가 있고 수사 경과와 혐의 사실에 대한 이 전 비서관의 태도, 다른 형사재판 출석 상황 등에 비춰 도망하거나 증거를 인멸할 우려가 있다고 보기 어렵다. 이 전 비서관은 2023년 9월 채 상병 순직 사건 수사 중 경북경찰청의 압수수색 계획을 사전에 보고받고 이를 해병대 측에 전달한 의혹을 받고 있다.",사회/세계
"유시민 “李, 명픽 꽂다 민주당 망한다…필연적 실패의 길” 유시민 전 노무현재단 이사장이 이재명 대통령을 향해 공개 비판을 쏟아냈다. 이재명 대통령이 국회의장·서울시장·당대표까지 개입하고 있는 것에 대한 비판도 이어졌다. 민주당에서는 즉각 반발이 쏟어졌으며, 박지원·장철민 등 의원들이 공개적으로 이재명 정부를 비판했다.",정치
"단일종목 레버리지 ETF 손질 속도… 李대통령 ""시장 안정 대책 서둘러라... 이재명 대통령이 단일종목 레버리지 ETF에 대한 신속한 제도 보완을 주문했다. 금융당국은 투자자 보호와 시장 안정 방안을 마련하기 위한 논의에 속도를 내고 있다. 정부는 오는 16일 거시경제·금융현안 간담회에서 관련 대책을 논의할 것으로 보인다.",정치|경제
"[특별기고] 김부겸에게 부치지 못한 청구서 한 장 김부겸에게 부치지 못한 청구서 한 장. 이번 선거에서는 모든 후보가 어마어마한 규모의 사업을 하겠다는 꿈을 피력했는데, 선거제도 개혁은 그러한 대규모 사업을 제대로 실현하기 위한 필수 조건이다. 선거제도 개혁은 지역혁신의 필수 과업으로, 민심을 그대로 반영하는 선거제도 개혁은 지역에 정치적 다양성을 가져올 것이고, 정치적 다양성은 경쟁을 낳고, 경쟁은 긴장을 만들며, 긴장은 혁신을 만든다.",정치
"장동혁, 전남광주서 ""참정권 지키는 데 정치생명 걸겠다"" 장동혁 국민의힘 대표가 참정권 수호에 정치생명을 걸겠다고 선언했다. 일 전남광주통합특별시 선거관리위원회 앞 시민운동 현장을 방문해 200여명이 참석한 집회에서 연설했다. 정부와 정치권을 향해 '참정권이 침해된 것은 민주주의 국가에서 있을 수 없는 일'이라며 '지금부터 더 큰 싸움을 해 나갔으면 좋겠다'고 호소했다.",정치
"장동혁, 광주 선관위서 ""국민의 한 표 지키는 데 정치생명 걸겠다"" 장동혁 국민의힘 대표가 광주에서 열린 집회에 참석해 '국민의 소중한 한 표를 지키는 데 저의 정치생명을 걸려고 한다'고 밝혔다. 이날 집회에는 200여 명의 시민이 참석해 투표용지 부족 사태에 대한 진상 규명과 야당 주도 특검, 선거제도 개혁, 재선거 필요성을 강조했다. 장동혁 대표는 오는 17일 제헌절 올림픽공원 집회에 참석할 계획이며, 다음 주에는 대구와 경기 지역에서도 장외 행보를 이어갈 계획이다.",정치
"보험사 중심 금융복합기업집단 체제 강화 보험사 중심 금융복합기업집단 체제 강화. 금융위원회는 8개 금융그룹을 2026년도 금융복합기업집단으로 지정했으며, 삼성·한화·교보·DB 등 4개 그룹이 대표적인 보험 중심 금융복합기업집단이다. 이번 지정을 통해 금융복합기업집단의 자율적인 위험관리 체계가 더욱 정착되고, 빅테크 금융그룹에 대한 그룹 차원의 리스크 관리와 감독도 점진적으로 강화되는 계기가 될 것으로 기대한다.",경제
"'화장실 몰카' 41명 촬영했는데…충북 전 장학관 징역형 집행유예 충북 전 장학관이 공용 화장실 등에 몰래카메라를 설치해 수십 명을 불법 촬영한 혐의로 징역 1년 6개월에 집행유예 3년을 선고받았다. 명을 상대로 모두 47차례에 걸쳐 불법 촬영한 것으로 드러났다. 징계위원회에서 파면 처분을 받았으며, 앞으로는 80시간의 성폭력 치료프로그램 이수와 보호관찰을 명령받게 된다.",사회/세계
"더불어민주당의 형사최악법 이후 장윤기 사건 더불어민주당의 형사소송법개정안이 최악의 법으로 평가받아 장윤기 사건이 진행된다. 경찰은 장윤기를 단순 살인죄로 송치하고, 검사는 보완수사를 요구하지만 경찰은 이를 거부한다. 결국 장윤기는 주취 감경에 공탁 등을 더해서 10년 미만 징역이 선고될 것이다.",정치
"쿠팡, 2분기 親트럼프 인사 통해 백악관 등 25만달러 로비 쿠팡이 도널드 트럼프 미국 대통령과 친분이 있는 인사의 회사를 통해 백악관 등에 로비한 것으로 파악됐다. 만 달러(3억7천만원)를 지급했으며 로비 대상은 백악관, 미 대통령실 연방 하원, 미 무역대표부(USTR)로 명시했다. 이 회사의 대표 브라이언 밸러드는 트럼프 대통령 재집권 이후 워싱턴DC에서 막강한 영향력을 행사해온 로비스트다.",사회/세계
"중동戰 이후 '세력 정치' 강화…""한중일-북중러 블록화 심화할 것"" 송민순 전 외교통상부 장관이 '세력 정치' 강화의 필요성을 제안했다. 중동전쟁 이후 미국이 해외에 개입할 명분의 기준인 '사활적 이익'의 범주를 더욱 좁게 설정할 가능성이 커졌다. 한국은 상황을 냉정하게 판단하고, 평화적 공존이 아닌 '소극적 평화' 전략을 구사해야 한다고 제언했다.",정치
"""네타냐후 18일 방미…19일 트럼프와 회담 가능성"" 베나민 네타냐후 이스라엘 총리가 18일 미국을 방문할 예정이다. 이날 방미 계획은 14일 이스라엘 매체 와이넷이 인용한 소식통에 따르며, 19일 도널드 트럼프 미국 대통령과 회담할 가능성이 높다. 네타냐후 총리는 지난주에도 트럼프 대통령과 회담을 추진해 왔으며, 정상회담 일정은 최종 확정되지 않은 것으로 알려졌다.",사회/세계
"독일 총리, 지방선거 앞두고 ""미국 개입하지 마라"" 독일 총리 메르츠가 미국의 개입을 원치 않는다고 말했다. 만달러를 지원하는 유럽 시민단체는 극우 정치세력을 돕는 것 아니냐는 질문에 대한 답변이었다. 메르츠 총리는 독일에서는 외국 자금으로 정당을 지원하는 게 불법이라며 전 세계의 친구들이 독일의 법적 규정을 지킬 것이라고 믿는다.",문화/트렌드
잇단 죽음에도 ICE 단속 독려하는 트럼프 트럼프 대통령이 ICE 단속을 독촉해 이민자 추방 강경책을 유지하겠다는 뜻을 밝혔다. 이민자 추방 강경책을 유지하겠다는 뜻을 밝힌 트럼프 대통령의 발언으로 과잉 단속 논란에 대한 비판이 재점화할 것으로 보인다. 트럼프 대통령은 이민자 추방 강경책을 유지하겠다는 뜻을 밝혔다.,사회/세계
"비트코인 고래 지갑 다시 휴면 상태…2026년 매도 흐름 급감 비트코인 고래 지갑이 다시 휴면 상태에 들어갔다. 년 매도 흐름이 급감해 1~2년 보유 물량 집단에서만 한 달 이동량이 90만 BTC에 육박했으나, 2026년 들어 이 흐름은 급격히 식었다. 장기 보유자발 국지적 매도 압력이 사라졌다는 신호로 시장 일각에서는 제기된 양자컴퓨터 우려도 직접 반박했다.",경제
"“인허가 하루라도 앞당겨라”…추미애, 삼성 평택팹 용적률 완화 ‘속... 추미애 경기도지사가 삼성전자 평택캠퍼스의 대규모 생산설비 확장을 돕기 위한 '용적률 완화 특례' 카드를 꺼내 들었다. 삼성전자가 용인 반도체 국가산단 내 첫 생산라인 가동 시점을 기존 2031년에서 2029년 하반기로 2년 앞당기기로 결정한 데 대해 호응하는 성격이 짙다. 도는 삼성전자 화성 일반산단 내 연구라인 확장과 관련해선 용인시 등 관련 기초지자체와 협의해 가로막을 걷어내기로 했다.",IT/과학
"[슈퍼맨이 돌아왔다] 곽튜브 아들 태산, 100일 만에 뒤집기 성공~! 폭풍... 슈퍼맨이 돌아왔다의 곽튜브 아들 태산이가 100일 만에 뒤집기 성공을 달성했다. 태산이는 생후 10일 만에 전혀 다른 모습으로 나타나고, 곽튜브는 뿌듯함을 감추지 못 했다. 곽튜브는 태산이의 기저귀 이슈로 인해 빠르게 중단된 재회를 나누던 부자 사이에서 본격적인 육아 모드에 진입했다.",문화/트렌드
"[기고] 나는 ‘사장님’인가 ‘노동자’인가 세븐일레븐 대구 중리체육공원점 점주 김세희가 19시간 노동하는 1인 점주를 묻는 질문을 던진다. 김세희는 하루 19시간, 편의점이라는 좁은 공간에서 일하고 있으며, 최저임금보다 적게 벌어도 있는 상황이다. 이러한 현실은 영세 자영업자에게 법이 보호막이 아니라 두려움의 대상이 되는 것을 보여준다.",라이프
"2천억 불씨 살렸지만...홈플러스 기사회생할까 홈플러스 대주주 MBK 파트너스와 최대 채권자 메리츠금융그룹이 이견을 좁힌 것으로 알려졌습니다. 천억 원의 긴급운영자금 조달 문제에 대해 논의될 것. 안건 통과 여부 미지수, 향후 이사회 승인과 법원 판단이 홈플러스의 운명을 가할 핵심 변수입니다.",경제
"내년 최저임금 시간당 10,700원...올해보다 3.7% 오른다 내년 최저임금 시간당 10,700원으로 인상. 올해보다 380원, 3.7% 오른다. 노사 합의 무산돼 표결로 최저임금 결정.",경제
"뉴욕증시, PPI 소화하며 상승 출발 뉴욕증시가 PPI 소화하며 상승 출발했다. 다우존스30산업평균지수는 187.28포인트(0.36%) 상승한 52,695.55를 기록했고, S&P 500지수는 33.18포인트(0.44%) 오른 7,576.77을 가리켰다. 이러한 추세는 연방준비제도(Fed·연준)가 덜 매파적일 것이라는 의견에 힘이 실린 것이 투자심리를 북돋웠다.",경제
"비키니부터 커버업까지...여름 페스티벌 위한 스타일링 제안 여름 페스티벌 스타일링 가이드가 제안된다. 플라워 패턴과 선글라스는 인생샷을 건지기에 최적의 시각적 효과를 준다. 커버업 제품으로 무드를 살릴 수 있으며, 활동성이 무엇보다 중요하다.",문화/트렌드
"영덕 해수욕장 7곳 17일 일제 개장…안전관리 대폭 강화 영덕 해수욕장 7곳이 17일부터 일제 개장한다. 일간 운영하며, 해파리·상어 차단망 설치. 군은 안전관리 대폭 강화해 피서객들이 안심하고 즐길 수 있도록 하겠다.",라이프
"'반도체 팹 증설 걸림돌' 걷어낸다…정부, 배관실 층간 방화구획 규제 ... 한국 정부가 반도체 팹의 설비배관실 층간 방화구획 설치 의무를 완화하기로 했다. 이번 개정안에는 15일 국토교통부 발표한 '건축법 시행령' 및 '건축물의 피난·방화구조 등의 기준에 관한 규칙' 일부 개정안이 포함된다. 이러한 조치는 첨단 반도체 공장 내 무수한 케이블과 화학 가스 배관이 통과하는 ‘설비배관실’을 대상으로 하며, 산업 현장의 변화와 신기술을 건축제도에 합리적으로 반영하면서도 건축물 화재안전은 확보할 수 있도록 제도를 정비했다.",경제|IT/과학
"공정위, 석화 대수술 '대산 1호 프로젝트' 조건부 승인 시동…심사보고... 공정위, 석화 대수술 '대산 1호 프로젝트' 조건부 승인 시동…. 이번 기업결합의 핵심인 ‘대산 1호 프로젝트’는 대형 석화사 간의 전방위적 연합 전선 구축을 골자로 한다. 이러한 일이 벌어졌는지, 또는 그래서 앞으로 어떻게 되는지는 공정위가 향후 개최될 전원회의에서 심사를 신속히 매듭짓는 한편, 향후 이어질 석유화학 업계의 추가 사업재편 과정에서도 시장의 건전한 경쟁 구도가 훼손되지 않도록 감시를 이어갈 방침이다.",문화/트렌드
"'채상병 수사비밀 누설' 이시원 구속영장 기각…法 ""혐의 다툼 여지"" 이시원 전 대통령실 공직기강비서관이 수사 비밀을 누설한 의혹을 받는 가운데 구속영장을 기각받았다. 년 7월 15일 서울중앙지법에서 열린 구속 전 피의자 심문(영장실질심사)에 출석하고 있다. 이 전 비서관은 채 상병 순직 사건 수사 외압 의혹을 받는 가운데, 종합특검의 수사 막판 차질 불가피해졌다는 지적이 나온다.",정치|사회/세계
"【연속기획①】대한민국 우주산업, 다시 고흥에서 날아오를까 대한민국 우주산업이 다시 고흥에서 날아오를까, 세계 각국은 민간 기업을 중심으로 우주경제 주도권 확보에 나서고 있다. 년 기준 스페이스X는 전 세계 궤도에 투입된 화물 질량의 대부분을 담당하며 글로벌 발사 서비스 시장을 사실상 주도하고 있다. 고흥군이 추진하는 우주항공복합도시 특별법 역시 대한민국 우주산업의 지속 가능한 성장 기반을 구축하기 위한 국가 전략이라는 평가가 나온다.",경제
"이란 ""중동 에너지 수출 중단"" 경고…기름값 비상 걸리나 이란이 중동 에너지 수출을 전면 중단할 수 있다고 경고했다. 미군은 이란 항구 봉쇄를 재개해 20%의 원유와 천연가스 해상 운송량이 지나는 호르무즈 해협을 공격한 데 대응하고 있다. 국제 유가는 긴장 고조로 브렌트유가 한때 배럴당 87달러를 넘었다가 다시 70달러 후반대로 내려왔다.",경제|사회/세계
"트럼프, 이민자 잇단 피격 사망에 중단된 차량 단속 재개 지시 트럼프 대통령이 이민자 잇단 피격 사망에 중단된 차량 단속을 재개하라고 지시했습니다. 일(현지시간) 트럼프 대통령은 ICE 요원들을 상대로 '다시 현장에 나가 여러분의 매우 중요한 임무를 수행하라'고 당부했습니다. 이민자 잇단 사망자 발생으로 ICE는 과잉 단속 논란에 휩싸인 상태입니다.",사회/세계
"'피습 자작극' 정이한 선거 운동에 부친의 직원 동원됐나…경찰, 부친 ... 정이한 전 개혁신당 부산시장 후보가 '피습 자작극' 혐의로 구속된 가운데, 선거운동에 부친의 직원 동원됐나 하는 의혹을 경찰이 확인하고 있다. 일 기준으로 15명의 직원들이 압수수색 대상이었다. 이 사건은 오는 16일 검찰로 송치될 예정이며, 정 전 후보와 관련해 경찰이 수사 중인 사안은 총 4가지다.",정치
"유시민 ""李 매우 위험한 선택, 실패로 끝날 것""…검찰개혁 후퇴 비판 유시민 작가가 이재명 대통령의 검찰개혁 기조와 국정 운영 방식을 비판했다. 이 대통령이 수사·기소 분리를 원치 않아 검찰 개혁이 1년 넘게 안 이뤄지는 이유로 주장했다. 유 작가는 이 대통령의 국정 운영 방식도 문제 삼아 '민주당 지배'를 비판하고, 민주당 해체의 시작으로 평가했다.",정치
"‘아동 성매매+성착취물 혐의’ 최영중 의원…출석 미루고 휴대폰도 제... 한국의 국회의원 최영중이 아동 성매매 혐의를 받고 있는 사건. 일 연합뉴스에 따르면, 피해 중학생 부모는 지난 2월 말 최 의원을 아동·청소년의 성보호에 관한 법률 위반 혐의로 대전지역 경찰서에 고소했다. 이번 사건의 실체를 규명할 주요 증거물들이 고소장 접수 약 4개월 만에야 경찰 수중에 들어오게 된 것이다.",사회/세계
"충주시장 이동석 현 시장 당선 유지…재검표서 2표 변동 충주시장 이동석 현 시장 당선 유지... 만2961표를, 더불어민주당 맹정섭 전 후보는 5만2839표를 얻은 것으로 나타났다. 재검표 작업에는 도내 선관위 소속 공무원 47명이 투입됐다.",정치
"홍지민 ""95세 치매 엄마와 마지막 만남일지도""…가슴 무너지는 눈물 고... 홍지민이 95세 치매 어머니와 마지막 만남을 맞이하는 애틋한 시간을 공개했다. 홍지민의 어머니는 95세에 치매를 앓고 있으며, 홍지민은 마음속에 항상 '어쩌면 오늘이 엄마랑 만나는 마지막일지도 모른다'라는 생각으로 엄마를 만난다. 홍지민은 어머니와 함께하는 특별한 하루를 만들려고 하며, 이 마지막 만남을 통해 가족의 추억을 만들어낼 계획이다.",라이프
[오늘의영상] 마라도나·메시 새긴 아르헨 국기…4강전 승리 기원 아르헨티나 축구팬들이 잉글랜드와의 월드컵 4강전을 기원하고 있다. 수많은 팬들이 미국 애틀랜타에 모여있다. 이제는 마라도나와 메시가 함께 그려진 아르헨티나 국기가 인상 깊다.,문화/트렌드|사회/세계
"남청주농협, 상반기 경영성과 공유 남청주농협이 상반기 주요 사업 추진 성과를 공유하는 행사를 개최했다. 여 명의 조합원들이 참석해 경영 현황을 알렸다. 이길웅 조합장이 앞으로의 발전 방향을 공유하며 조합원들과 소통하는 시간을 가졌다.",경제
"강예빈 ""초5 때 대학생이 섹시하다며 대시…발육 남달랐다"" 강예빈이 초등학생 시절 대학생에게 대시 받은 적 있다고 밝혔다. 일 유튜브 채널 '노빠꾸탁재훈'에는 '강예빈, 저화질 캠 뒤에 숨어 수많은 남심을 울린 하두리 여신'라는 영상이 공개됐다. 강예빈은 초등학교 5학년 때 키가 164cm였다.",사회/세계
"오송참사 3주기 추모식.. 정부, 지자체 공동개최 오송참사 3주기 추모식.. 정부, 지자체 공동개최. 참사 14명 사망, 16명 다쳐 200여 명이 참석한 추모식. 이재명 대통령은 '진상규명에 끝까지 함께하겠다'고 말했다.",정치
"인플레우려 줄면서 중동 긴장에도 美증시,채권 상승 인플레우려 줄면서 중동 긴장이 고조된 가운데 미국 증시가 상승했다. SK하이닉스는 6%, 마이크론은 5% 하락했으며, 2년물 국채 수익률은 4,158%로 하락세를 이어갔다. 인플레션이 정점에 달했고 향후 몇 분기 동안 하락할 것으로 예상하고 있으며, 중동 긴장 고조는 위험 자산에 대한 견해에는 영향이 없다.",경제|사회/세계
"쿠팡, 2분기 친 트럼프 인사 통해 백악관 등 25만 달러 로비 쿠팡이 도널드 트럼프 미국 대통령과 친분이 있는 인사의 회사를 통해 백악관 등에 로비한 것으로 파악됐습니다. 만 달러(3억 7천만 원)를 지급하여 로비를 벌여왔으며, 로비 대상은 백악관과 연방 하원, 미 무역대표부(USTR)로 명시했습니다. 이 회사의 대표 브라이언 밸러드는 트럼프 대통령 재집권 이후 워싱턴DC에서 막강한 영향력을 행사해 온 로비스트입니다.",사회/세계
뉴욕 투자무대 여는 경기도… 글로벌 투자유치 도전할 스타트업 10곳 찾... 뉴욕 투자무대 여는 경기도… 글로벌 투자유치 도전할 스타트업 10곳 찾는다. 총 5억 원 규모의 직접투자를 검토하고 민간투자주도형 기술창업지원(TIPS) 연계도 추진할 계획이다. 이번 프로그램은 미국 시장 진출을 준비하는 도내 스타트업의 투자 경쟁력을 높이기 위해 마련됐다.,사회/세계
"""필연적 실패의 길로""…유시민 '이재명 저격'에 뒤집어진 민주당 유시민이 이재명 대통령을 '필연적 실패의 길로' 비판했다. 이 대통령의 국정 운영을 1년이 넘도록 지연한 이유는 대통령이 수사와 기소의 완전한 분리를 원하지 않기 때문. 민주당 내부에서는 '선 넘었다', '금도를 어겼다'는 격앙된 반응이 잇따랐다.",정치
"충남도의회 행정문화위원회, 제370회 임시회 제1차 회의 개최 충남도의회 행정문화위원회가 제370회 임시회 제1차 회의를 개최하여 2026년 주요업무 추진상황을 청취했다. 예산 편성과 집행 전반을 점검해야 한다고 김복만 위원장이 당부했으며, 청년정책관·감사위원회·자치경찰위원회 소관 주요업무 추진상황이 2026년에 12.5% 증가할 것으로 예측된다. 충남도청년미래센터의 내실 있는 운영을 강조하며, 주민감사청구제와 적극행정 활성화 등을 주문하고, 민선 9기 정책 환경 변화에 맞춰 기존 청년정책을 전면적으로 재검토할 것을 주문했다.",사회/세계
"젤렌스키, 차기 총리에 에너지 기업 CEO 지명…가장 적합한 후보"" 우크라이나 대통령 젤렌스키가 차기 총리를 지명, 나포토가스의 CEO 코레츠키를 선택했다. 일 의회 승인 통과될 듯 국방장관 거취 관심. 젤렌스키 대통령이 겨울을 준비하는 것이라며 모든 협의를 거친 결과 코레츠키가 우크라이나 총리직에 가장 적합한 후보임을 분명하게 말했다.",사회/세계
"""대출 풀어야"" vs ""집값 오른다""…금융위 부동산 토론회서 격론 금융위가 '부동산 금융정책 국민 의견 경청 토론회'를 열어 부동산 문제에 대한 다양한 의견을 수렴했다. 이벤트는 2021년 하반기 집값을 안정시킨 결정적 계기는 총부채원리금상환비율(DSR) 도입과 대출 총량 규제였다. 이재명 대통령은 부동산 중심의 자산 배분 구조를 바꿔야 한다고 강조하며 자본시장 활성화를 위한 제도 개선과 입법 추진 필요성을 강조했다.",정치|경제
[설왕설래] 노르웨이의 ‘바이킹 응원’ 노르웨이의 '바이킹 응원'은 노르웨이와 스웨덴 간의 제2차 세계대전 당시의 차이점을 보여주는 예시다. 년 5월 독일군의 침략을 당한 노르ウェ이는 국왕과 정부 요인들이 영국 런던으로 탈출해 임시정부를 세웠다. 북중미 월드컵에서 노르웨이의 '바이킹 응원'이 화제가 됐다.,문화/트렌드
"韓 배드민턴 초비상! 코트를 떠난 안세영, 왕즈이-야마구치-천위페이 전... 안세영이 배드민턴 대회에서 기권하고 회복에 전념하게 됐다. 일본 도쿄 오픈 16강전을 앞두고 왼발 통증 악화로 인해 기권을 결정했다. 한국 여자 배드민턴은 또 다른 가능성을 보여주며 묵묵히 다음 도전을 준비하고 있다.",문화/트렌드
"전현무, 곽튜브 아내 만난 유일한 지인…아들 100일에 ""엄마 닮아 다행... 전현무, 곽튜브 아내 만난 유일한 지인으로 아들 태산의 100일을 축하했다. 곽튜브는 2026 북중미 월드컵 관람 일정을 중단하고 귀국해 아들의 생일을 맞아 축하를 했다. 곽튜브는 태산이의 성격과 얼굴을 엄마 닮아서 다행이라고 농담을 건네 웃음을 안겼다.",문화/트렌드
"전현무 ""곽튜브 子, 얼굴·성격 엄마 닮아 다행""..100일 맞아 축하 [슈돌... 전현무가 곽튜브 부자와의 아들 태산이 100일을 축하했다. 곽튜브는 북중미 월드컵 일정차 멕시코에 방문했으나 10일 만에 한국으로 돌아갔다. 곽튜브는 육아법에 대해 설명하며, 전현무와의 특별한 인연을 언급했다.",문화/트렌드
"빌라 외벽 무너져...벼락 치더니 뒷산 바위도 '쾅' 빌라 외벽이 무너져 내린 사건이 발생했다. 이 사건으로 인해 차량 2대가 파손됐고, 가스 배관까지 휘었는데 누출은 없었다. 당국은 빌라 거주자 19세대를 긴급 대피시키고 임시 숙소를 마련했으며 추가 붕괴에 대비해 통제선을 설치했다.",사회/세계
"바위가 차 덮치고 쓰러진 나무에 정전…서울 폭우 피해 서울에서 강한 비바람에 바위가 차량을 덮치고 쓰러진 나무에 정전이 발생했습니다. 커다란 바위가 차 위에 있으며, 주민 2대 차량이 파손됐습니다. 또한, 서울 관악구 봉천동에서는 강풍으로 쓰러진 나무가 전기설비를 건드리면서 970여 세대의 전기 공급이 끊겼습니다. 서울은 내일부터 다시 무더위가 이어질 전망입니다.",사회/세계
"아파트 뒷산 암반 무너져 차량 덮쳐…폭우 뒤 뒷산 둘러보니 서울의 한 아파트 뒷산 암반 무너져 차량을 덮치는 사고가 발생했다. 이전에도 붕괴 위험 신호가 있었다는 것은 확인됐다. 정부 관리 대상에선 빠져 있었지만, 전문가들은 '나무 뿌리가 파고들면서 바위틈이 벌어져 있다'며 '산사태 취약지역'으로 지정해야 한다고 주장하고 있다.",사회/세계
"여수세계섬박람회 덮친 267억 입찰 의혹…개막 앞두고 경찰 수사 본격화 여수세계섬박람회 운영대행 용역 선정 과정에서 의혹이 제기됐다. 억원 규모의 운영대행 용역 평가과정에서 특정 업체에 유리한 점수가 주어졌는지 확인하고 있다. 경찰 수사는 위법 행위가 있는지 확인하고, 조직위원회의 협조를 약속했다.",사회/세계
"순천 젖소농가 브루셀라 비상…긴급 방역 고삐 죈다 순천 젖소농가에서 브루셀라 발생, 방역 비상. 두 살처분, 1억2000만원 지원. 방역당국이 추가 확산을 막기 위해 총력 나선다.",사회/세계
"냉동고에 사체 92구…산 채로 배 가른 개 번식장 일당 결국 유죄 수원지검에서 10년간 가족기업으로 운영한 개 번식장이 냉동고에 사체 92구를 숨기고 유죄 판결을 받았다. 이번 사건에서는 1400마리의 개가 사육됐으며, 3.3㎡(1평) 남짓한 공간에 최대 15마리를 밀집 사육하거나 케이지를 3단으로 쌓아 관리하는 등 열악한 환경이었던 것으로 조사됐다. 이번 사건은 동물보호법 위반, 수의사법 위반, 건축법 위반 혐의로 기소된 번식장 대표 A씨 등에게 징역 1년 6개월과 벌금 300만원을 선고받았다.",사회/세계
"[미디어 이슈] 반복되는 “확인하겠다”… 국방부 대변인 브리핑 도마 국방부 대변인 브리핑 도마, '확인하겠다' 반복 논란. 국방부는 장병 사망 사건에 대해 '조사 중'으로 답하고, 안 장관 의혹에는 '허위 사실'이라며 법적 조치 가능성까지 언급. 국민이 궁금했던 것은 안 장관의 병적기록 원본 확인 여부와 보고 시점, 하지만 국방부는 구체적인 설명을 내놓지 못해 논란이 되고 있다.",정치
"축구협회, 보궐선거 후보 절차 안내… ""현 규정 적용 뜻 아냐"" 대한축구협회가 차기 회장 선거 절차를 안내했다. 일까지 후보 등록 의사를 밝히거나 직에서 물러나야 한다. 이번 안내는 향후 발생할 수 있는 절차상 문제를 피하기 위한 통상적인 실무 조치일 뿐, 현행 정관대로 선거를 치르겠다는 뜻은 아니다.",정치
"[사설]고이면 썩기 마련… 지역 순환 인사로 ‘향찰 유착’ 막아야 광주 광산경찰서 소속 박모 경감이 구속 전 피의자 심문에 출석하고 있다. 전국 10년간 경찰이 다른 시·도경찰청으로 발령난 비율은 평균 6.5%, 경위는 3.2%다. '향찰 세력화'를 막기 위한 통제 장치를 두는 건 미룰 수 없는 과제다.",사회/세계
"김수현, 반쪽 된 얼굴에도 환한 웃음 터졌다…40편 러브콜 속 본격 복귀... 김수현이 40편 러브콜 속 본격 복귀를 시작했다. 일 자신의 SNS에 필리핀 패션 브랜드 '벤치(BENCH)' 광고 촬영 현장 사진을 게재해 팬들의 관심을 집중시켰다. 이번 광고 촬영은 약 1년 4개월 만에 소화한 첫 공식 일정으로 의미를 더하며, 김수현의 본격적인 활동 재개를 앞두고 있다.",문화/트렌드
"이수지 공무원 패러디에 '재선거' 장면 논란…제작진 ""정치적 의도 없어... 이수지의 공무원 패러디 영상이 정치적 논란에 휩싸이자. 해당 영상으로 인해 불편함과 실망을 느끼신 모든 분들께 진심으로 사과드린다. 이번 일은 출연진 개인의 정치적 성향이나 의사와는 전혀 무관하며, 영상 제작 과정에서 세심하게 검토하지 못해 발생한 문제.",문화/트렌드
"전세대출·총량규제…부동산 금융 해법 '갑론을박' 금융위원회가 부동산 금융 정책을 논의하는 토론회를 개최했다. 전세대출 대출의 경우보다 선별적인 지원이 필요하다는 의견이 제시됐으며, 대출 규제를 무조건적으로 완화하기보다는 공급과 세제 정책을 두루 활용한 접근이 필요하다고 말했다. 부동산 정책 토론회는 재정경제부의 세제 분야를 끝으로 사흘간의 일정을 마무리하고, 향후 부동산 정책 방향이 논의될 예정이다.",경제
"이수지 측, '재선거' 논란에 결국 사과⋯""제작진의 부족함, 정치성향 NO... 이수지의 유튜브 채널 '핫이슈지'가 '재선거' 논란에 사과했다. 일, 제작진은 해당 영상에서 특정 사안이나 정치적 입장을 전달하려는 의도로 사용된 것이 아니었다고 해명했다. 이번 일은 출연진 개인의 정치적 성향이나 의사와는 전혀 무관하며, 영상 제작 과정에서 제작진이 세심하게 검토하지 못해 발생한 문제였다.",문화/트렌드
"이수지 유튜브, '재선거 시위' 장면 논란에 사과…""정치적 성향 무관"" (... 이수지 유튜브 채널 '핫이슈지'에서 공무원 민원을 풍자한 콘텐츠 논란이 발생했다. 일 '핫이슈지' 제작진은 사과문을 게재해 해당 장면이 특정 사안이나 정치적 입장을 전달하려는 의도로 사용된 것이 아니었다고 밝혔다. 이번 일은 출연진 개인의 정치적 성향이나 의사와는 전혀 무관하며, 앞으로는 보다 책임감 있는 자세로 콘텐츠를 제작하겠다고 약속했다.",문화/트렌드
"[사설] ‘아동학대 3법’ 개정으로 교권 침해하는 무고성 신고 막아야 한국교원단체총연합회, 교사노동조합연맹, 전국교직원노동조합이 '아동학대 3법' 개정을 촉구했다. 년 9월부터 올해 2월까지 교원 대상 아동학대 신고 1870건 중 종결된 사건 993건의 90.4%는 무혐의 처리됐다. 정당한 교육 활동에 면책권을 부여하는 한편, 악의적인 무고성 신고를 반복하는 학부모는 실질적으로 제재할 수 있는 방안을 마련할 필요가 있다.",사회/세계
"경찰, 경산 친구 ‘살인’ 20대 피의자 구속 송치 경산 경찰이 20대 피의자 A씨를 살인 혐의로 구속 송치했다. A씨는 4일 오전 4시쯤 경산시 하양읍 자신의 아파트에서 친구를 흉기로 수십 차례 찔러 숨지게 한 혐의를 받는다. 경찰은 이 사건에 대한 신상정보를 홈페이지에 공개할 예정이다.",사회/세계
"""장윤기, 범행 훨씬 이전부터 피해자 알고 있었다"" 장윤기가 살해한 여고생을 범행 훨씬 이전부터 알고 있었던 정황이 포착됐다고 경찰이 밝혔다. 정황은 당시 수사팀이 압수한 장윤기 휴대전화 공기계에서 발견됐으며, 피해 여고생을 알게 된 시점이 사건 발생 훨씬 이전으로 추정된다는 게 특별수사단 설명이다. 그러나 당시 수사팀은 성범죄 목적은 생략된 채 우발적 살인 혐의로 장윤기를 검찰에 넘겼으며, 구속된 수사팀장 A 경감이 리얼돌과 케이블 타이 등 주요 증거물을 압수하지 않았다.",사회/세계
"‘우발적’이라던 장윤기… 피해 여고생 미리 알았을 가능성 장윤기, 우발적 살인 혐의를 받고 있는 가운데 피해 여고생을 미리 알고 있었을 가능성이 드러났다. 정황은 경찰청 특별수사단 조사를 통해 확인 중으로, 장윤기가 범행 전 피해 여고생을 일방적으로 알고 있었을 가능성을 유추할 수 있는 흔적이 발견됐다. 이 사건의 조사 결과는 강간살인 혐의 등으로 확장될 것으로 보이며, 경찰 윗선의 부당한 개입이 있었는지를 집중 조사 중이다.",사회/세계
"[단독] ""관계성 범죄 연결 안 되도록""…의도적 '부실 수사' 장윤기 사건 수사가 부실로 진행된 것으로 확인됐다. 이번에 확보한 진술에 따르면 광산경찰서장이 스토킹 같은 관계성 범죄와 연결 안 되도록 지시했다. 이러한 부실 수사는 장윤기 주장을 받아들여 살인 행위가 우발적 범행이었다는 판단을 내렸으며, 성범죄 관련성을 배제한 채 강간 살인죄가 아닌 일반 살인죄만 적용했다.",사회/세계
"쿠팡, 美 로비업체에 25만달러 지급…백악관·의회 대상 활동 쿠팡이 로비업체 '밸러드 파트너스'와 25만달러의 계약을 맺었다. 이 계약은 미국 백악관과 연방의회 등을 상대로 로비 활동을 벌인 것으로 파악됐다. 이로 인해 쿠팡은 미국 정부와 의회를 상대로 로비를 이어왔으며, 최근에는 미국 연방 하원 법제사법위원회가 한국 정부가 쿠팡을 차별적으로 대우하고 있다는 내용의 보고서를 공개했다.",경제
"쿠팡, 트럼프 측근 로비 회사에 2분기 25만 달러 썼다… 전방위 공략 쿠팡이 도널드 트럼프 대통령의 로비 회사에 25만 달러를 지출한 것으로 확인됐다. 이 중 15일 미 상원에서 공개한 자료에 따르면, 쿠팡은 지난 2분기 워싱턴의 대형 로비 회사인 밸러드 파트너스에 25만 달러를 지급했다. 이러한 물밑 작업은 최근 미국 정치권에서 쿠팡 관련 이슈가 표면화되는 흐름과 무관치 않다는 분석이 나온다.",사회/세계
"""호르무즈 해협 통행료 20% 번복"" 트럼프 오락가락 행보 트럼프 대통령이 호르무즈 해협 통과하는 선박에 20%의 통행료를 부과하겠다고 발표했다. 이란의 계획을 오히려 정당화해 줄 수 있다고 경고한 보좌진들은 통행료 부과가 미국의 전쟁 목적을 약화시킬 수 있다고 말했다. 트럼프 대통령은 결국 계획을 철회하고, 걸프 지역 국가들이 미국에 새로운 규모의 투자를 단행하기로 약속했다.",사회/세계
"뉴욕 연은총재 ""美인플레 정점 지나…현 통화정책 적절"" 뉴욕 연은총재 존 윌리엄스가 인플레이션이 정점을 지났다고 진단했다. 올해 말 전체 물가상승률이 약 3.25% 수준까지 낮아질 것이라고 예상하고, 2028년에는 2%에 도달할 것으로 전망했다. 현재의 통화정책 기조는 연준의 장기 목표치인 물가 2%를 달성하기에 적절한 수준으로 평가했다.",경제
"한미반도체, 정규장서 상한가 마감…7월 1일 이후 주가 첫 26만원선 회복 한미반도체가 KRX 정규장에서 가격제한폭까지 오르며 강세로 거래를 마쳤다. 만9,500원에 장을 마감하며 상한가를 기록했으며, 7월 1일 이후 처음으로 26만원선을 회복했다. 이날 국내 증시는 미국의 6월 소비자물가지수(CPI)가 시장 예상치를 밑돌면서 금리 부담이 완화된 영향으로 반도체주를 중심으로 강세를 보였다.",경제|IT/과학
"‘예비 신랑’ 고석현, ‘UFC 3연승’을 예물로…결혼 3주 전 옥타곤 출... 고석현이 UFC 3연승을 예물로 준비하는 중이다. 고석현은 8월 초 결혼을 앞둔 '예비 신랑'으로, 체육관에서 굵은 땀방울을 흘렸다. 이번 경기는 고석현의 경기를 뛸 수 있었던 것은 예비 신부의 내조 덕에 가능했다.",문화/트렌드
"[사설] 사관학교는 안보 백년대계…왜 졸속으로 통합 밀어붙이나 국방부가 3군 사관학교를 통합하여 국군사관학교를 설립할 계획을 발표했다. 이 계획은 4년제로 생도들을 통합 교육하는 방식을 검토 중이다. 또한, 육·해·공군별 생도 선발 방식은 향후 공청회 등을 통해 확정한다는 게 국방부의 입장이다. 국군사관학교설치법 제정과 예산 확보, 통합 커리큘럼 개발까지 사전 과제가 산적해 있다. 따라서, 이 계획을 졸속으로 추진하면 안보의 근간을 흔들어선 안 된다.",정치
"美 국채가, 한풀 꺾인 PPI에 단기물 강세 美 국채가 PPI 둔화에 강세 압력을 받고 있다. 년물 국채금리는 4.568%, 2년물 금리는 4.160%를 기록했다. PPI 둔화와 CPI 꺾인 데 이어 연방준비제도(Fed·연준)의 인플레이션 전쟁은 아직 끝나지 않았다.",경제
"122표 차이로 끝난 충주시장 선거…재검표서 이동석 시장 당선 확정 충주시장 선거 재검표 결과, 국민의힘 이동석 시장 당선이 확정됐다. 표 차이로 끝난 선거, 기존 124표에서 조정된 것임. 재검표는 더불어민주당 맹정섭 전 충주시장 후보가 제기한 당선무효 소청에 따라 법원의 결정으로 전격 시행됐다.",정치
"순천시의회 제297회 개회… 의사봉 논란 사과·육교 정비 제안 순천시의회 제297회 개회, 의사봉 논란 사과와 육교 정비 제안이 이어졌다. 건의 안건을 심사하고 21일 제2차 본회의에서 의결할 예정이다. 보도육교 정비·철거 필요성을 제기하며 사람 중심의 보행환경을 조성해야 한다고 주장했다.",사회/세계
"이정운 의원, 5·18 왜곡 예방체계 구축 촉구 이정운 의원은 5·18 민주화운동 역사 왜곡 예방체계 구축을 촉구했다. 현재는 역사 왜곡이 발생한 이후 법적 대응과 사후 조치에 집중하는 경향이 있다. 통합특별시 출범으로 행정 여건이 달라진 만큼 5·18 관련 정책도 광주 중심에서 벗어나 전남까지 아우르는 방향으로 확대해야 한다고 강조했다.",정치
"임만균 서울시의회 의장, 학생 안전·진로교육 현장 점검…""더 큰 꿈 펼... 임만균 서울시의회 의장이 학생 안전 교육 현장을 방문해 체험 중심의 안전교육 확대와 미래 인재 양성을 위한 지속적인 지원 의지를 밝혔다. 마곡안전체험관과 서울진로직업박람회를 잇달아 방문해 학생 안전교육과 진로직업 교육 운영 현황을 점검하고, 서울시교육청과 협력을 통해 학생들의 성장 기반을 더욱 강화해 나가겠다고 강조했다. 이러한 일은 학생들이 더 큰 꿈을 품고 자신의 가능성을 마음껏 펼칠 수 있도록 서울시의회가 제도적·재정적 지원을 아끼지 않겠다.",사회/세계
"‘논문 조작’ 황우석, 최고과학기술인상 22년만 취소…대통령 재가 황우석 전 서울대 교수가 논문 조작으로 논란을 빼앗은 대한민국 최고과학기술인상을 22년만 취소했다. 취소는 행정안전부에 따르면 15일 대통령 재가로 이뤄졌으며, 수상 취소 사실은 60일 이내 관보에 게재할 예정이다. 이로써 황우석 전 교수의 최고과학기술인상은 14일부로 취소됐으며, 향후 과학기술 발전에 크게 기여한 과학기술인에게 수여하는 대통령상을 받을 수 없게 되었다.",문화/트렌드|정치
"“몇천만원 빚 탕감, 도덕적 해이 아니다” 이재명 대통령이 장기 연체 채무자에 대한 적극적인 부채 탕감을 지시했다. 일 청와대 영빈관에서 열린 재정경제부·국가데이터처·금융위원회·기획예산처 업무보고에서 지시한 바 있다. 이 대통령은 자산의 부동산 쏠림 현상을 해소하기 위한 주식시장 정상화도 거듭 주문했다.",정치
"대통령 “단일종목 레버리지, 보완책 신속히 마련하라” 대통령이 단일종목 레버리지 ETF에 대한 보완책을 신속하게 마련하라고 주문했다. 이 대통령은 15일 업무보고에서 '보완대책을 잘 신속하게 마련하라'고 지시했으며, 최근 코스피 시장의 변동성으로 인한 개인투자자의 손실이 급격히 불어난 점도 고려하고 있다. 이 대통령은 단일종목 레버리지 ETF에 대한 보완책을 신속하게 마련하라고 주문하면서, 정부가 큰 틀의 방향만 제시하고 세부 대응책은 증권사가 자율적으로 마련하는 방식도 거론된다.",정치|경제
강경화 “쿠팡 이슈 오래 간다”…미국 불만 들고 귀국 강경화 주미 대사가 일시 귀국했다. 일 조현 외교부 장관의 지시로 귀국한 것. 쿠팡 문제에 대해 '생각했던 것보다 훨씬 오래 가는 이슈'라며 다양한 레벨에서 협의를 계속하고 있다.,정치
"한화오션 '8만오션' 되찾았다, 주가 반등세 이어가나? 한화오션이 8만원대를 회복했다. 한국거래소에 따르면 한화오션은 이날 코스피 시장에서 전 거래일보다 5200원(6.77%) 오른 8만2000원에 거래를 마쳤다. 장중 매수세가 꾸준히 유입되면서 주가는 8만원선을 넘어섰고, 향후 글로벌 조선 업황과 국내 증시의 투자심리 회복 여부 등이 한화오션의 추가 주가 흐름을 좌우할 주요 변수로 꼽고 있다.",경제
"HLB·HLB제약·HLB테라퓨틱스 등 그룹주, 줄줄이 주가 상한가 마감…'반... HLB그룹주가 일제히 상한가를 기록하며 시장의 시선을 집중시켰다. 일 HLB그룹주가 29.9% 오른 3만4700원에 거래를 마쳤다. 이번 급등의 배경에는 간암 신약 '리보세라닙'의 미국 허가 과정에서 제기됐던 핵심 우려가 상당 부분 해소됐다는 회사 측 발표가 자리하고 있다.",경제
"[최준호의 사이언스&] 4년 뒤 달 착륙, 10년 뒤 K스타링크, 빨라지는 한... Korea Aerospace Administration (KASA) plans to launch a small lunar landing spacecraft in 2030, four years earlier than previously planned. The KSLV-Ⅲ, a next-generation launch vehicle, will be developed by 2025 and used for the lunar landing mission. South Korea aims to establish itself as a major player in the global space industry, with plans to build its own satellite constellation and data center.",사회/세계
"트럼프 “주말까지 협상 안하면 발전소 폭파”…이란 미사일 기지 공습 트럼프가 이란에 대한 공습을 재개하고, 주말까지 협상이 안하면 발전소와 교량을 모두 무너뜨릴 것이라고 경고했다. 미국은 15일 X시간에 호르무즈해협 입구의 전략 요충지인 그레이터툰브섬을 정밀 타격하고, 항공모함 2척을 포함한 전함 20척과 군용기 수백 대가 동원됐다. 이란은 원유를 실어 나르는 ‘셔틀선’까지 공격하고 있으며, 한국 장금상선이 지배하는 선단 소속 몸바사B호에서는 선원 1명이 숨졌다.",사회/세계
"미군, 이란 군사시설 닷새째 공습…이번엔 대낮 타격 미군이 이란 군사시설을 5일째 공습했다. 오전 7시 30분 종료, 약 90분간 진행된 작전에서 대툰브섬 해안 방어체계를 타격했다. 이번 공습으로 호르무즈 해협 민간 상선을 위협해 온 이란의 군사 역량이 추가로 약화됐다고 평가했다.",사회/세계
"""이제 아프지 마"" 돌고래 '안목이' 무사 구조 돌고래 '안목이' 구조 작업을 진행했다. 일 해양수산부와 국립해양생물자원관, 국립수산과학원 고래연구소 등으로 구성된 구조팀은 12시 30분쯤 안목항에서 안목이를 무사히 구조했다. 안목이는 울산 장생포 고래생태체험관으로 이송돼 정밀 검진과 치료를 받을 예정이다.",사회/세계
"“잘가 안목이” 강릉 남방큰돌고래 ‘안목이’ 무사 구조⋯울산으로 ... 강릉 남방큰돌고래 '안목이'가 무사히 구조됐다. 해양수산부 등 안목이 구조팀은 15일 강릉항 요트마리나에서 안목이를 구조하고, 울산 장생포 고래생태체험관으로 이송했다. 안목이는 울산에서 치료를 받은 뒤 자연방생 여부가 결정될 예정이다.",문화/트렌드
"조혜련, 위고비·마운자로 없이 감량 ""다이어트 비디오 찍고 하루 만 4k... 조혜련이 다이어트 비디오를 촬영하고 하루 만에 4kg을 감량했다. 년 태보 라인업을 준비하는 조혜련의 다이어트 비디오는 15일 유튜브 채널 '조회련: 조혜련'에 게재됐다. 조혜련은 새로운 '태운자로'를 제안하며, 기본자세가 10분을 계속 움직이는데 살이 빠지고 엄청 건강해진다.",문화/트렌드|라이프
9년 만 日 찾은 젠슨 황…아키하바라 행사에 이자카야 회동(종합) 엔비디아 최고경영자(CEO) 젠슨 황이 9년 만에 일본을 찾았다. 약 50명의 팬이 몰려 행사 예정 시간 30분 전부터 오락실 앞은 인산인해를 이뤘다. 황 CEO는 현지 반도체 업계 관계자들과 이자카야 만찬을 함께 했다.,경제
'삼전닉스 레버리지 ETF' 보완책 마련될까? 이재명 대통령이 '삼전닉스 레버리지 ETF'에 대한 보완책 마련을 지시했다. 금융당국과 한국거래소가 신속한 보완책 마련을 주문받았다. 고위험 금융상품 확산에 따른 개인 투자자의 피해 가능성을 선제적으로 관리해야 한다는 이유에서다.,경제
"시에라리온 전 대통령 반역 혐의 공소 취소 시에라리온 전 대통령 반역 혐의 공소 취소. 년 반 만에 취소된 공소, 체르노르 바 정보장관은 건강상의 이유로 이뤄졌다고 밝혔다. 코로마 전 대통령은 평화와 정의, 화해를 역경을 이겨내야 한다는 신념을 갖고 있다.",정치
‘종합특검 재차 연장’ 與단독 법사위 통과 국힘당이 2차종합특검을 연장 반대하는 이유는 특검 활동 기간이 너무 길다는 것. 일간의 특검 활동 기간과 370억원 예산 투입. 민주당은 2차종합특검 종료일인 이달 24일 이전에 국회 본회의를 열고 특검 연장안을 처리하겠다는 입장.,정치
"유시민 “李 잘못된 판단, 필연적 실패의 길로 가고 있다” 유시민이 이재명 대통령의 '검찰 개혁'과 정국 운영을 비판했다. 일 유튜브 채널 '매불쇼'에 출연해 '필연적인 실패의 길로 가고 있다'고 했다. 민주당 전당대회를 앞두고 여권 인사가 공개 비판한 것은 이례적인 일이다.",정치
"“봐주면 당한다” 與강경파의 뿌리 깊은 검찰 불신 더불어민주당 강경파가 검찰 불신을 표명하고 있는 가운데, '보완수사권 폐지'를 요구하는 의원들이 당내에서 반발하고 있다. 이번에 제출된 형사소송법 일부개정법률안에는 보완수사권 완전 폐지의 방안이 포함되어 있다. 여권 강성 지지층은 검찰에 대한 뿌리 깊은 불신을 갖고 있으며, 문재인 정부 때의 정치검찰 문제도 이를 뒷받침하고 있다.",정치
"與서도 “보완수사권 유지” 목소리 확산 민주당 의원 11명이 '일부 존치' 법안을 발의, 검찰의 보완 수사권 일부를 남겨 두는 형사소송법 개정안을 추진 중이다. 민주당 내부에서는 14명의 의원이 디지털 성범죄 등 사건에 보완수사권을 허용하는 법안을 발의하는 방안도 검토하고 있다. 민주당 지도부는 예외적으로 보완수사권을 존치해야 한다는 의견을 충분히 들을 필요가 있으며, 처리 시점을 못 박기는 어렵지만 전당대회 이후로 논의가 이어질 가능성도 염두에 두고 있다.",정치
"美, 일 년 내내 ‘서머타임’ 쓰나…법안 하원 통과 미 하원에서 '서머타임' 법안이 통과됐다. 표의 찬성으로 통과된 이 법안은 일광절약시간제를 상시화하는 데 주력한다. 이로 인해 미 동부시간 기준으로 한국과는 연중 13시간 차이가 날 것이며, 도널드 트럼프 대통령도 이를 지지하고 있다.",사회/세계
"러 ""'의지의 연합' 우크라 파병 용납 못해…군사 목표물로 간주"" 러시아가 '의지의 연합' 군사훈련 계획에 경고, 우크라이나 파병을 용납하지 않을 것이라고 말했다. 일 프랑스 파리에서 '의지의 연합' 다국적군이 행진하는 모습. '의지의 연합'은 서방 진영 약 40개국이 참여해 전후 우크라이나 안전보장 방안을 논의하는 모임이다.",사회/세계
"'서머타임 상시화' 美 하원 통과…확정 땐 한미 시차 '13시간 고정' 미 하원 '일광보호법안'이 통과, 서머타임 상시화 추진. 일 미 하원 찬성 308표, 반대 117표로 가결. 서머타임 상시화가 되면 미국 동부 시간 기준으로 한국과 시차가 연중 '13시간'으로 고정된다.",사회/세계
"[미네르바의 눈] 물류단상(物流斷想): 트럼프 관세 전쟁이 만들어 낸 새... 트럼프 관세 전쟁이 새로운 물류 지도를 만들었다. 미국과 중국 간의 무역 분쟁으로 50조원 화물운송 시장의 심장이 멈췄다. 이러한 상황에서 '산업 금융'을 깨워야 하며, 멀티소싱과 니어쇼어링이 진짜 전략이다.",문화/트렌드|사회/세계
"뉴욕 연은 총재 ""인플레 정점 달해…현 통화정책 목표치 달성에 적절"" 뉴욕 연은 총재가 인플레이션이 정점을 찍었다고 평가했다. 인플레이션 목표치 달성에 적절한 통화정책 기조를 유지하고 있다. 경제 성장은 견고하고 추세대로 진행되고 있으며, 노동 시장도 안정적이다.",경제
"中 창신메모리 상장, 예상 넘는 흥행… 최대 15조원 조달할 듯 중국 창신메모리 상장이 예상 넘는 흥행을 보이며, 최대 15조원 조달할 듯하다. 개 기관이 운용하는 1만907개 투자 계정이 주문을 제출해 총 1조2382억주로, 기관 배정 물량의 약 462.9배에 달했다. 이번 상장은 중국 내 자본뿐만 아니라 외국인 투자자들의 자금도 대거 유입될 것으로 업계는 보고 있다.",경제
"AI에 ‘몸짓 데이터’ 주려고… 이 마을에선 머리에 폰 달고 망고 썬다 인도·중국에서 '데이터 노동'이 확산되고 있다. 인도에서는 주부와 공장 노동자 등 수천 명이 로봇 학습용 데이터 생산에 참여하고 있다. 이 중 일부는 1인칭 영상을 특화된 AI 모델에 입력하여 로봇이 인간을 모방하도록 데이터를 수집하는 것이다. 또한, 중국에서는 지역 전체가 행동 데이터 생산 기지로 바뀌는 사례도 나왔다. 이러한 현상은 노동자의 몸이 'AI 교재'가 되고 있는 것처럼 보인다. 생성형 AI가 대중화되기 전에는 개발도상국 노동자들이 글과 사진, 음성을 분류하고 꼬리표를 붙여 컴퓨터가 콘텐츠의 의미를 구분하도록 가르쳤다.",IT/과학
"美, 해상 봉쇄 재개… 이란, 美기지 3곳 공습 ‘맞불’ 미국이 이란을 겨냥한 새로운 군사작전을 시작했다. 이란에 대한 해상 봉쇄를 재개하며 20여 척의 해군 함정과 수백 대의 군용기 투입. 이란은 추가 보복도 예고하며 '최종 승리를 거둘 때까지 역내 미군 기지 공격을 계속하겠다'.",사회/세계
"벼락 맞은 바위 '와르르'…수도권 정전 잇따라 벼락 맞은 바위 '와르르'가 수도권 정전 잇따라. 서울 홍제동에서 50mm의 집중 호우가 쏟아졌으며, 2대 차량이 파손됐지만 인명피해는 없었다. 강한 비바람에 지반이 약해지면서 수도권 곳곳에서 붕괴와 낙석 사고가 잇따랐으며, 정전 사고도 발생하여 철저한 대비가 필요해 보인다.",사회/세계
"바다 없는 海士, 활주로 없는 空士 현실화되나 국방부가 육·해·공군 사관학교를 통합하여 대전 자운대에 4년제 국군사관학교를 창설하는 방안을 검토하고 있다. 이 계획에는 1~2학년에게는 공통 기초 소양 교육을 하고, 3~4학년은 육·해·공군으로 나눠 각군 특성화 교육을 하는 '2+2 방식'을 채택할 계획이다. 그러나 이에 대한 우려가 제기되는 것은 해·공군의 실습이 특정 기간에 집중돼 있어, 해당 기간에만 생도들이 이동해 훈련하면 된다는 것이다.",사회/세계
민주당 텃밭인데… 전남광주 의원들 최고위원 출마 0명 민주당 텃밭인데… 전남광주 의원들이 최고위원 출마 0명. 일까지 여권 텃밭인 전남광주 의원들이 최고위원 선거에 단 한 명도 출사표를 내지 않았다. 호남 출신 정치인이 대선 후보 등 민주당 간판이 되기 어려운 것과 마찬가지 상황.,정치
"결국 터질게 터져, 70만 뷰 대박 났는데…이수지 유튜브 덮친 ‘재선거... 코미디언 이수지의 유튜브 콘텐츠가 정치적 논란에 휩싸였다. 업로드 만 하루 만에 문제의 장면이 편집되고 사과문이 게재됐다. 이번 일은 출연진 개인의 정치적 성향이나 의사와는 전혀 무관하며, 제작 과정에서 세심하게 검토하지 못해 발생한 문제.",문화/트렌드
"이수지 측, 공무원 패러디 논란 사과…“정치적 의도 없었다” [SD이슈] 이수지의 공무원 패러디 콘텐츠 논란이 발생해 유튜브 채널 '핫이슈지' 제작진이 공식 사과를 발표했다. 일 유튜브 채널 '핫이슈지' 제작진은 커뮤니티를 통해 공식 사과문을 발표하며, 정치적 의도는 없었다고 강조했다. 이번 논란은 이수지 개인의 정치적 성향이나 의사와는 무관한 제작 과정의 문제였다고 제작진이 설명하며, 앞으로는 더욱 책임감 있는 자세로 콘텐츠를 제작하겠다고 약속했다.",문화/트렌드
"게이츠재단 기부 중단한 버핏 ""게이츠-엡스틴 교류 불쾌"" 워런 버핏이 게이츠재단에 대한 연례 기부를 중단한 배경을 설명했다. 게이츠재단에 470억 달러 이상의 버크셔 주식을 기부해왔다. 버핏은 AI 경쟁에서 요구되는 막대한 자본투자가 알파벳이나 경쟁기업들이 직면한 핵심 이슈라고 지적했다.",IT/과학
"날아온 3개의 청구서… 호황 반도체 발목 잡나 정부가 반도체 기업의 '초과 이윤'을 사회적으로 재분배하는 방안을 공론화하고 나섰다. 고용노동부는 14일 서울 용산에서 개최한 토론회에서는 '특별목적세 부과'와 '법인세 최고 세율구간 확대' 등 방안들이 잇따라 나왔다. 이 호황이 얼마나 지속될지 경영진조차 예측하기 어려운 상황에서, 산업 경쟁력 강화보다 눈앞의 ‘황금알 낳는 거위’를 어떻게 나눠 먹을지에만 관심이 쏠려 있는 것 같다.",경제|IT/과학
"반도체주 급락했지만…""한국·글로벌 경제는 순항 중"" 전문가 진단 신영증권 연구원 김효진이 반도체 주가 급락에 대해 '순항 중'으로 진단했다. 만명을 보유한 유튜브 채널 '지식인사이드'의 영상에서 김 연구원은 주가가 3일 연속 급락할 때 개인 투자자들이 패닉에 빠져 매도하는 경우가 많은데, 이는 이미 팔 사람이 다 팔고 난 뒤라 오히려 바닥권일 가능성이 크다. 김 연구원은 한국 경제와 글로벌 경제가 순항 중이라고 진단하며, 주변부 종목들이 먼저 무너지며 돈이 한곳으로 쏠리는 현상이 발생한다.",경제|IT/과학
"李대통령 ‘낙태약 허용 검토’ 지시… 의료계 “위험하고 무책임한 발... 이재명 대통령이 낙태약 허용 검토 지시, 의료계 반발. 년 프랑스에서 만들어진 미프진 약물 100여 국에서 쓰이고 있는 임신 중절 유도 약물. 의료계는 '지극히 위험하고 무책임한 발상'이라며 비판, 대통령 지시가 국민을 위험한 생체 실험장으로 내모는 격.",정치
"유네스코, 사도광산 결정문안 발표…국가유산청 ""우리 입장 반영돼"" 유네스코, 사도광산 결정문안 발표…국가유산청 '우리 입장 반영돼'. 사도광산 등재 이후 전체 역사와 관련된 일본의 해석·전시 전략 및 시설 개선 조치에 일부 진전이 있었으나 아직 충분히 발전되지 못했다. 정부는 앞으로도 일본이 세계유산위원회 결정과 등재 당시의 약속을 충실히 이행하도록 필요한 노력을 지속해 나갈 것.",라이프
"국가유산문화교류협회 창립 ""지역문화 홍보 앞장"" 국가유산문화교류협회 창립 기념식이 열렸다. 이민찬 전 춘천교육장이 초대 회장으로 취임했다. 협회는 강원 전역을 아우르는 지킴이 단체를 목표로 하며, 국경을 넘어 우리 문화를 알리는 흐름을 추진할 계획이다.",경제
"코위크 아카데미 참가 학생들, 평창내 25곳에 감사 현수막 ‘눈길’ 코위크 아카데미 참가 학생들이 평창지역 25곳에 감사 현수막을 게시했다. 올해는 전국 67개 대학 학생 3,400여명이 평창을 찾았다. 코위크 아카데미가 인재 양성과 지역 상생을 함께 이룬 좋은 모델이 됐다고 평가하고 있다.",사회/세계
"미군, 이란 군사시설 닷새째 공습… 이번엔 대낮 타격 미군이 이란 군사시설을 5일째 공습했다. 일(현지시간)에는 90분간의 공습이 진행됐다. 이번 공격으로 호르무즈 해협에서 상선을 위협할 수 있는 이란의 능력이 약화됐다.",사회/세계
"PCA 중재도 안 통했다… 中, 남중국해 인공섬 군사기지화 박차 남중국해 인공섬 군사기지화 박차. 인공섬 13㎢, 7개 암초 매립, 3대 인공섬 군사거점 구축. 군사기지에 행정·관광 기능 결합, 주변국 선박 차단.",사회/세계
"국제 유가 치솟자 다시 들썩이는 원유·해운株 이란 해군 기지 공격으로 국제 유가 치솟자, 국내 증시에서 원유·해운주가 들썩이고 있다. 국내 ETF 시장에서 TIGER 원유선물Enhanced(H)가 16.16%의 수익률로 상승률 1위를 기록했다. 이란 해군 기지 공격으로 인한 국제 유가 상승은 국내 증시의 '유가 테마'를 다시 주목받게 했다.",경제|사회/세계
"미 달러화 약세…CPI 이어 PPI까지 '물가 안도 기대감' 미 달러화 가치가 하락했다. 달러인덱스는 100.843으로 전장 마감 가격보다 0.091포인트 떨어졌다. 물가 안도 기대감이 강조되며, 연준의 단기 금리 인상 기대를 약화할 것.",경제
"이번 주 후반에 또...극한의 날씨 부추기는 통로 [자막뉴스] 이번 주 후반에 또 극한의 날씨 부추기가 통로. mm 이상의 호우가 쏟아졌고, 50mm 안팎의 강수량도 보였다. 태풍 '바비'에서 약화한 비구름이 수도권 등 중북부 지방을 강타해 극한 더위와 호우, 강풍 등 복합적인 날씨가 나타났다.",사회/세계
"‘60세’ 김성령, 과거 영상 역주행…과감한 드레스 자태 화제 (라스) 김성령이 MBC 예능 프로그램 '라디오스타'에 출연해 과거 영상 역주행을 공개했다. 월 15일 방송된 972회 특집에서 김성령은 블랙 드레스를 입은 엘레강스한 자태를 보여줬다. 김성령은 일주일에 5일 운동하고, 필라테스와 요가를 5년 이상 해왔다고 밝혔다.",문화/트렌드
[남양유업] 믹스커피 매출 15% 증가 / 자사주 220억원 소각 남양유업 믹스커피 매출 15% 증가. 년 상반기 믹스커피 매출이 전년 동기보다 약 15% 증가했다. 믹스커피 제품군 확대와 해외 주문자상표부착생산(ODM) 사업 확대로 성장하고 있다.,경제
"청정원 호밍스, '이열치열' 이색 간편식 시장 승부수 호밍스(HOME:INGS)가 '초간편 국물요리' 카드를 꺼내 들었다. 종의 신제품을 출시하여 HMR 영토 확장에 박차를 가하고 있다. 180초(3분)만 더 조리하면 요리가 완성된다. 이러한 라인업 강화를 통해 기존 대중적인 국물 메뉴 8종에 외식형 스페셜 요리 4종을 추가, 총 12종의 탄탄한 포트폴리오를 구성하게 됐다.",라이프
"위쳐3 개발진의 '더 블러드 오브 던워커', 골드행... 9월 3일 출시 이상... 위쳐3 개발진이 '더 블러드 오브 던워커' 게임을 개발 완료 했다. 골드 선언으로 9월 3일 출시를 앞두고 있다. '던워커' 코엔은 가족을 구하기 위해 싸운다.",문화/트렌드
"스타머 ""후임엔 훈수 아닌 지지""…웃음 오간 마지막 총리질의 스타머 영국 총리가 하원에서 마지막 총리질의를 열어 작별 인사를 했다. 스태머 총리는 2020년부터 제1야당 노동당 대표로서 4년간 보수당 총리 여러 명과 맞섰고, 집권 후 2년간은 케미 베이드녹 보수당 대표와 마주했다. 스타머 총리는 이날 동료 정치인들과 공무원들, 총리질의를 참관한 가족에게 감사를 표시하자.",정치
"미국, '서머타임' 상시화 추진...하원서 법안 통과 미국 하원, '서머타임' 상시화 법안 통과. 표 찬성, 117표 반대. '일광보호법안'이 상시화되면 미 동부시간 기준으로 한국과는 연중 13시간 차이가 나게 된다.",사회/세계
"쿠팡, 2분기 로비에 3억원 이상 지출…親트럼프 인사 거쳐 쿠팡이 도널드 트럼프 미국 대통령과 친분이 있는 인사의 회사에 3억원 이상을 지출해 로비한 것으로 나타났다. 만달러(약 3억7000만원)를 지급했으며, 로비 대상은 백악관 등이었다. 이 회사는 트럼프 대통령의 최측근으로 유명한 수지 와일스 백악관 비서실장과 트럼프 2기 행정부 첫 법무장관이었던 팸 본디가 과거 이 회사에 근무한 것으로 전해진다.",사회/세계
"[미국 특징주] 엔비디아 젠슨 황 ""베라 루빈 차질 없이 생산 중"" 엔비디아 젠슨 황 CEO는 차세대 AI 가속기 베라루빈 생산이 순조롭다고 밝혔다. 베라루빈은 대규모 생산 궤도에 올랐으며 출시 지연 보도는 사실이 아니라고 반박했다. 황 CEO는 아직 본격적인 출하는 시작하지 않았다.",IT/과학
"누구나 즐기는 '사회공헌형 게임'...""디지털 격차 줄인다"" 한국의 스타트업이 '사회공헌형 게임'을 개발하고 있다. 경기도가 2023년부터 3천만 원씩 제작비를 지원하고 있다. '디지털 격차 줄인다'는 경기도와 스타트업의 합작으로, 누구나 즐길 수 있는 게임 문화를 만들기 위해 추진하고 있다.",문화/트렌드
"20년 내야수 외길 인생, 왜 돌연 외야 글러브를 꺼냈나…쌍둥이 아빠의... 강승호, 20년 내야수 외길 인생을 접어 외야수로 전향. 두산 베어스 김원형 감독은 강승호의 외야수 변신 소식을 전했다. 강승호는 외야수 데뷔전을 앞두고 새로운 도전을 준비하고 있다.",문화/트렌드
"'김부장' 소지섭, 수면 가스 살포에 윤경호 손절…7회 선공개 '김부장' 7회 선공개, 소지섭과 최대훈이 일촉즉발의 상황 속에서 윤경호를 쿨하게 손절하는 모습으로 큰 웃음을 예고했다. 일 공개된 SBS 드라마 '김부장' 7회 선공개 영상에서는 대형 트럭 안에 차량째로 갇힌 김부장, 성한수, 박진철의 긴박하면서도 코믹한 소동극이 그려졌다. '김부장'은 겁에 질린 딸 민지를 위로하며.",문화/트렌드
"'내란 가담 의혹' 심우정 전 검찰총장 오늘 구속 갈림길 심우정 전 검찰총장이 구속 심사를 받는 사건이 발생했다. 구속영장에는 내란 중요임무종사와 직권남용 권리행사방해 혐의가 적시됐다. 특검은 박성재 지시 의심과 더불어, 윤석열 전 대통령의 구속 취소 결정에 대한 즉시항고 포기를 지휘한 혐의도 적용됐다.",정치
"'가왕쇼' 전유진·박서진·홍지윤, 팀 결성…센터는 누구? '가왕쇼'의 새로운 팀 결성, 전유진, 박서진, 홍지윤이 함께 활동하게 된다. 일 티빙에서 공개되는 예능 프로그램 '가왕쇼'의 첫 티저 영상을 선보였다. '가왕쇼'는 세 명의 가왕이 자존심을 걸고 펼치는 경쟁과 이들이 만들어내는 팀워크를 다룬다.",문화/트렌드
"트럼프, 내일 대국민 연설...""빅 뉴스"" 나올까? 트럼프 대통령이 내일 대국민 연설을 예고해 전쟁 관련 언급 주목... 일 오전 11월 선거 전 '세이브 아메리카 법안' 강조 전망. 트럼프 대통령은 이란 전쟁에서 미국의 성과 자화자찬할 가능성이 커 보입니다.",사회/세계
"[미국 특징주] 메타의 주가 급반등은 투자자들이 AI 계획 지지한다는 신... 메타의 주가 급반등은 투자자들이 AI 계획 지지한다는 신호. 메타 주가는 7월 들어 17% 상승하며 S&P 500 지수 내 세 번째로 좋은 성과를 기록하고 있다. 투자자들은 메타의 AI 계획을 믿고 있으며, 향후 2분기 실적과 업데이트에 기대가 커졌다.",IT/과학|경제
"""페덱, 카우보이 모자 쓰고 밥 먹어"" 놀라운 증언…원태인에게 ""야구 알... 삼성 라이온즈가 크리스 페덱을 영입하여 2026시즌 후반기 새 외국인 투수를 맞게 되었다. 페덱은 47만3333달러에 계약하여 17경기 83⅓이닝에서 5승5패 평균자책점 4.86을 남겼다. 페덱은 카우보이 모자를 쓰고 다니는 것으로 알려졌으며, 삼성 라이온즈의 원태인 감독과 함께 한국 야구를 배울 계획이다.",문화/트렌드
"TSMC, AI 매출 36% 상승...사상 최고치 찍고 주가는 '하락' TSMC의 AI 반도체 매출이 36% 상승해 사상 최고치를 찍었다. 억 2,000만달러의 2분기 잠정 매출을 기록했으며 전년 동기보다 36% 증가했다. AI 반도체 수요가 강한데다 첨단 패키징 'CoWoS' 매출도 성장세를 뒷받침해 TSMC의 2026년 매출이 30% 넘게 성장할 것으로 전망된다.",경제|IT/과학
최태원 대담· 이세돌 강연… 경제단체 제주포럼 달군 AI 열기 대한상의 회장 최태원과 한경협이 제주포럼을 개최하여 AI 시대의 성장 해법을 모색했다. 여명이 참석한 포럼에는 최태원 회장이 개회사를 시작으로 조정식 국회의장의 축사와 환영 만찬이 진행됐다. 포럼 기간 AI 시대 경쟁력을 다각도로 조명하는 전문가 강연이 이어질 예정이다.,IT/과학
"[사설] 삼전닉스 레버리지 ETF 혼란, 서둘러 대책 내놓아야 삼전닉스 레버리지 ETF가 최근 증시의 극심한 변동성을 가져왔다. 이번 5월 말 출시된 삼성전자·하이닉스 단일종목 레버리지 ETF는 지난 1월 13일 김용범 청와대 정책실장이 자산운용사 대표 등과 가진 비공식 간담회에서 다뤄졌다. 정부는 증시 안정화에 초점을 맞추고 보완대책 마련에 전력을 다해야 한다.",경제
"유네스코 세계유산위 “日사도광산 전체 역사 충분히 알려야” 유네스코 세계유산위원회가 일본 정부에 사도광산의 전체 역사 알리는 노력을 촉구했다. 일본이 2024년 7월 사도광산을 세계유산으로 등재할 당시 강제 노동 등의 역사를 전시물 등에 포함하기로 했으나 미흡한 평가다. 유네스코 세계유산위원회는 일본 정부가 관계국과 긴밀히 협의해 현장 차원에서 해당 유산의 해석·전시 전략 및 시설을 개선하고, 광산 개발의 모든 시기를 아우르는 전체 역사를 현장 차원에서 포괄적으로 다룰 수 있도록 할 것을 권고한다.",라이프
"美, '트럼프 얼굴' 새긴 1달러 주화 주조 착수 미국 재무부 장관 스콧 베선트가 트럼프 대통령의 얼굴이 새긴 1달러 기념주화를 공개했다. 트럼프 대통령의 얼굴이 들어간 주화 한쪽 면에는 '우리는 신을 믿는다'와 '자유 1776~2026'라는 문구가 새겨졌다. 트럼프 행정부는 트럼프 대통령의 초상을 넣은 주화를 통해 생존 인물의 초상 금지 조항을 피할 수 있다고 주장하지만, 위법성 논란이 계속되고 있다.",사회/세계
"왜 민주당은 집권만 하면 개혁에 느림보가 되나? 민주당이 집권하면 개혁에 느림보가 되는 이유는, 내란청산은 말할 것도 없이 아직 시작도 못한 개혁과제가 많다. 미 의회가 일개 기업을 대변하는 것 같아, 미국이 그토록 자랑하는 법치국가인가. 촛불행동의 청년단원들은 행진 때 작은북(스네어 북)을 메고 구호와 노래를 따라 북을 치며 행진열기를 끌어 올렸다.",정치
"'애국 테마'로 주가 뜬 모나미·에넥스…반짝 급등 넘을까 '애국 테마'로 주가 뜬 모나미·에넥스…반짝 급등 넘을까. 모나미 일주일 새 102%↑, 에넥스는 이틀 연속 상한가 경영 호재 없는 테마성 급등. '애국 매수' 움직임 속 모나미·에넥스가 나란히 상한가를 기록하며 주가를 끌어올린 것으로 풀이된다.",경제
‘초고가 주택’ 30억원 기준이면 전국 5만채 이재명 대통령이 '초고가 주택'의 기준선으로 시세 50억원을 제시했다. 시세 30억원 초과 공동주택은 올해 총 5만869가구 중 서울이 5만519가구로 99%를 차지한다. 정부는 세제 개편안에 초고가 주택의 보유세를 높이는 방안을 고려하고 있다.,경제
호르무즈발 유가 쇼크의 반전…10% 폭등 거품 걷히니 '수요 절벽' 호르무즈 해협의 긴장 고조로 국제 유가가 단기적인 변동성을 키우고 있다. 미국과 이란 간의 재충돌로 촉발된 ‘지정학적 리스크 프리미엄’이 전면에 반영된 결과라는 분석이 지배적이다. 15일 영국 ICE선물거래소에서 9월 인도분 브렌트유 선물은 배럴당 83달러선으로 전장 대비 1% 이상 하락했다. 원유 시장의 구조적 펀더멘털은 여전히 ‘공급 과잉’을 가리키고 있다. OPEC+ 산유량은 하루 평균 3628만배럴로 5월보다 약 300만배럴 늘었다.,경제|사회/세계
